2026-04-10 01:08:21,765 - DEBUG - process start
2026-04-10 01:08:21,765 - DEBUG - login
2026-04-10 01:08:21,765 - DEBUG - request token
2026-04-10 01:08:22,685 - DEBUG - request token result
2026-04-10 01:08:22,686 - DEBUG - get auth expire datetime
2026-04-10 01:08:23,474 - DEBUG - get auth expire datetime result
2026-04-10 01:08:23,474 - DEBUG - request md url
2026-04-10 01:08:24,446 - DEBUG - request md url result
2026-04-10 01:08:31,463 - DEBUG - websocket connected
2026-04-10 01:08:31,464 - DEBUG - websocket send data
2026-04-10 01:08:31,464 - DEBUG - websocket received data
2026-04-10 01:08:31,465 - DEBUG - websocket send data
2026-04-10 01:08:31,696 - DEBUG - websocket received data
2026-04-10 01:08:31,697 - DEBUG - websocket send data
2026-04-10 01:08:31,926 - DEBUG - websocket received data
2026-04-10 01:08:31,956 - DEBUG - websocket send data
2026-04-10 01:08:32,021 - DEBUG - websocket send data
2026-04-10 01:08:32,252 - DEBUG - websocket received data
2026-04-10 01:08:32,253 - DEBUG - websocket send data
2026-04-10 01:08:32,254 - DEBUG - websocket send data
2026-04-10 01:08:32,259 - DEBUG - websocket send data
2026-04-10 01:08:32,488 - DEBUG - websocket received data
2026-04-10 01:08:32,489 - DEBUG - websocket send data
2026-04-10 01:08:32,720 - DEBUG - websocket received data
2026-04-10 01:08:32,722 - DEBUG - websocket send data
2026-04-10 01:08:32,722 - DEBUG - websocket send data
2026-04-10 01:08:32,954 - DEBUG - websocket received data
2026-04-10 01:08:32,954 - DEBUG - websocket send data
2026-04-10 01:08:33,704 - DEBUG - websocket received data
2026-04-10 01:08:33,773 - DEBUG - websocket send data
2026-04-10 01:08:34,161 - DEBUG - websocket received data
2026-04-10 01:08:34,222 - DEBUG - websocket send data
2026-04-10 01:08:34,588 - DEBUG - websocket received data
2026-04-10 01:08:34,778 - DEBUG - websocket send data
2026-04-10 01:08:35,058 - DEBUG - websocket received data
2026-04-10 01:08:35,073 - DEBUG - websocket send data
2026-04-10 01:08:35,073 - DEBUG - websocket send data
2026-04-10 01:08:35,073 - DEBUG - websocket send data
2026-04-10 01:08:35,434 - DEBUG - websocket received data
2026-04-10 01:08:35,474 - DEBUG - websocket send data
2026-04-10 01:08:35,836 - DEBUG - websocket received data
2026-04-10 01:08:35,876 - DEBUG - websocket send data
2026-04-10 01:08:36,242 - DEBUG - websocket received data
2026-04-10 01:08:36,454 - DEBUG - websocket send data
2026-04-10 01:08:36,815 - DEBUG - websocket received data
2026-04-10 01:08:36,857 - DEBUG - websocket send data
2026-04-10 01:08:37,207 - DEBUG - websocket received data
2026-04-10 01:08:37,248 - DEBUG - websocket send data
2026-04-10 01:08:37,545 - DEBUG - websocket received data
2026-04-10 01:08:38,175 - DEBUG - websocket send data
2026-04-10 01:08:38,176 - DEBUG - websocket send data
2026-04-10 01:08:38,176 - DEBUG - websocket send data
2026-04-10 01:08:38,532 - DEBUG - websocket received data
2026-04-10 01:08:38,835 - DEBUG - websocket send data
2026-04-10 01:08:39,194 - DEBUG - websocket received data
2026-04-10 01:08:39,235 - DEBUG - websocket send data
2026-04-10 01:08:39,597 - DEBUG - websocket received data
2026-04-10 01:08:39,638 - DEBUG - websocket send data
2026-04-10 01:08:40,002 - DEBUG - websocket received data
2026-04-10 01:08:40,046 - DEBUG - websocket send data
2026-04-10 01:08:40,334 - DEBUG - websocket received data
2026-04-10 01:08:40,353 - DEBUG - websocket send data
2026-04-10 01:08:40,370 - DEBUG - websocket send data
2026-04-10 01:08:41,800 - DEBUG - websocket send data
2026-04-10 01:08:41,800 - DEBUG - websocket received data
2026-04-10 01:08:41,801 - DEBUG - websocket send data
2026-04-10 01:08:42,318 - DEBUG - websocket received data
2026-04-10 01:08:42,318 - DEBUG - websocket send data
2026-04-10 01:08:42,984 - DEBUG - websocket received data
2026-04-10 01:08:43,008 - DEBUG - websocket send data
2026-04-10 01:08:43,009 - DEBUG - websocket send data
2026-04-10 01:08:43,336 - DEBUG - websocket received data
2026-04-10 01:08:43,363 - DEBUG - websocket send data
2026-04-10 01:08:43,364 - DEBUG - websocket send data
2026-04-10 01:08:43,414 - DEBUG - websocket send data
2026-04-10 01:08:43,597 - DEBUG - websocket received data
2026-04-10 01:08:43,598 - DEBUG - websocket send data
2026-04-10 01:08:43,828 - DEBUG - websocket received data
2026-04-10 01:08:43,829 - DEBUG - websocket send data
2026-04-10 01:08:43,829 - DEBUG - websocket send data
2026-04-10 01:08:43,832 - DEBUG - websocket send data
2026-04-10 01:08:44,063 - DEBUG - websocket received data
2026-04-10 01:08:44,063 - DEBUG - websocket send data
2026-04-10 01:08:44,293 - DEBUG - websocket received data
2026-04-10 01:08:44,294 - DEBUG - websocket send data
2026-04-10 01:08:44,530 - DEBUG - websocket received data
2026-04-10 01:08:44,530 - DEBUG - websocket send data
2026-04-10 01:08:44,531 - DEBUG - websocket send data
2026-04-10 01:08:44,865 - DEBUG - websocket received data
2026-04-10 01:08:44,914 - DEBUG - websocket send data
2026-04-10 01:08:44,914 - DEBUG - websocket send data
2026-04-10 01:08:44,917 - INFO - 开始回测：KQ.m@CFFEX.IC（中证500期货主连） vs SSE.000905（中证500指数）
2026-04-10 01:08:45,011 - INFO - 2018-01-01 16:00:00-持仓: 0，浮动盈亏: nan, 合约：CFFEX.IC1801， 剩余天数: 18
2026-04-10 01:08:45,147 - DEBUG - websocket received data
2026-04-10 01:08:45,148 - DEBUG - websocket send data
2026-04-10 01:08:45,573 - INFO - 2018-01-02 16:00:00-持仓: 0，浮动盈亏: nan, 合约：CFFEX.IC1801， 剩余天数: 17
2026-04-10 01:08:46,183 - INFO - 2018-01-03 16:00:00-持仓: 0，浮动盈亏: nan, 合约：CFFEX.IC1801， 剩余天数: 16
2026-04-10 01:08:46,776 - INFO - 2018-01-04 16:00:00-持仓: 0，浮动盈亏: nan, 合约：CFFEX.IC1801， 剩余天数: 15
2026-04-10 01:08:47,219 - INFO - 2018-01-07 16:00:00-持仓: 0，浮动盈亏: nan, 合约：CFFEX.IC1801， 剩余天数: 14
2026-04-10 01:08:47,577 - INFO - 2018-01-08 16:00:00-持仓: 0，浮动盈亏: nan, 合约：CFFEX.IC1801， 剩余天数: 11
2026-04-10 01:08:47,938 - INFO - 2018-01-09 16:00:00-持仓: 0，浮动盈亏: nan, 合约：CFFEX.IC1801， 剩余天数: 10
2026-04-10 01:08:48,307 - INFO - 2018-01-10 16:00:00-持仓: 0，浮动盈亏: nan, 合约：CFFEX.IC1801， 剩余天数: 9
2026-04-10 01:08:48,661 - INFO - 2018-01-11 16:00:00-持仓: 0，浮动盈亏: nan, 合约：CFFEX.IC1801， 剩余天数: 8
2026-04-10 01:08:49,038 - INFO - 2018-01-14 16:00:00-持仓: 0，浮动盈亏: nan, 合约：CFFEX.IC1801， 剩余天数: 7
2026-04-10 01:08:49,390 - INFO - 2018-01-15 16:00:00-持仓: 0，浮动盈亏: nan, 合约：CFFEX.IC1801， 剩余天数: 4
2026-04-10 01:08:49,742 - INFO - 2018-01-16 16:00:00-持仓: 0，浮动盈亏: nan, 合约：CFFEX.IC1801， 剩余天数: 3
2026-04-10 01:08:50,116 - INFO - 2018-01-17 16:00:00-持仓: 0，浮动盈亏: nan, 合约：CFFEX.IC1801， 剩余天数: 2
2026-04-10 01:08:50,465 - INFO - 2018-01-18 16:00:00-持仓: 0，浮动盈亏: nan, 合约：CFFEX.IC1801， 剩余天数: 1
2026-04-10 01:08:51,080 - DEBUG - websocket send data
2026-04-10 01:08:51,080 - DEBUG - websocket send data
2026-04-10 01:08:51,104 - INFO - 【主力切换】CFFEX.IC1801 → CFFEX.IC1802  | 时间: 2018-01-19 18:00:00.000000
2026-04-10 01:08:51,109 - DEBUG - websocket send data
2026-04-10 01:08:51,313 - DEBUG - websocket received data
2026-04-10 01:08:51,314 - DEBUG - websocket send data
2026-04-10 01:08:51,770 - DEBUG - websocket received data
2026-04-10 01:08:51,770 - DEBUG - websocket send data
2026-04-10 01:08:51,992 - DEBUG - websocket received data
2026-04-10 01:08:51,993 - DEBUG - websocket send data
2026-04-10 01:08:51,993 - DEBUG - websocket send data
2026-04-10 01:08:52,227 - DEBUG - websocket received data
2026-04-10 01:08:52,227 - DEBUG - websocket send data
2026-04-10 01:08:52,228 - DEBUG - websocket send data
2026-04-10 01:08:52,459 - DEBUG - websocket received data
2026-04-10 01:08:52,460 - DEBUG - websocket send data
2026-04-10 01:08:52,460 - DEBUG - websocket send data
2026-04-10 01:08:52,697 - DEBUG - websocket received data
2026-04-10 01:08:52,697 - DEBUG - websocket send data
2026-04-10 01:08:53,034 - DEBUG - websocket received data
2026-04-10 01:08:53,077 - DEBUG - websocket send data
2026-04-10 01:08:53,583 - DEBUG - websocket received data
2026-04-10 01:08:53,745 - DEBUG - websocket send data
2026-04-10 01:08:53,746 - DEBUG - websocket send data
2026-04-10 01:08:54,107 - DEBUG - websocket received data
2026-04-10 01:08:54,145 - DEBUG - websocket send data
2026-04-10 01:08:54,431 - DEBUG - websocket received data
2026-04-10 01:08:54,453 - DEBUG - websocket send data
2026-04-10 01:08:54,459 - DEBUG - websocket send data
2026-04-10 01:08:54,897 - INFO - 2018-01-21 16:00:00-持仓: 0，浮动盈亏: nan, 合约：CFFEX.IC1802， 剩余天数: 34
2026-04-10 01:08:54,904 - DEBUG - websocket received data
2026-04-10 01:08:54,905 - DEBUG - websocket send data
2026-04-10 01:08:55,307 - INFO - 2018-01-22 16:00:00-持仓: 0，浮动盈亏: nan, 合约：CFFEX.IC1802， 剩余天数: 31
2026-04-10 01:08:55,676 - INFO - 2018-01-23 16:00:00-持仓: 0，浮动盈亏: nan, 合约：CFFEX.IC1802， 剩余天数: 30
2026-04-10 01:08:56,079 - INFO - 2018-01-24 16:00:00-持仓: 0，浮动盈亏: nan, 合约：CFFEX.IC1802， 剩余天数: 29
2026-04-10 01:08:56,442 - INFO - 2018-01-25 16:00:00-持仓: 0，浮动盈亏: nan, 合约：CFFEX.IC1802， 剩余天数: 28
2026-04-10 01:08:56,808 - INFO - 2018-01-28 16:00:00-持仓: 0，浮动盈亏: nan, 合约：CFFEX.IC1802， 剩余天数: 27
2026-04-10 01:08:57,330 - INFO - 2018-01-29 16:00:00-持仓: 0，浮动盈亏: nan, 合约：CFFEX.IC1802， 剩余天数: 24
2026-04-10 01:08:58,440 - INFO - 2018-01-30 16:00:00-持仓: 0，浮动盈亏: nan, 合约：CFFEX.IC1802， 剩余天数: 23
2026-04-10 01:08:59,000 - INFO - 2018-01-31 16:00:00-持仓: 0，浮动盈亏: nan, 合约：CFFEX.IC1802， 剩余天数: 22
2026-04-10 01:08:59,598 - INFO - 2018-02-01 16:00:00-持仓: 0，浮动盈亏: nan, 合约：CFFEX.IC1802， 剩余天数: 21
2026-04-10 01:09:00,146 - INFO - 2018-02-04 16:00:00-持仓: 0，浮动盈亏: nan, 合约：CFFEX.IC1802， 剩余天数: 20
2026-04-10 01:09:00,518 - INFO - 2018-02-05 16:00:00-持仓: 0，浮动盈亏: nan, 合约：CFFEX.IC1802， 剩余天数: 17
2026-04-10 01:09:00,879 - INFO - 2018-02-06 16:00:00-持仓: 0，浮动盈亏: nan, 合约：CFFEX.IC1802， 剩余天数: 16
2026-04-10 01:09:01,255 - INFO - 2018-02-07 16:00:00-持仓: 0，浮动盈亏: nan, 合约：CFFEX.IC1802， 剩余天数: 15
2026-04-10 01:09:01,635 - INFO - 2018-02-08 16:00:00-持仓: 0，浮动盈亏: nan, 合约：CFFEX.IC1802， 剩余天数: 14
2026-04-10 01:09:02,013 - INFO - 2018-02-11 16:00:00-持仓: 0，浮动盈亏: nan, 合约：CFFEX.IC1802， 剩余天数: 13
2026-04-10 01:09:02,386 - INFO - 2018-02-12 16:00:00-持仓: 0，浮动盈亏: nan, 合约：CFFEX.IC1802， 剩余天数: 10
2026-04-10 01:09:02,764 - INFO - 2018-02-13 16:00:00-持仓: 0，浮动盈亏: nan, 合约：CFFEX.IC1802， 剩余天数: 9
2026-04-10 01:09:03,150 - INFO - 【主力切换】CFFEX.IC1802 → CFFEX.IC1803  | 时间: 2018-02-21 18:00:00.000000
2026-04-10 01:09:03,156 - DEBUG - websocket send data
2026-04-10 01:09:03,391 - DEBUG - websocket received data
2026-04-10 01:09:03,391 - DEBUG - websocket send data
2026-04-10 01:09:03,392 - DEBUG - websocket send data
2026-04-10 01:09:03,622 - DEBUG - websocket received data
2026-04-10 01:09:03,623 - DEBUG - websocket send data
2026-04-10 01:09:03,623 - DEBUG - websocket send data
2026-04-10 01:09:03,851 - DEBUG - websocket received data
2026-04-10 01:09:03,852 - DEBUG - websocket send data
2026-04-10 01:09:03,852 - DEBUG - websocket send data
2026-04-10 01:09:04,107 - DEBUG - websocket received data
2026-04-10 01:09:04,108 - DEBUG - websocket send data
2026-04-10 01:09:04,476 - DEBUG - websocket received data
2026-04-10 01:09:04,522 - DEBUG - websocket send data
2026-04-10 01:09:04,857 - DEBUG - websocket received data
2026-04-10 01:09:04,897 - DEBUG - websocket send data
2026-04-10 01:09:05,228 - DEBUG - websocket received data
2026-04-10 01:09:05,270 - DEBUG - websocket send data
2026-04-10 01:09:05,521 - DEBUG - websocket received data
2026-04-10 01:09:05,774 - DEBUG - websocket send data
2026-04-10 01:09:05,774 - DEBUG - websocket send data
2026-04-10 01:09:06,129 - DEBUG - websocket received data
2026-04-10 01:09:06,577 - DEBUG - websocket send data
2026-04-10 01:09:06,850 - DEBUG - websocket received data
2026-04-10 01:09:06,866 - DEBUG - websocket send data
2026-04-10 01:09:06,876 - DEBUG - websocket send data
2026-04-10 01:09:07,706 - INFO - 2018-02-21 16:00:00-持仓: 0，浮动盈亏: nan, 合约：CFFEX.IC1803， 剩余天数: 23
2026-04-10 01:09:07,814 - DEBUG - websocket received data
2026-04-10 01:09:07,814 - DEBUG - websocket send data
2026-04-10 01:09:08,144 - DEBUG - websocket send data
2026-04-10 01:09:08,145 - DEBUG - websocket send data
2026-04-10 01:09:08,181 - INFO - 2018-02-22 16:00:00-持仓: 0，浮动盈亏: nan, 合约：CFFEX.IC1803， 剩余天数: 22
2026-04-10 01:09:08,490 - DEBUG - websocket received data
2026-04-10 01:09:08,490 - DEBUG - websocket send data
2026-04-10 01:09:08,549 - INFO - 2018-02-25 16:00:00-持仓: 0，浮动盈亏: nan, 合约：CFFEX.IC1803， 剩余天数: 21
2026-04-10 01:09:08,723 - DEBUG - websocket received data
2026-04-10 01:09:08,723 - DEBUG - websocket send data
2026-04-10 01:09:08,940 - INFO - 2018-02-26 16:00:00-持仓: 0，浮动盈亏: nan, 合约：CFFEX.IC1803， 剩余天数: 18
2026-04-10 01:09:09,312 - INFO - 2018-02-27 16:00:00-持仓: 0，浮动盈亏: nan, 合约：CFFEX.IC1803， 剩余天数: 17
2026-04-10 01:09:09,692 - INFO - 🚨【贴水报警】合约: CFFEX.IC1803 时间: 2018-02-28 16:00:00 | 期货收盘: 5958.00 | 指数收盘: 5987.36 | 年化贴水: 11.19 (分位: 77.6%) | 动态阈值: 10.64 | 指数SMA(20): 5946.83
2026-04-10 01:09:09,692 - INFO - ✅ 已下达【买入 1 手】指令，等待成交...
    INFO - 模拟交易下单 bigo, PYSDK_target_b30db3f6966ba850a9f7939c2e87300e: 时间: 2018-03-01 09:30:00.000000, 合约: CFFEX.IC1803, 开平: OPEN, 方向: BUY, 手数: 1, 价格: 5958.0
2026-04-10 01:09:09,695 - DEBUG - insert order
    INFO - 模拟交易委托单 bigo, PYSDK_target_b30db3f6966ba850a9f7939c2e87300e: 全部成交
2026-04-10 01:09:09,695 - DEBUG - insert order
2026-04-10 01:09:09,696 - INFO - --- 交易成功通知 ---
2026-04-10 01:09:09,696 - INFO - Trade时间:2018-03-01 01:30:00.000000, 价格:5958.0, 数量:1, 买卖方向:BUY
2026-04-10 01:09:09,696 - INFO - 目标持仓已达成，查询结束。
2026-04-10 01:09:11,277 - INFO - 💰【止盈平仓】合约: CFFEX.IC1803 达到止盈条件 (修复率: 54.36%)，触发平仓。
    INFO - 模拟交易下单 bigo, PYSDK_target_1b44339e24e4d43c4dfa460866e092fb: 时间: 2018-03-05 09:30:00.000000, 合约: CFFEX.IC1803, 开平: CLOSE, 方向: SELL, 手数: 1, 价格: 6050.0
2026-04-10 01:09:11,280 - DEBUG - insert order
    INFO - 模拟交易委托单 bigo, PYSDK_target_1b44339e24e4d43c4dfa460866e092fb: 全部成交
2026-04-10 01:09:11,281 - DEBUG - insert order
2026-04-10 01:09:11,282 - INFO - --- 交易成功通知 ---
2026-04-10 01:09:11,282 - INFO - Trade时间:2018-03-05 01:30:00.000000, 价格:6050.0, 数量:1, 买卖方向:SELL
2026-04-10 01:09:12,142 - INFO - 🔍【贴水监控】2018-03-05 16:00:00 当前年化贴水 21.17% 处于历史极高分位: 95.0%
2026-04-10 01:09:12,144 - INFO - 2018-03-05 16:00:00-持仓: 0，浮动盈亏: 0.0, 合约：CFFEX.IC1803， 剩余天数: 11
2026-04-10 01:09:13,054 - INFO - 🔍【贴水监控】2018-03-06 16:00:00 当前年化贴水 23.18% 处于历史极高分位: 95.8%
2026-04-10 01:09:13,056 - INFO - 2018-03-06 16:00:00-持仓: 0，浮动盈亏: 0.0, 合约：CFFEX.IC1803， 剩余天数: 10
2026-04-10 01:09:13,533 - DEBUG - websocket send data
2026-04-10 01:09:13,738 - INFO - 🔍【贴水监控】2018-03-07 16:00:00 当前年化贴水 18.34% 处于历史极高分位: 92.2%
2026-04-10 01:09:13,738 - INFO - 2018-03-07 16:00:00-持仓: 0，浮动盈亏: 0.0, 合约：CFFEX.IC1803， 剩余天数: 9
2026-04-10 01:09:14,312 - INFO - 2018-03-08 16:00:00-持仓: 0，浮动盈亏: 0.0, 合约：CFFEX.IC1803， 剩余天数: 8
2026-04-10 01:09:14,333 - DEBUG - websocket received data
2026-04-10 01:09:14,375 - DEBUG - websocket send data
2026-04-10 01:09:14,730 - DEBUG - websocket received data
2026-04-10 01:09:14,771 - DEBUG - websocket send data
2026-04-10 01:09:14,974 - INFO - 2018-03-11 16:00:00-持仓: 0，浮动盈亏: 0.0, 合约：CFFEX.IC1803， 剩余天数: 7
2026-04-10 01:09:15,126 - DEBUG - websocket received data
2026-04-10 01:09:15,166 - DEBUG - websocket send data
2026-04-10 01:09:15,436 - DEBUG - websocket received data
2026-04-10 01:09:15,450 - DEBUG - websocket send data
2026-04-10 01:09:15,610 - INFO - 🔍【贴水监控】2018-03-12 16:00:00 当前年化贴水 22.65% 处于历史极高分位: 95.8%
2026-04-10 01:09:15,611 - INFO - 2018-03-12 16:00:00-持仓: 0，浮动盈亏: 0.0, 合约：CFFEX.IC1803， 剩余天数: 4
2026-04-10 01:09:16,170 - INFO - 2018-03-13 16:00:00-持仓: 0，浮动盈亏: 0.0, 合约：CFFEX.IC1803， 剩余天数: 3
2026-04-10 01:09:16,708 - INFO - 🔍【贴水监控】2018-03-14 16:00:00 当前年化贴水 30.30% 处于历史极高分位: 97.6%
2026-04-10 01:09:16,709 - INFO - 2018-03-14 16:00:00-持仓: 0，浮动盈亏: 0.0, 合约：CFFEX.IC1803， 剩余天数: 2
2026-04-10 01:09:17,275 - INFO - 2018-03-15 16:00:00-持仓: 0，浮动盈亏: 0.0, 合约：CFFEX.IC1803， 剩余天数: 1
2026-04-10 01:09:17,775 - DEBUG - websocket send data
2026-04-10 01:09:17,775 - DEBUG - websocket send data
2026-04-10 01:09:17,799 - INFO - 【主力切换】CFFEX.IC1803 → CFFEX.IC1804  | 时间: 2018-03-16 18:00:00.000000
2026-04-10 01:09:17,805 - DEBUG - websocket send data
2026-04-10 01:09:18,007 - DEBUG - websocket received data
2026-04-10 01:09:18,008 - DEBUG - websocket send data
2026-04-10 01:09:18,237 - DEBUG - websocket received data
2026-04-10 01:09:18,238 - DEBUG - websocket send data
2026-04-10 01:09:18,239 - DEBUG - websocket send data
2026-04-10 01:09:18,465 - DEBUG - websocket received data
2026-04-10 01:09:18,466 - DEBUG - websocket send data
2026-04-10 01:09:18,696 - DEBUG - websocket received data
2026-04-10 01:09:18,696 - DEBUG - websocket send data
2026-04-10 01:09:18,697 - DEBUG - websocket send data
2026-04-10 01:09:18,929 - DEBUG - websocket received data
2026-04-10 01:09:18,930 - DEBUG - websocket send data
2026-04-10 01:09:18,930 - DEBUG - websocket send data
2026-04-10 01:09:19,158 - DEBUG - websocket received data
2026-04-10 01:09:19,159 - DEBUG - websocket send data
2026-04-10 01:09:19,497 - DEBUG - websocket received data
2026-04-10 01:09:19,536 - DEBUG - websocket send data
2026-04-10 01:09:19,785 - DEBUG - websocket received data
2026-04-10 01:09:20,336 - DEBUG - websocket send data
2026-04-10 01:09:20,336 - DEBUG - websocket send data
2026-04-10 01:09:20,694 - DEBUG - websocket received data
2026-04-10 01:09:20,735 - DEBUG - websocket send data
2026-04-10 01:09:21,070 - DEBUG - websocket received data
2026-04-10 01:09:21,103 - DEBUG - websocket send data
2026-04-10 01:09:21,108 - DEBUG - websocket send data
2026-04-10 01:09:21,422 - INFO - 2018-03-18 16:00:00-持仓: 0，浮动盈亏: nan, 合约：CFFEX.IC1804， 剩余天数: 35
2026-04-10 01:09:21,428 - DEBUG - websocket received data
2026-04-10 01:09:21,429 - DEBUG - websocket send data
2026-04-10 01:09:21,822 - INFO - 🚨【贴水报警】合约: CFFEX.IC1804 时间: 2018-03-19 16:00:00 | 期货收盘: 6050.00 | 指数收盘: 6109.61 | 年化贴水: 11.13 (分位: 77.2%) | 动态阈值: 10.64 | 指数SMA(20): 6085.12
2026-04-10 01:09:21,822 - INFO - ✅ 已下达【买入 1 手】指令，等待成交...
    INFO - 模拟交易下单 bigo, PYSDK_target_6a89bdc5326ed41e5a6d91b1a83d2f99: 时间: 2018-03-20 09:30:00.000000, 合约: CFFEX.IC1804, 开平: OPEN, 方向: BUY, 手数: 1, 价格: 6050.2
2026-04-10 01:09:21,825 - DEBUG - insert order
    INFO - 模拟交易委托单 bigo, PYSDK_target_6a89bdc5326ed41e5a6d91b1a83d2f99: 全部成交
2026-04-10 01:09:21,825 - DEBUG - insert order
2026-04-10 01:09:21,825 - INFO - --- 交易成功通知 ---
2026-04-10 01:09:21,826 - INFO - Trade时间:2018-03-20 01:30:00.000000, 价格:6050.2, 数量:1, 买卖方向:BUY
2026-04-10 01:09:21,826 - INFO - 目标持仓已达成，查询结束。
2026-04-10 01:09:28,256 - INFO - 💰【止盈平仓】合约: CFFEX.IC1804 达到止盈条件 (修复率: 104.51%)，触发平仓。
    INFO - 模拟交易下单 bigo, PYSDK_target_c12e398f0fab816fc0f0d381ab495747: 时间: 2018-04-02 09:30:00.000000, 合约: CFFEX.IC1804, 开平: CLOSE, 方向: SELL, 手数: 1, 价格: 6129.6
2026-04-10 01:09:28,259 - DEBUG - insert order
    INFO - 模拟交易委托单 bigo, PYSDK_target_c12e398f0fab816fc0f0d381ab495747: 全部成交
2026-04-10 01:09:28,259 - DEBUG - insert order
2026-04-10 01:09:28,260 - INFO - --- 交易成功通知 ---
2026-04-10 01:09:28,260 - INFO - Trade时间:2018-04-02 01:30:00.000000, 价格:6129.6, 数量:1, 买卖方向:SELL
2026-04-10 01:09:28,828 - INFO - 2018-04-02 16:00:00-持仓: 0，浮动盈亏: 0.0, 合约：CFFEX.IC1804， 剩余天数: 18
2026-04-10 01:09:29,387 - INFO - 2018-04-03 16:00:00-持仓: 0，浮动盈亏: 0.0, 合约：CFFEX.IC1804， 剩余天数: 17
2026-04-10 01:09:29,969 - INFO - 2018-04-08 16:00:00-持仓: 0，浮动盈亏: 0.0, 合约：CFFEX.IC1804， 剩余天数: 14
2026-04-10 01:09:30,609 - INFO - 🔍【贴水监控】2018-04-09 16:00:00 当前年化贴水 17.87% 处于历史极高分位: 91.8%
2026-04-10 01:09:30,610 - INFO - 2018-04-09 16:00:00-持仓: 0，浮动盈亏: 0.0, 合约：CFFEX.IC1804， 剩余天数: 11
2026-04-10 01:09:31,199 - INFO - 2018-04-10 16:00:00-持仓: 0，浮动盈亏: 0.0, 合约：CFFEX.IC1804， 剩余天数: 10
2026-04-10 01:09:31,770 - INFO - 2018-04-11 16:00:00-持仓: 0，浮动盈亏: 0.0, 合约：CFFEX.IC1804， 剩余天数: 9
2026-04-10 01:09:32,346 - INFO - 2018-04-12 16:00:00-持仓: 0，浮动盈亏: 0.0, 合约：CFFEX.IC1804， 剩余天数: 8
2026-04-10 01:09:32,917 - INFO - 2018-04-15 16:00:00-持仓: 0，浮动盈亏: 0.0, 合约：CFFEX.IC1804， 剩余天数: 7
2026-04-10 01:09:33,497 - INFO - 🔍【贴水监控】2018-04-16 16:00:00 当前年化贴水 23.86% 处于历史极高分位: 96.0%
2026-04-10 01:09:33,498 - INFO - 2018-04-16 16:00:00-持仓: 0，浮动盈亏: 0.0, 合约：CFFEX.IC1804， 剩余天数: 4
2026-04-10 01:09:34,065 - INFO - 2018-04-17 16:00:00-持仓: 0，浮动盈亏: 0.0, 合约：CFFEX.IC1804， 剩余天数: 3
2026-04-10 01:09:34,614 - INFO - 2018-04-18 16:00:00-持仓: 0，浮动盈亏: 0.0, 合约：CFFEX.IC1804， 剩余天数: 2
2026-04-10 01:09:35,187 - INFO - 2018-04-19 16:00:00-持仓: 0，浮动盈亏: 0.0, 合约：CFFEX.IC1804， 剩余天数: 1
2026-04-10 01:09:35,716 - DEBUG - websocket send data
2026-04-10 01:09:35,717 - DEBUG - websocket send data
2026-04-10 01:09:35,745 - INFO - 【主力切换】CFFEX.IC1804 → CFFEX.IC1805  | 时间: 2018-04-20 18:00:00.000000
2026-04-10 01:09:35,750 - DEBUG - websocket send data
2026-04-10 01:09:35,943 - DEBUG - websocket received data
2026-04-10 01:09:35,944 - DEBUG - websocket send data
2026-04-10 01:09:36,162 - DEBUG - websocket received data
2026-04-10 01:09:36,163 - DEBUG - websocket send data
2026-04-10 01:09:36,163 - DEBUG - websocket send data
2026-04-10 01:09:36,394 - DEBUG - websocket received data
2026-04-10 01:09:36,394 - DEBUG - websocket send data
2026-04-10 01:09:36,618 - DEBUG - websocket received data
2026-04-10 01:09:36,619 - DEBUG - websocket send data
2026-04-10 01:09:36,619 - DEBUG - websocket send data
2026-04-10 01:09:36,842 - DEBUG - websocket received data
2026-04-10 01:09:36,843 - DEBUG - websocket send data
2026-04-10 01:09:36,844 - DEBUG - websocket send data
2026-04-10 01:09:37,083 - DEBUG - websocket received data
2026-04-10 01:09:37,084 - DEBUG - websocket send data
2026-04-10 01:09:37,419 - DEBUG - websocket received data
2026-04-10 01:09:37,490 - DEBUG - websocket send data
2026-04-10 01:09:37,792 - DEBUG - websocket received data
2026-04-10 01:09:38,119 - DEBUG - websocket send data
2026-04-10 01:09:38,120 - DEBUG - websocket send data
2026-04-10 01:09:38,474 - DEBUG - websocket received data
2026-04-10 01:09:38,513 - DEBUG - websocket send data
2026-04-10 01:09:38,788 - DEBUG - websocket received data
2026-04-10 01:09:38,806 - DEBUG - websocket send data
2026-04-10 01:09:38,812 - DEBUG - websocket send data
2026-04-10 01:09:39,796 - INFO - 2018-04-22 16:00:00-持仓: 0，浮动盈亏: nan, 合约：CFFEX.IC1805， 剩余天数: 28
2026-04-10 01:09:39,803 - DEBUG - websocket received data
2026-04-10 01:09:39,804 - DEBUG - websocket send data
2026-04-10 01:09:40,239 - INFO - 2018-04-23 16:00:00-持仓: 0，浮动盈亏: nan, 合约：CFFEX.IC1805， 剩余天数: 25
2026-04-10 01:09:40,647 - INFO - 2018-04-24 16:00:00-持仓: 0，浮动盈亏: nan, 合约：CFFEX.IC1805， 剩余天数: 24
2026-04-10 01:09:41,077 - INFO - 2018-04-25 16:00:00-持仓: 0，浮动盈亏: nan, 合约：CFFEX.IC1805， 剩余天数: 23
2026-04-10 01:09:41,508 - INFO - 2018-04-26 16:00:00-持仓: 0，浮动盈亏: nan, 合约：CFFEX.IC1805， 剩余天数: 22
2026-04-10 01:09:41,913 - INFO - 2018-05-01 16:00:00-持仓: 0，浮动盈亏: nan, 合约：CFFEX.IC1805， 剩余天数: 17
2026-04-10 01:09:42,358 - INFO - 2018-05-02 16:00:00-持仓: 0，浮动盈亏: nan, 合约：CFFEX.IC1805， 剩余天数: 16
2026-04-10 01:09:42,763 - INFO - 2018-05-03 16:00:00-持仓: 0，浮动盈亏: nan, 合约：CFFEX.IC1805， 剩余天数: 15
2026-04-10 01:09:43,191 - INFO - 2018-05-06 16:00:00-持仓: 0，浮动盈亏: nan, 合约：CFFEX.IC1805， 剩余天数: 14
2026-04-10 01:09:43,622 - INFO - 2018-05-07 16:00:00-持仓: 0，浮动盈亏: nan, 合约：CFFEX.IC1805， 剩余天数: 11
2026-04-10 01:09:44,036 - INFO - 2018-05-08 16:00:00-持仓: 0，浮动盈亏: nan, 合约：CFFEX.IC1805， 剩余天数: 10
2026-04-10 01:09:44,526 - INFO - 🚨【贴水报警】合约: CFFEX.IC1805 时间: 2018-05-09 16:00:00 | 期货收盘: 6019.00 | 指数收盘: 6036.01 | 年化贴水: 11.43 (分位: 78.5%) | 动态阈值: 10.64 | 指数SMA(20): 5958.78
2026-04-10 01:09:44,526 - INFO - ✅ 已下达【买入 1 手】指令，等待成交...
    INFO - 模拟交易下单 bigo, PYSDK_target_df1239a19b62029fbf45d90ac0a93dcb: 时间: 2018-05-10 09:30:00.000000, 合约: CFFEX.IC1805, 开平: OPEN, 方向: BUY, 手数: 1, 价格: 6020.2
2026-04-10 01:09:44,529 - DEBUG - insert order
    INFO - 模拟交易委托单 bigo, PYSDK_target_df1239a19b62029fbf45d90ac0a93dcb: 全部成交
2026-04-10 01:09:44,529 - DEBUG - insert order
2026-04-10 01:09:44,530 - INFO - --- 交易成功通知 ---
2026-04-10 01:09:44,530 - INFO - Trade时间:2018-05-10 01:30:00.000000, 价格:6020.2, 数量:1, 买卖方向:BUY
2026-04-10 01:09:44,530 - INFO - 目标持仓已达成，查询结束。
2026-04-10 01:09:44,708 - DEBUG - websocket send data
2026-04-10 01:09:45,067 - DEBUG - websocket received data
2026-04-10 01:09:45,116 - DEBUG - websocket send data
2026-04-10 01:09:45,195 - INFO - 💰【止盈平仓】合约: CFFEX.IC1805 达到止盈条件 (修复率: 64.47%)，触发平仓。
    INFO - 模拟交易下单 bigo, PYSDK_target_6d2403b6173d889588f99b5f7db33fd0: 时间: 2018-05-11 09:30:00.000000, 合约: CFFEX.IC1805, 开平: CLOSE, 方向: SELL, 手数: 1, 价格: 6039.400000000001
2026-04-10 01:09:45,198 - DEBUG - insert order
    INFO - 模拟交易委托单 bigo, PYSDK_target_6d2403b6173d889588f99b5f7db33fd0: 全部成交
2026-04-10 01:09:45,198 - DEBUG - insert order
2026-04-10 01:09:45,199 - INFO - --- 交易成功通知 ---
2026-04-10 01:09:45,199 - INFO - Trade时间:2018-05-11 01:30:00.000000, 价格:6039.400000000001, 数量:1, 买卖方向:SELL
2026-04-10 01:09:45,472 - DEBUG - websocket received data
2026-04-10 01:09:45,519 - DEBUG - websocket send data
2026-04-10 01:09:45,870 - DEBUG - websocket received data
2026-04-10 01:09:45,911 - DEBUG - websocket send data
2026-04-10 01:09:45,920 - INFO - 2018-05-13 16:00:00-持仓: 0，浮动盈亏: 0.0, 合约：CFFEX.IC1805， 剩余天数: 7
2026-04-10 01:09:46,184 - DEBUG - websocket received data
2026-04-10 01:09:46,199 - DEBUG - websocket send data
2026-04-10 01:09:46,527 - INFO - 2018-05-14 16:00:00-持仓: 0，浮动盈亏: 0.0, 合约：CFFEX.IC1805， 剩余天数: 4
2026-04-10 01:09:47,096 - INFO - 2018-05-15 16:00:00-持仓: 0，浮动盈亏: 0.0, 合约：CFFEX.IC1805， 剩余天数: 3
2026-04-10 01:09:47,680 - INFO - 2018-05-16 16:00:00-持仓: 0，浮动盈亏: 0.0, 合约：CFFEX.IC1805， 剩余天数: 2
2026-04-10 01:09:48,246 - INFO - 【主力切换】CFFEX.IC1805 → CFFEX.IC1806  | 时间: 2018-05-17 18:00:00.000000
2026-04-10 01:09:48,252 - DEBUG - websocket send data
2026-04-10 01:09:48,487 - DEBUG - websocket received data
2026-04-10 01:09:48,489 - DEBUG - websocket send data
2026-04-10 01:09:48,489 - DEBUG - websocket send data
2026-04-10 01:09:48,722 - DEBUG - websocket received data
2026-04-10 01:09:48,723 - DEBUG - websocket send data
2026-04-10 01:09:48,724 - DEBUG - websocket send data
2026-04-10 01:09:48,944 - DEBUG - websocket received data
2026-04-10 01:09:48,945 - DEBUG - websocket send data
2026-04-10 01:09:48,946 - DEBUG - websocket send data
2026-04-10 01:09:49,200 - DEBUG - websocket received data
2026-04-10 01:09:49,201 - DEBUG - websocket send data
2026-04-10 01:09:49,553 - DEBUG - websocket received data
2026-04-10 01:09:49,622 - DEBUG - websocket send data
2026-04-10 01:09:49,964 - DEBUG - websocket received data
2026-04-10 01:09:50,034 - DEBUG - websocket send data
2026-04-10 01:09:50,380 - DEBUG - websocket received data
2026-04-10 01:09:50,437 - DEBUG - websocket send data
2026-04-10 01:09:50,701 - DEBUG - websocket received data
2026-04-10 01:09:50,948 - DEBUG - websocket send data
2026-04-10 01:09:50,948 - DEBUG - websocket send data
2026-04-10 01:09:51,297 - DEBUG - websocket received data
2026-04-10 01:09:51,339 - DEBUG - websocket send data
2026-04-10 01:09:51,640 - DEBUG - websocket received data
2026-04-10 01:09:52,276 - DEBUG - websocket send data
2026-04-10 01:09:52,287 - DEBUG - websocket send data
2026-04-10 01:09:53,104 - INFO - 2018-05-17 16:00:00-持仓: 0，浮动盈亏: nan, 合约：CFFEX.IC1806， 剩余天数: 29
2026-04-10 01:09:53,116 - DEBUG - websocket received data
2026-04-10 01:09:53,117 - DEBUG - websocket send data
2026-04-10 01:09:53,745 - DEBUG - websocket send data
2026-04-10 01:09:53,745 - DEBUG - websocket send data
2026-04-10 01:09:53,782 - INFO - 2018-05-20 16:00:00-持仓: 0，浮动盈亏: nan, 合约：CFFEX.IC1806， 剩余天数: 28
2026-04-10 01:09:53,966 - DEBUG - websocket received data
2026-04-10 01:09:53,967 - DEBUG - websocket send data
2026-04-10 01:09:54,210 - INFO - 2018-05-21 16:00:00-持仓: 0，浮动盈亏: nan, 合约：CFFEX.IC1806， 剩余天数: 25
2026-04-10 01:09:54,211 - DEBUG - websocket received data
2026-04-10 01:09:54,212 - DEBUG - websocket send data
2026-04-10 01:09:54,646 - INFO - 2018-05-22 16:00:00-持仓: 0，浮动盈亏: nan, 合约：CFFEX.IC1806， 剩余天数: 24
2026-04-10 01:09:55,084 - INFO - 2018-05-23 16:00:00-持仓: 0，浮动盈亏: nan, 合约：CFFEX.IC1806， 剩余天数: 23
2026-04-10 01:09:55,511 - INFO - 2018-05-24 16:00:00-持仓: 0，浮动盈亏: nan, 合约：CFFEX.IC1806， 剩余天数: 22
2026-04-10 01:09:55,974 - INFO - 2018-05-27 16:00:00-持仓: 0，浮动盈亏: nan, 合约：CFFEX.IC1806， 剩余天数: 21
2026-04-10 01:09:56,401 - INFO - 2018-05-28 16:00:00-持仓: 0，浮动盈亏: nan, 合约：CFFEX.IC1806， 剩余天数: 18
2026-04-10 01:09:56,830 - INFO - 2018-05-29 16:00:00-持仓: 0，浮动盈亏: nan, 合约：CFFEX.IC1806， 剩余天数: 17
2026-04-10 01:09:57,244 - INFO - 2018-05-30 16:00:00-持仓: 0，浮动盈亏: nan, 合约：CFFEX.IC1806， 剩余天数: 16
2026-04-10 01:09:57,656 - INFO - 2018-05-31 16:00:00-持仓: 0，浮动盈亏: nan, 合约：CFFEX.IC1806， 剩余天数: 15
2026-04-10 01:09:58,103 - INFO - 2018-06-03 16:00:00-持仓: 0，浮动盈亏: nan, 合约：CFFEX.IC1806， 剩余天数: 14
2026-04-10 01:09:58,513 - INFO - 2018-06-04 16:00:00-持仓: 0，浮动盈亏: nan, 合约：CFFEX.IC1806， 剩余天数: 11
2026-04-10 01:09:58,941 - INFO - 2018-06-05 16:00:00-持仓: 0，浮动盈亏: nan, 合约：CFFEX.IC1806， 剩余天数: 10
2026-04-10 01:09:59,358 - INFO - 2018-06-06 16:00:00-持仓: 0，浮动盈亏: nan, 合约：CFFEX.IC1806， 剩余天数: 9
2026-04-10 01:09:59,926 - INFO - 2018-06-07 16:00:00-持仓: 0，浮动盈亏: nan, 合约：CFFEX.IC1806， 剩余天数: 8
2026-04-10 01:10:00,366 - INFO - 2018-06-10 16:00:00-持仓: 0，浮动盈亏: nan, 合约：CFFEX.IC1806， 剩余天数: 7
2026-04-10 01:10:01,044 - INFO - 2018-06-11 16:00:00-持仓: 0，浮动盈亏: nan, 合约：CFFEX.IC1806， 剩余天数: 4
2026-04-10 01:10:01,713 - INFO - 2018-06-12 16:00:00-持仓: 0，浮动盈亏: nan, 合约：CFFEX.IC1806， 剩余天数: 3
2026-04-10 01:10:02,384 - INFO - 🔍【贴水监控】2018-06-13 16:00:00 当前年化贴水 37.12% 处于历史极高分位: 98.8%
2026-04-10 01:10:02,385 - INFO - 2018-06-13 16:00:00-持仓: 0，浮动盈亏: nan, 合约：CFFEX.IC1806， 剩余天数: 2
2026-04-10 01:10:03,119 - INFO - 2018-06-14 16:00:00-持仓: 0，浮动盈亏: nan, 合约：CFFEX.IC1806， 剩余天数: 1
2026-04-10 01:10:03,745 - DEBUG - websocket send data
2026-04-10 01:10:03,745 - DEBUG - websocket send data
2026-04-10 01:10:03,771 - INFO - 【主力切换】CFFEX.IC1806 → CFFEX.IC1807  | 时间: 2018-06-18 18:00:00.000000
2026-04-10 01:10:03,777 - DEBUG - websocket send data
2026-04-10 01:10:03,977 - DEBUG - websocket received data
2026-04-10 01:10:03,978 - DEBUG - websocket send data
2026-04-10 01:10:04,205 - DEBUG - websocket received data
2026-04-10 01:10:04,206 - DEBUG - websocket send data
2026-04-10 01:10:04,206 - DEBUG - websocket send data
2026-04-10 01:10:04,428 - DEBUG - websocket received data
2026-04-10 01:10:04,429 - DEBUG - websocket send data
2026-04-10 01:10:04,658 - DEBUG - websocket received data
2026-04-10 01:10:04,659 - DEBUG - websocket send data
2026-04-10 01:10:04,659 - DEBUG - websocket send data
2026-04-10 01:10:04,889 - DEBUG - websocket received data
2026-04-10 01:10:04,889 - DEBUG - websocket send data
2026-04-10 01:10:04,890 - DEBUG - websocket send data
2026-04-10 01:10:05,110 - DEBUG - websocket received data
2026-04-10 01:10:05,111 - DEBUG - websocket send data
2026-04-10 01:10:05,456 - DEBUG - websocket received data
2026-04-10 01:10:05,504 - DEBUG - websocket send data
2026-04-10 01:10:05,778 - DEBUG - websocket received data
2026-04-10 01:10:05,913 - DEBUG - websocket send data
2026-04-10 01:10:05,913 - DEBUG - websocket send data
2026-04-10 01:10:06,267 - DEBUG - websocket received data
2026-04-10 01:10:06,305 - DEBUG - websocket send data
2026-04-10 01:10:06,651 - DEBUG - websocket received data
2026-04-10 01:10:06,690 - DEBUG - websocket send data
2026-04-10 01:10:06,695 - DEBUG - websocket send data
2026-04-10 01:10:07,082 - INFO - 2018-06-18 16:00:00-持仓: 0，浮动盈亏: nan, 合约：CFFEX.IC1807， 剩余天数: 32
2026-04-10 01:10:07,089 - DEBUG - websocket received data
2026-04-10 01:10:07,090 - DEBUG - websocket send data
2026-04-10 01:10:07,533 - INFO - 2018-06-19 16:00:00-持仓: 0，浮动盈亏: nan, 合约：CFFEX.IC1807， 剩余天数: 31
2026-04-10 01:10:07,966 - INFO - 2018-06-20 16:00:00-持仓: 0，浮动盈亏: nan, 合约：CFFEX.IC1807， 剩余天数: 30
2026-04-10 01:10:08,410 - INFO - 🔍【贴水监控】2018-06-21 16:00:00 当前年化贴水 17.05% 处于历史极高分位: 90.7%
2026-04-10 01:10:08,411 - INFO - 2018-06-21 16:00:00-持仓: 0，浮动盈亏: nan, 合约：CFFEX.IC1807， 剩余天数: 29
2026-04-10 01:10:08,830 - INFO - 2018-06-24 16:00:00-持仓: 0，浮动盈亏: nan, 合约：CFFEX.IC1807， 剩余天数: 28
2026-04-10 01:10:09,272 - INFO - 2018-06-25 16:00:00-持仓: 0，浮动盈亏: nan, 合约：CFFEX.IC1807， 剩余天数: 25
2026-04-10 01:10:09,706 - INFO - 2018-06-26 16:00:00-持仓: 0，浮动盈亏: nan, 合约：CFFEX.IC1807， 剩余天数: 24
2026-04-10 01:10:10,136 - INFO - 🔍【贴水监控】2018-06-27 16:00:00 当前年化贴水 25.38% 处于历史极高分位: 96.5%
2026-04-10 01:10:10,137 - INFO - 2018-06-27 16:00:00-持仓: 0，浮动盈亏: nan, 合约：CFFEX.IC1807， 剩余天数: 23
2026-04-10 01:10:10,579 - INFO - 2018-06-28 16:00:00-持仓: 0，浮动盈亏: nan, 合约：CFFEX.IC1807， 剩余天数: 22
2026-04-10 01:10:11,018 - INFO - 2018-07-01 16:00:00-持仓: 0，浮动盈亏: nan, 合约：CFFEX.IC1807， 剩余天数: 21
2026-04-10 01:10:11,465 - INFO - 2018-07-02 16:00:00-持仓: 0，浮动盈亏: nan, 合约：CFFEX.IC1807， 剩余天数: 18
2026-04-10 01:10:11,902 - INFO - 2018-07-03 16:00:00-持仓: 0，浮动盈亏: nan, 合约：CFFEX.IC1807， 剩余天数: 17
2026-04-10 01:10:12,338 - INFO - 🔍【贴水监控】2018-07-04 16:00:00 当前年化贴水 19.26% 处于历史极高分位: 93.2%
2026-04-10 01:10:12,338 - INFO - 2018-07-04 16:00:00-持仓: 0，浮动盈亏: nan, 合约：CFFEX.IC1807， 剩余天数: 16
2026-04-10 01:10:12,784 - INFO - 🔍【贴水监控】2018-07-05 16:00:00 当前年化贴水 19.72% 处于历史极高分位: 93.6%
2026-04-10 01:10:12,785 - INFO - 2018-07-05 16:00:00-持仓: 0，浮动盈亏: nan, 合约：CFFEX.IC1807， 剩余天数: 15
2026-04-10 01:10:13,211 - INFO - 2018-07-08 16:00:00-持仓: 0，浮动盈亏: nan, 合约：CFFEX.IC1807， 剩余天数: 14
2026-04-10 01:10:13,713 - DEBUG - websocket send data
2026-04-10 01:10:13,786 - INFO - 2018-07-09 16:00:00-持仓: 0，浮动盈亏: nan, 合约：CFFEX.IC1807， 剩余天数: 11
2026-04-10 01:10:14,071 - DEBUG - websocket received data
2026-04-10 01:10:14,149 - DEBUG - websocket send data
2026-04-10 01:10:14,520 - DEBUG - websocket received data
2026-04-10 01:10:15,395 - DEBUG - websocket send data
2026-04-10 01:10:15,469 - INFO - 🔍【贴水监控】2018-07-10 16:00:00 当前年化贴水 40.45% 处于历史极高分位: 99.1%
2026-04-10 01:10:15,470 - INFO - 2018-07-10 16:00:00-持仓: 0，浮动盈亏: nan, 合约：CFFEX.IC1807， 剩余天数: 10
2026-04-10 01:10:15,748 - DEBUG - websocket received data
2026-04-10 01:10:15,821 - DEBUG - websocket send data
2026-04-10 01:10:16,097 - DEBUG - websocket received data
2026-04-10 01:10:16,123 - DEBUG - websocket send data
2026-04-10 01:10:16,334 - INFO - 2018-07-11 16:00:00-持仓: 0，浮动盈亏: nan, 合约：CFFEX.IC1807， 剩余天数: 9
2026-04-10 01:10:16,874 - INFO - 2018-07-12 16:00:00-持仓: 0，浮动盈亏: nan, 合约：CFFEX.IC1807， 剩余天数: 8
2026-04-10 01:10:17,308 - INFO - 2018-07-15 16:00:00-持仓: 0，浮动盈亏: nan, 合约：CFFEX.IC1807， 剩余天数: 7
2026-04-10 01:10:17,751 - INFO - 2018-07-16 16:00:00-持仓: 0，浮动盈亏: nan, 合约：CFFEX.IC1807， 剩余天数: 4
2026-04-10 01:10:18,181 - INFO - 2018-07-17 16:00:00-持仓: 0，浮动盈亏: nan, 合约：CFFEX.IC1807， 剩余天数: 3
2026-04-10 01:10:18,625 - INFO - 2018-07-18 16:00:00-持仓: 0，浮动盈亏: nan, 合约：CFFEX.IC1807， 剩余天数: 2
2026-04-10 01:10:19,075 - INFO - 【主力切换】CFFEX.IC1807 → CFFEX.IC1808  | 时间: 2018-07-19 18:00:00.000000
2026-04-10 01:10:19,081 - DEBUG - websocket send data
2026-04-10 01:10:19,316 - DEBUG - websocket received data
2026-04-10 01:10:19,317 - DEBUG - websocket send data
2026-04-10 01:10:19,317 - DEBUG - websocket send data
2026-04-10 01:10:19,549 - DEBUG - websocket received data
2026-04-10 01:10:19,550 - DEBUG - websocket send data
2026-04-10 01:10:19,550 - DEBUG - websocket send data
2026-04-10 01:10:20,068 - DEBUG - websocket received data
2026-04-10 01:10:20,068 - DEBUG - websocket send data
2026-04-10 01:10:20,069 - DEBUG - websocket send data
2026-04-10 01:10:20,293 - DEBUG - websocket received data
2026-04-10 01:10:20,294 - DEBUG - websocket send data
2026-04-10 01:10:20,870 - DEBUG - websocket received data
2026-04-10 01:10:20,914 - DEBUG - websocket send data
2026-04-10 01:10:21,216 - DEBUG - websocket received data
2026-04-10 01:10:21,384 - DEBUG - websocket send data
2026-04-10 01:10:21,385 - DEBUG - websocket send data
2026-04-10 01:10:21,745 - DEBUG - websocket received data
2026-04-10 01:10:21,796 - DEBUG - websocket send data
2026-04-10 01:10:22,100 - DEBUG - websocket received data
2026-04-10 01:10:22,128 - DEBUG - websocket send data
2026-04-10 01:10:22,134 - DEBUG - websocket send data
2026-04-10 01:10:22,568 - INFO - 2018-07-19 16:00:00-持仓: 0，浮动盈亏: nan, 合约：CFFEX.IC1808， 剩余天数: 29
2026-04-10 01:10:22,576 - DEBUG - websocket received data
2026-04-10 01:10:22,577 - DEBUG - websocket send data
2026-04-10 01:10:23,077 - DEBUG - websocket send data
2026-04-10 01:10:23,077 - DEBUG - websocket send data
2026-04-10 01:10:23,116 - INFO - 2018-07-22 16:00:00-持仓: 0，浮动盈亏: nan, 合约：CFFEX.IC1808， 剩余天数: 28
2026-04-10 01:10:23,305 - DEBUG - websocket received data
2026-04-10 01:10:23,305 - DEBUG - websocket send data
2026-04-10 01:10:23,540 - DEBUG - websocket received data
2026-04-10 01:10:23,541 - DEBUG - websocket send data
2026-04-10 01:10:23,552 - INFO - 2018-07-23 16:00:00-持仓: 0，浮动盈亏: nan, 合约：CFFEX.IC1808， 剩余天数: 25
2026-04-10 01:10:24,031 - INFO - 2018-07-24 16:00:00-持仓: 0，浮动盈亏: nan, 合约：CFFEX.IC1808， 剩余天数: 24
2026-04-10 01:10:24,481 - INFO - 2018-07-25 16:00:00-持仓: 0，浮动盈亏: nan, 合约：CFFEX.IC1808， 剩余天数: 23
2026-04-10 01:10:24,945 - INFO - 2018-07-26 16:00:00-持仓: 0，浮动盈亏: nan, 合约：CFFEX.IC1808， 剩余天数: 22
2026-04-10 01:10:25,391 - INFO - 2018-07-29 16:00:00-持仓: 0，浮动盈亏: nan, 合约：CFFEX.IC1808， 剩余天数: 21
2026-04-10 01:10:25,829 - INFO - 🚨【贴水报警】合约: CFFEX.IC1808 时间: 2018-07-30 16:00:00 | 期货收盘: 5145.00 | 指数收盘: 5182.83 | 年化贴水: 14.80 (分位: 87.0%) | 动态阈值: 10.64 | 指数SMA(20): 5165.52
2026-04-10 01:10:25,829 - INFO - ✅ 已下达【买入 1 手】指令，等待成交...
    INFO - 模拟交易下单 bigo, PYSDK_target_2881af73f370ab63f33ce32d19bdcf03: 时间: 2018-07-31 09:30:00.000000, 合约: CFFEX.IC1808, 开平: OPEN, 方向: BUY, 手数: 1, 价格: 5145.2
2026-04-10 01:10:25,833 - DEBUG - insert order
    INFO - 模拟交易委托单 bigo, PYSDK_target_2881af73f370ab63f33ce32d19bdcf03: 全部成交
2026-04-10 01:10:25,833 - DEBUG - insert order
2026-04-10 01:10:25,834 - INFO - --- 交易成功通知 ---
2026-04-10 01:10:25,834 - INFO - Trade时间:2018-07-31 01:30:00.000000, 价格:5145.2, 数量:1, 买卖方向:BUY
2026-04-10 01:10:25,834 - INFO - 目标持仓已达成，查询结束。
2026-04-10 01:10:26,500 - INFO - 💰【止盈平仓】合约: CFFEX.IC1808 达到止盈条件 (修复率: 70.81%)，触发平仓。
    INFO - 模拟交易下单 bigo, PYSDK_target_5a0170dc229a0fb117029284909f57ca: 时间: 2018-08-01 09:30:00.000000, 合约: CFFEX.IC1808, 开平: CLOSE, 方向: SELL, 手数: 1, 价格: 5187.8
2026-04-10 01:10:26,504 - DEBUG - insert order
    INFO - 模拟交易委托单 bigo, PYSDK_target_5a0170dc229a0fb117029284909f57ca: 全部成交
2026-04-10 01:10:26,504 - DEBUG - insert order
2026-04-10 01:10:26,505 - INFO - --- 交易成功通知 ---
2026-04-10 01:10:26,505 - INFO - Trade时间:2018-08-01 01:30:00.000000, 价格:5187.8, 数量:1, 买卖方向:SELL
2026-04-10 01:10:27,428 - INFO - 2018-08-01 16:00:00-持仓: 0，浮动盈亏: 0.0, 合约：CFFEX.IC1808， 剩余天数: 16
2026-04-10 01:10:28,368 - INFO - 2018-08-02 16:00:00-持仓: 0，浮动盈亏: 0.0, 合约：CFFEX.IC1808， 剩余天数: 15
2026-04-10 01:10:29,358 - INFO - 🔍【贴水监控】2018-08-05 16:00:00 当前年化贴水 19.03% 处于历史极高分位: 93.0%
2026-04-10 01:10:29,359 - INFO - 2018-08-05 16:00:00-持仓: 0，浮动盈亏: 0.0, 合约：CFFEX.IC1808， 剩余天数: 14
2026-04-10 01:10:30,118 - INFO - 2018-08-06 16:00:00-持仓: 0，浮动盈亏: 0.0, 合约：CFFEX.IC1808， 剩余天数: 11
2026-04-10 01:10:30,798 - INFO - 2018-08-07 16:00:00-持仓: 0，浮动盈亏: 0.0, 合约：CFFEX.IC1808， 剩余天数: 10
2026-04-10 01:10:31,409 - INFO - 2018-08-08 16:00:00-持仓: 0，浮动盈亏: 0.0, 合约：CFFEX.IC1808， 剩余天数: 9
2026-04-10 01:10:32,005 - INFO - 2018-08-09 16:00:00-持仓: 0，浮动盈亏: 0.0, 合约：CFFEX.IC1808， 剩余天数: 8
2026-04-10 01:10:32,610 - INFO - 2018-08-12 16:00:00-持仓: 0，浮动盈亏: 0.0, 合约：CFFEX.IC1808， 剩余天数: 7
2026-04-10 01:10:33,215 - INFO - 2018-08-13 16:00:00-持仓: 0，浮动盈亏: 0.0, 合约：CFFEX.IC1808， 剩余天数: 4
2026-04-10 01:10:33,852 - INFO - 2018-08-14 16:00:00-持仓: 0，浮动盈亏: 0.0, 合约：CFFEX.IC1808， 剩余天数: 3
2026-04-10 01:10:34,465 - INFO - 🔍【贴水监控】2018-08-15 16:00:00 当前年化贴水 33.27% 处于历史极高分位: 98.3%
2026-04-10 01:10:34,466 - INFO - 2018-08-15 16:00:00-持仓: 0，浮动盈亏: 0.0, 合约：CFFEX.IC1808， 剩余天数: 2
2026-04-10 01:10:35,065 - INFO - 【主力切换】CFFEX.IC1808 → CFFEX.IC1809  | 时间: 2018-08-16 18:00:00.000000
2026-04-10 01:10:35,071 - DEBUG - websocket send data
2026-04-10 01:10:35,300 - DEBUG - websocket received data
2026-04-10 01:10:35,301 - DEBUG - websocket send data
2026-04-10 01:10:35,301 - DEBUG - websocket send data
2026-04-10 01:10:35,533 - DEBUG - websocket received data
2026-04-10 01:10:35,534 - DEBUG - websocket send data
2026-04-10 01:10:35,534 - DEBUG - websocket send data
2026-04-10 01:10:35,768 - DEBUG - websocket received data
2026-04-10 01:10:35,769 - DEBUG - websocket send data
2026-04-10 01:10:35,769 - DEBUG - websocket send data
2026-04-10 01:10:35,999 - DEBUG - websocket received data
2026-04-10 01:10:36,000 - DEBUG - websocket send data
2026-04-10 01:10:36,346 - DEBUG - websocket received data
2026-04-10 01:10:36,389 - DEBUG - websocket send data
2026-04-10 01:10:37,170 - DEBUG - websocket received data
2026-04-10 01:10:37,211 - DEBUG - websocket send data
2026-04-10 01:10:37,559 - DEBUG - websocket received data
2026-04-10 01:10:37,599 - DEBUG - websocket send data
2026-04-10 01:10:37,862 - DEBUG - websocket received data
2026-04-10 01:10:38,125 - DEBUG - websocket send data
2026-04-10 01:10:38,125 - DEBUG - websocket send data
2026-04-10 01:10:39,191 - DEBUG - websocket received data
2026-04-10 01:10:40,127 - DEBUG - websocket send data
2026-04-10 01:10:40,486 - DEBUG - websocket received data
2026-04-10 01:10:40,558 - DEBUG - websocket send data
2026-04-10 01:10:40,798 - DEBUG - websocket received data
2026-04-10 01:10:40,806 - DEBUG - websocket send data
2026-04-10 01:10:40,822 - DEBUG - websocket send data
2026-04-10 01:10:42,306 - INFO - 2018-08-16 16:00:00-持仓: 0，浮动盈亏: nan, 合约：CFFEX.IC1809， 剩余天数: 36
2026-04-10 01:10:42,324 - DEBUG - websocket received data
2026-04-10 01:10:42,325 - DEBUG - websocket send data
2026-04-10 01:10:43,050 - DEBUG - websocket send data
2026-04-10 01:10:43,050 - DEBUG - websocket send data
2026-04-10 01:10:43,091 - INFO - 2018-08-19 16:00:00-持仓: 0，浮动盈亏: nan, 合约：CFFEX.IC1809， 剩余天数: 35
2026-04-10 01:10:43,278 - DEBUG - websocket received data
2026-04-10 01:10:43,278 - DEBUG - websocket send data
2026-04-10 01:10:43,504 - DEBUG - websocket received data
2026-04-10 01:10:43,505 - DEBUG - websocket send data
2026-04-10 01:10:43,537 - INFO - 2018-08-20 16:00:00-持仓: 0，浮动盈亏: nan, 合约：CFFEX.IC1809， 剩余天数: 32
2026-04-10 01:10:44,012 - INFO - 2018-08-21 16:00:00-持仓: 0，浮动盈亏: nan, 合约：CFFEX.IC1809， 剩余天数: 31
2026-04-10 01:10:44,462 - INFO - 2018-08-22 16:00:00-持仓: 0，浮动盈亏: nan, 合约：CFFEX.IC1809， 剩余天数: 30
2026-04-10 01:10:44,943 - INFO - 2018-08-23 16:00:00-持仓: 0，浮动盈亏: nan, 合约：CFFEX.IC1809， 剩余天数: 29
2026-04-10 01:10:45,409 - INFO - 2018-08-26 16:00:00-持仓: 0，浮动盈亏: nan, 合约：CFFEX.IC1809， 剩余天数: 28
2026-04-10 01:10:45,892 - INFO - 2018-08-27 16:00:00-持仓: 0，浮动盈亏: nan, 合约：CFFEX.IC1809， 剩余天数: 25
2026-04-10 01:10:46,354 - INFO - 🚨【贴水报警】合约: CFFEX.IC1809 时间: 2018-08-28 16:00:00 | 期货收盘: 4934.20 | 指数收盘: 4972.08 | 年化贴水: 11.59 (分位: 78.7%) | 动态阈值: 10.64 | 指数SMA(20): 4926.26
2026-04-10 01:10:46,354 - INFO - ✅ 已下达【买入 1 手】指令，等待成交...
    INFO - 模拟交易下单 bigo, PYSDK_target_6add2a3a2e701cc1a24ac277be7ae886: 时间: 2018-08-29 09:30:00.000000, 合约: CFFEX.IC1809, 开平: OPEN, 方向: BUY, 手数: 1, 价格: 4934.8
2026-04-10 01:10:46,357 - DEBUG - insert order
    INFO - 模拟交易委托单 bigo, PYSDK_target_6add2a3a2e701cc1a24ac277be7ae886: 全部成交
2026-04-10 01:10:46,357 - DEBUG - insert order
2026-04-10 01:10:46,358 - INFO - --- 交易成功通知 ---
2026-04-10 01:10:46,358 - INFO - Trade时间:2018-08-29 01:30:00.000000, 价格:4934.8, 数量:1, 买卖方向:BUY
2026-04-10 01:10:46,358 - INFO - 目标持仓已达成，查询结束。
2026-04-10 01:10:50,160 - DEBUG - websocket send data
2026-04-10 01:10:50,516 - DEBUG - websocket received data
2026-04-10 01:10:50,561 - DEBUG - websocket send data
2026-04-10 01:10:50,926 - DEBUG - websocket received data
2026-04-10 01:10:50,979 - DEBUG - websocket send data
2026-04-10 01:10:51,174 - INFO - 💰【止盈平仓】合约: CFFEX.IC1809 达到止盈条件 (修复率: 88.44%)，触发平仓。
    INFO - 模拟交易下单 bigo, PYSDK_target_b103aaa459d09be9c77b3fb907e54859: 时间: 2018-09-07 09:30:00.000000, 合约: CFFEX.IC1809, 开平: CLOSE, 方向: SELL, 手数: 1, 价格: 4787.8
2026-04-10 01:10:51,178 - DEBUG - insert order
    INFO - 模拟交易委托单 bigo, PYSDK_target_b103aaa459d09be9c77b3fb907e54859: 全部成交
2026-04-10 01:10:51,178 - DEBUG - insert order
2026-04-10 01:10:51,178 - INFO - --- 交易成功通知 ---
2026-04-10 01:10:51,179 - INFO - Trade时间:2018-09-07 01:30:00.000000, 价格:4787.8, 数量:1, 买卖方向:SELL
2026-04-10 01:10:51,338 - DEBUG - websocket received data
2026-04-10 01:10:51,378 - DEBUG - websocket send data
2026-04-10 01:10:51,655 - DEBUG - websocket received data
2026-04-10 01:10:51,669 - DEBUG - websocket send data
2026-04-10 01:10:51,856 - INFO - 2018-09-09 16:00:00-持仓: 0，浮动盈亏: 0.0, 合约：CFFEX.IC1809， 剩余天数: 14
2026-04-10 01:10:52,503 - INFO - 2018-09-10 16:00:00-持仓: 0，浮动盈亏: 0.0, 合约：CFFEX.IC1809， 剩余天数: 11
2026-04-10 01:10:53,476 - INFO - 2018-09-11 16:00:00-持仓: 0，浮动盈亏: 0.0, 合约：CFFEX.IC1809， 剩余天数: 10
2026-04-10 01:10:54,435 - INFO - 2018-09-12 16:00:00-持仓: 0，浮动盈亏: 0.0, 合约：CFFEX.IC1809， 剩余天数: 9
2026-04-10 01:10:55,463 - INFO - 2018-09-13 16:00:00-持仓: 0，浮动盈亏: 0.0, 合约：CFFEX.IC1809， 剩余天数: 8
2026-04-10 01:10:56,102 - INFO - 🔍【贴水监控】2018-09-16 16:00:00 当前年化贴水 18.78% 处于历史极高分位: 92.6%
2026-04-10 01:10:56,103 - INFO - 2018-09-16 16:00:00-持仓: 0，浮动盈亏: 0.0, 合约：CFFEX.IC1809， 剩余天数: 7
2026-04-10 01:10:56,704 - INFO - 2018-09-17 16:00:00-持仓: 0，浮动盈亏: 0.0, 合约：CFFEX.IC1809， 剩余天数: 4
2026-04-10 01:10:57,291 - INFO - 2018-09-18 16:00:00-持仓: 0，浮动盈亏: 0.0, 合约：CFFEX.IC1809， 剩余天数: 3
2026-04-10 01:10:57,903 - INFO - 2018-09-19 16:00:00-持仓: 0，浮动盈亏: 0.0, 合约：CFFEX.IC1809， 剩余天数: 2
2026-04-10 01:10:58,487 - INFO - 【主力切换】CFFEX.IC1809 → CFFEX.IC1810  | 时间: 2018-09-20 18:00:00.000000
2026-04-10 01:10:58,493 - DEBUG - websocket send data
2026-04-10 01:10:58,729 - DEBUG - websocket received data
2026-04-10 01:10:58,730 - DEBUG - websocket send data
2026-04-10 01:10:58,730 - DEBUG - websocket send data
2026-04-10 01:10:58,962 - DEBUG - websocket received data
2026-04-10 01:10:58,963 - DEBUG - websocket send data
2026-04-10 01:10:58,963 - DEBUG - websocket send data
2026-04-10 01:10:59,198 - DEBUG - websocket received data
2026-04-10 01:10:59,199 - DEBUG - websocket send data
2026-04-10 01:10:59,199 - DEBUG - websocket send data
2026-04-10 01:10:59,434 - DEBUG - websocket received data
2026-04-10 01:10:59,435 - DEBUG - websocket send data
2026-04-10 01:10:59,785 - DEBUG - websocket received data
2026-04-10 01:10:59,830 - DEBUG - websocket send data
2026-04-10 01:11:00,149 - DEBUG - websocket received data
2026-04-10 01:11:00,320 - DEBUG - websocket send data
2026-04-10 01:11:00,320 - DEBUG - websocket send data
2026-04-10 01:11:00,679 - DEBUG - websocket received data
2026-04-10 01:11:00,721 - DEBUG - websocket send data
2026-04-10 01:11:00,980 - DEBUG - websocket received data
2026-04-10 01:11:00,991 - DEBUG - websocket send data
2026-04-10 01:11:00,997 - DEBUG - websocket send data
2026-04-10 01:11:01,463 - INFO - 2018-09-20 16:00:00-持仓: 0，浮动盈亏: nan, 合约：CFFEX.IC1810， 剩余天数: 29
2026-04-10 01:11:01,471 - DEBUG - websocket received data
2026-04-10 01:11:01,472 - DEBUG - websocket send data
2026-04-10 01:11:02,176 - DEBUG - websocket send data
2026-04-10 01:11:02,176 - DEBUG - websocket send data
2026-04-10 01:11:02,212 - INFO - 2018-09-24 16:00:00-持仓: 0，浮动盈亏: nan, 合约：CFFEX.IC1810， 剩余天数: 25
2026-04-10 01:11:02,411 - DEBUG - websocket received data
2026-04-10 01:11:02,412 - DEBUG - websocket send data
2026-04-10 01:11:02,646 - DEBUG - websocket received data
2026-04-10 01:11:02,647 - DEBUG - websocket send data
2026-04-10 01:11:02,698 - INFO - 2018-09-25 16:00:00-持仓: 0，浮动盈亏: nan, 合约：CFFEX.IC1810， 剩余天数: 24
2026-04-10 01:11:03,203 - INFO - 2018-09-26 16:00:00-持仓: 0，浮动盈亏: nan, 合约：CFFEX.IC1810， 剩余天数: 23
2026-04-10 01:11:03,707 - INFO - 2018-09-27 16:00:00-持仓: 0，浮动盈亏: nan, 合约：CFFEX.IC1810， 剩余天数: 22
2026-04-10 01:11:04,197 - INFO - 2018-10-07 16:00:00-持仓: 0，浮动盈亏: nan, 合约：CFFEX.IC1810， 剩余天数: 14
2026-04-10 01:11:04,656 - INFO - 2018-10-08 16:00:00-持仓: 0，浮动盈亏: nan, 合约：CFFEX.IC1810， 剩余天数: 11
2026-04-10 01:11:05,158 - INFO - 2018-10-09 16:00:00-持仓: 0，浮动盈亏: nan, 合约：CFFEX.IC1810， 剩余天数: 10
2026-04-10 01:11:05,680 - INFO - 2018-10-10 16:00:00-持仓: 0，浮动盈亏: nan, 合约：CFFEX.IC1810， 剩余天数: 9
2026-04-10 01:11:06,594 - INFO - 2018-10-11 16:00:00-持仓: 0，浮动盈亏: nan, 合约：CFFEX.IC1810， 剩余天数: 8
2026-04-10 01:11:07,356 - INFO - 2018-10-14 16:00:00-持仓: 0，浮动盈亏: nan, 合约：CFFEX.IC1810， 剩余天数: 7
2026-04-10 01:11:08,142 - INFO - 🔍【贴水监控】2018-10-15 16:00:00 当前年化贴水 18.23% 处于历史极高分位: 92.0%
2026-04-10 01:11:08,143 - INFO - 2018-10-15 16:00:00-持仓: 0，浮动盈亏: nan, 合约：CFFEX.IC1810， 剩余天数: 4
2026-04-10 01:11:08,829 - INFO - 2018-10-16 16:00:00-持仓: 0，浮动盈亏: nan, 合约：CFFEX.IC1810， 剩余天数: 3
2026-04-10 01:11:09,320 - INFO - 2018-10-17 16:00:00-持仓: 0，浮动盈亏: nan, 合约：CFFEX.IC1810， 剩余天数: 2
2026-04-10 01:11:09,769 - INFO - 【主力切换】CFFEX.IC1810 → CFFEX.IC1811  | 时间: 2018-10-18 18:00:00.000000
2026-04-10 01:11:09,775 - DEBUG - websocket send data
2026-04-10 01:11:10,012 - DEBUG - websocket received data
2026-04-10 01:11:10,013 - DEBUG - websocket send data
2026-04-10 01:11:10,013 - DEBUG - websocket send data
2026-04-10 01:11:10,248 - DEBUG - websocket received data
2026-04-10 01:11:10,249 - DEBUG - websocket send data
2026-04-10 01:11:10,250 - DEBUG - websocket send data
2026-04-10 01:11:10,484 - DEBUG - websocket received data
2026-04-10 01:11:10,485 - DEBUG - websocket send data
2026-04-10 01:11:10,485 - DEBUG - websocket send data
2026-04-10 01:11:10,724 - DEBUG - websocket received data
2026-04-10 01:11:10,725 - DEBUG - websocket send data
2026-04-10 01:11:11,063 - DEBUG - websocket received data
2026-04-10 01:11:11,122 - DEBUG - websocket send data
2026-04-10 01:11:11,357 - DEBUG - websocket received data
2026-04-10 01:11:12,360 - DEBUG - websocket send data
2026-04-10 01:11:12,361 - DEBUG - websocket send data
2026-04-10 01:11:12,718 - DEBUG - websocket received data
2026-04-10 01:11:12,759 - DEBUG - websocket send data
2026-04-10 01:11:13,078 - DEBUG - websocket received data
2026-04-10 01:11:13,105 - DEBUG - websocket send data
2026-04-10 01:11:13,109 - DEBUG - websocket send data
2026-04-10 01:11:13,375 - INFO - 2018-10-18 16:00:00-持仓: 0，浮动盈亏: nan, 合约：CFFEX.IC1811， 剩余天数: 29
2026-04-10 01:11:13,381 - DEBUG - websocket received data
2026-04-10 01:11:13,382 - DEBUG - websocket send data
2026-04-10 01:11:13,897 - DEBUG - websocket send data
2026-04-10 01:11:13,897 - DEBUG - websocket send data
2026-04-10 01:11:13,942 - INFO - 2018-10-21 16:00:00-持仓: 0，浮动盈亏: nan, 合约：CFFEX.IC1811， 剩余天数: 28
2026-04-10 01:11:14,124 - DEBUG - websocket received data
2026-04-10 01:11:14,125 - DEBUG - websocket send data
2026-04-10 01:11:14,355 - DEBUG - websocket received data
2026-04-10 01:11:14,356 - DEBUG - websocket send data
2026-04-10 01:11:14,428 - INFO - 2018-10-22 16:00:00-持仓: 0，浮动盈亏: nan, 合约：CFFEX.IC1811， 剩余天数: 25
2026-04-10 01:11:14,897 - INFO - 2018-10-23 16:00:00-持仓: 0，浮动盈亏: nan, 合约：CFFEX.IC1811， 剩余天数: 24
2026-04-10 01:11:15,393 - INFO - 2018-10-24 16:00:00-持仓: 0，浮动盈亏: nan, 合约：CFFEX.IC1811， 剩余天数: 23
2026-04-10 01:11:15,872 - INFO - 2018-10-25 16:00:00-持仓: 0，浮动盈亏: nan, 合约：CFFEX.IC1811， 剩余天数: 22
2026-04-10 01:11:16,376 - INFO - 2018-10-28 16:00:00-持仓: 0，浮动盈亏: nan, 合约：CFFEX.IC1811， 剩余天数: 21
2026-04-10 01:11:16,853 - INFO - 2018-10-29 16:00:00-持仓: 0，浮动盈亏: nan, 合约：CFFEX.IC1811， 剩余天数: 18
2026-04-10 01:11:17,326 - INFO - 2018-10-30 16:00:00-持仓: 0，浮动盈亏: nan, 合约：CFFEX.IC1811， 剩余天数: 17
2026-04-10 01:11:17,816 - INFO - 2018-10-31 16:00:00-持仓: 0，浮动盈亏: nan, 合约：CFFEX.IC1811， 剩余天数: 16
2026-04-10 01:11:18,312 - INFO - 2018-11-01 16:00:00-持仓: 0，浮动盈亏: nan, 合约：CFFEX.IC1811， 剩余天数: 15
2026-04-10 01:11:18,923 - INFO - 2018-11-04 16:00:00-持仓: 0，浮动盈亏: nan, 合约：CFFEX.IC1811， 剩余天数: 14
2026-04-10 01:11:19,669 - INFO - 2018-11-05 16:00:00-持仓: 0，浮动盈亏: nan, 合约：CFFEX.IC1811， 剩余天数: 11
2026-04-10 01:11:20,407 - INFO - 2018-11-06 16:00:00-持仓: 0，浮动盈亏: nan, 合约：CFFEX.IC1811， 剩余天数: 10
2026-04-10 01:11:21,177 - INFO - 2018-11-07 16:00:00-持仓: 0，浮动盈亏: nan, 合约：CFFEX.IC1811， 剩余天数: 9
2026-04-10 01:11:21,894 - INFO - 🚨【贴水报警】合约: CFFEX.IC1811 时间: 2018-11-08 16:00:00 | 期货收盘: 4348.00 | 指数收盘: 4363.21 | 年化贴水: 15.90 (分位: 89.2%) | 动态阈值: 10.64 | 指数SMA(20): 4264.87
2026-04-10 01:11:21,894 - INFO - ✅ 已下达【买入 1 手】指令，等待成交...
    INFO - 模拟交易下单 bigo, PYSDK_target_85013a71d3d18572fb046a310096c8ea: 时间: 2018-11-09 09:30:00.000000, 合约: CFFEX.IC1811, 开平: OPEN, 方向: BUY, 手数: 1, 价格: 4348.0
2026-04-10 01:11:21,897 - DEBUG - insert order
    INFO - 模拟交易委托单 bigo, PYSDK_target_85013a71d3d18572fb046a310096c8ea: 全部成交
2026-04-10 01:11:21,897 - DEBUG - insert order
2026-04-10 01:11:21,898 - INFO - --- 交易成功通知 ---
2026-04-10 01:11:21,898 - INFO - Trade时间:2018-11-09 01:30:00.000000, 价格:4348.0, 数量:1, 买卖方向:BUY
2026-04-10 01:11:21,898 - INFO - 目标持仓已达成，查询结束。
2026-04-10 01:11:22,632 - INFO - 💰【止盈平仓】合约: CFFEX.IC1811 达到止盈条件 (修复率: 159.92%)，触发平仓。
    INFO - 模拟交易下单 bigo, PYSDK_target_f9f55bed27c4430c1ac873c7bbf2de29: 时间: 2018-11-12 09:30:00.000000, 合约: CFFEX.IC1811, 开平: CLOSE, 方向: SELL, 手数: 1, 价格: 4367.8
2026-04-10 01:11:22,635 - DEBUG - insert order
    INFO - 模拟交易委托单 bigo, PYSDK_target_f9f55bed27c4430c1ac873c7bbf2de29: 全部成交
2026-04-10 01:11:22,635 - DEBUG - insert order
2026-04-10 01:11:22,636 - INFO - --- 交易成功通知 ---
2026-04-10 01:11:22,636 - INFO - Trade时间:2018-11-12 01:30:00.000000, 价格:4367.8, 数量:1, 买卖方向:SELL
2026-04-10 01:11:22,833 - DEBUG - websocket send data
2026-04-10 01:11:23,189 - DEBUG - websocket received data
2026-04-10 01:11:23,236 - DEBUG - websocket send data
2026-04-10 01:11:23,355 - INFO - 2018-11-12 16:00:00-持仓: 0，浮动盈亏: 0.0, 合约：CFFEX.IC1811， 剩余天数: 4
2026-04-10 01:11:23,600 - DEBUG - websocket received data
2026-04-10 01:11:23,645 - DEBUG - websocket send data
2026-04-10 01:11:24,010 - DEBUG - websocket received data
2026-04-10 01:11:24,056 - DEBUG - websocket send data
2026-04-10 01:11:24,142 - INFO - 2018-11-13 16:00:00-持仓: 0，浮动盈亏: 0.0, 合约：CFFEX.IC1811， 剩余天数: 3
2026-04-10 01:11:24,332 - DEBUG - websocket received data
2026-04-10 01:11:24,349 - DEBUG - websocket send data
2026-04-10 01:11:24,789 - INFO - 2018-11-14 16:00:00-持仓: 0，浮动盈亏: 0.0, 合约：CFFEX.IC1811， 剩余天数: 2
2026-04-10 01:11:25,426 - INFO - 【主力切换】CFFEX.IC1811 → CFFEX.IC1812  | 时间: 2018-11-15 18:00:00.000000
2026-04-10 01:11:25,432 - DEBUG - websocket send data
2026-04-10 01:11:25,668 - DEBUG - websocket received data
2026-04-10 01:11:25,669 - DEBUG - websocket send data
2026-04-10 01:11:25,669 - DEBUG - websocket send data
2026-04-10 01:11:25,903 - DEBUG - websocket received data
2026-04-10 01:11:25,904 - DEBUG - websocket send data
2026-04-10 01:11:25,904 - DEBUG - websocket send data
2026-04-10 01:11:26,127 - DEBUG - websocket received data
2026-04-10 01:11:26,128 - DEBUG - websocket send data
2026-04-10 01:11:26,128 - DEBUG - websocket send data
2026-04-10 01:11:26,648 - DEBUG - websocket received data
2026-04-10 01:11:26,649 - DEBUG - websocket send data
2026-04-10 01:11:26,989 - DEBUG - websocket received data
2026-04-10 01:11:27,036 - DEBUG - websocket send data
2026-04-10 01:11:27,389 - DEBUG - websocket received data
2026-04-10 01:11:27,433 - DEBUG - websocket send data
2026-04-10 01:11:27,772 - DEBUG - websocket received data
2026-04-10 01:11:27,818 - DEBUG - websocket send data
2026-04-10 01:11:28,090 - DEBUG - websocket received data
2026-04-10 01:11:28,343 - DEBUG - websocket send data
2026-04-10 01:11:28,343 - DEBUG - websocket send data
2026-04-10 01:11:28,688 - DEBUG - websocket received data
2026-04-10 01:11:28,731 - DEBUG - websocket send data
2026-04-10 01:11:29,088 - DEBUG - websocket received data
2026-04-10 01:11:29,129 - DEBUG - websocket send data
2026-04-10 01:11:29,360 - DEBUG - websocket received data
2026-04-10 01:11:29,364 - DEBUG - websocket send data
2026-04-10 01:11:29,374 - DEBUG - websocket send data
2026-04-10 01:11:30,218 - INFO - 2018-11-15 16:00:00-持仓: 0，浮动盈亏: nan, 合约：CFFEX.IC1812， 剩余天数: 36
2026-04-10 01:11:30,230 - DEBUG - websocket received data
2026-04-10 01:11:30,231 - DEBUG - websocket send data
2026-04-10 01:11:30,898 - DEBUG - websocket send data
2026-04-10 01:11:30,898 - DEBUG - websocket send data
2026-04-10 01:11:30,936 - INFO - 2018-11-18 16:00:00-持仓: 0，浮动盈亏: nan, 合约：CFFEX.IC1812， 剩余天数: 35
2026-04-10 01:11:31,133 - DEBUG - websocket received data
2026-04-10 01:11:31,134 - DEBUG - websocket send data
2026-04-10 01:11:31,357 - DEBUG - websocket received data
2026-04-10 01:11:31,357 - DEBUG - websocket send data
2026-04-10 01:11:31,452 - INFO - 2018-11-19 16:00:00-持仓: 0，浮动盈亏: nan, 合约：CFFEX.IC1812， 剩余天数: 32
2026-04-10 01:11:32,034 - INFO - 2018-11-20 16:00:00-持仓: 0，浮动盈亏: nan, 合约：CFFEX.IC1812， 剩余天数: 31
2026-04-10 01:11:32,782 - INFO - 2018-11-21 16:00:00-持仓: 0，浮动盈亏: nan, 合约：CFFEX.IC1812， 剩余天数: 30
2026-04-10 01:11:33,538 - INFO - 2018-11-22 16:00:00-持仓: 0，浮动盈亏: nan, 合约：CFFEX.IC1812， 剩余天数: 29
2026-04-10 01:11:34,345 - INFO - 2018-11-25 16:00:00-持仓: 0，浮动盈亏: nan, 合约：CFFEX.IC1812， 剩余天数: 28
2026-04-10 01:11:35,109 - INFO - 2018-11-26 16:00:00-持仓: 0，浮动盈亏: nan, 合约：CFFEX.IC1812， 剩余天数: 25
2026-04-10 01:11:35,592 - INFO - 2018-11-27 16:00:00-持仓: 0，浮动盈亏: nan, 合约：CFFEX.IC1812， 剩余天数: 24
2026-04-10 01:11:36,075 - INFO - 2018-11-28 16:00:00-持仓: 0，浮动盈亏: nan, 合约：CFFEX.IC1812， 剩余天数: 23
2026-04-10 01:11:36,568 - INFO - 2018-11-29 16:00:00-持仓: 0，浮动盈亏: nan, 合约：CFFEX.IC1812， 剩余天数: 22
2026-04-10 01:11:37,044 - INFO - 2018-12-02 16:00:00-持仓: 0，浮动盈亏: nan, 合约：CFFEX.IC1812， 剩余天数: 21
2026-04-10 01:11:37,531 - INFO - 🔍【贴水监控】2018-12-03 16:00:00 当前年化贴水 20.90% 处于历史极高分位: 94.8%
2026-04-10 01:11:37,532 - INFO - 🚨【贴水报警】合约: CFFEX.IC1812 时间: 2018-12-03 16:00:00 | 期货收盘: 4459.80 | 指数收盘: 4506.25 | 年化贴水: 20.90 (分位: 94.8%) | 动态阈值: 10.64 | 指数SMA(20): 4483.28
2026-04-10 01:11:37,532 - INFO - ✅ 已下达【买入 1 手】指令，等待成交...
    INFO - 模拟交易下单 bigo, PYSDK_target_b55d31eb89d85e80b9f858504b4f52cc: 时间: 2018-12-04 09:30:00.000000, 合约: CFFEX.IC1812, 开平: OPEN, 方向: BUY, 手数: 1, 价格: 4459.0
2026-04-10 01:11:37,535 - DEBUG - insert order
    INFO - 模拟交易委托单 bigo, PYSDK_target_b55d31eb89d85e80b9f858504b4f52cc: 全部成交
2026-04-10 01:11:37,535 - DEBUG - insert order
2026-04-10 01:11:37,536 - INFO - --- 交易成功通知 ---
2026-04-10 01:11:37,536 - INFO - Trade时间:2018-12-04 01:30:00.000000, 价格:4459.0, 数量:1, 买卖方向:BUY
2026-04-10 01:11:37,536 - INFO - 目标持仓已达成，查询结束。
2026-04-10 01:11:38,927 - INFO - 🔍【贴水监控】2018-12-05 16:00:00 当前年化贴水 29.97% 处于历史极高分位: 97.4%
2026-04-10 01:11:39,636 - INFO - 💰【止盈平仓】合约: CFFEX.IC1812 达到止盈条件 (修复率: 69.42%)，触发平仓。
    INFO - 模拟交易下单 bigo, PYSDK_target_fcd2b856664a84ffff040474c3647be1: 时间: 2018-12-07 09:30:00.000000, 合约: CFFEX.IC1812, 开平: CLOSE, 方向: SELL, 手数: 1, 价格: 4408.400000000001
2026-04-10 01:11:39,640 - DEBUG - insert order
    INFO - 模拟交易委托单 bigo, PYSDK_target_fcd2b856664a84ffff040474c3647be1: 全部成交
2026-04-10 01:11:39,640 - DEBUG - insert order
2026-04-10 01:11:39,641 - INFO - --- 交易成功通知 ---
2026-04-10 01:11:39,641 - INFO - Trade时间:2018-12-07 01:30:00.000000, 价格:4408.400000000001, 数量:1, 买卖方向:SELL
2026-04-10 01:11:40,302 - INFO - 2018-12-09 16:00:00-持仓: 0，浮动盈亏: 0.0, 合约：CFFEX.IC1812， 剩余天数: 14
2026-04-10 01:11:41,078 - INFO - 2018-12-10 16:00:00-持仓: 0，浮动盈亏: 0.0, 合约：CFFEX.IC1812， 剩余天数: 11
2026-04-10 01:11:41,720 - INFO - 2018-12-11 16:00:00-持仓: 0，浮动盈亏: 0.0, 合约：CFFEX.IC1812， 剩余天数: 10
2026-04-10 01:11:42,381 - INFO - 🔍【贴水监控】2018-12-12 16:00:00 当前年化贴水 18.50% 处于历史极高分位: 92.2%
2026-04-10 01:11:42,382 - INFO - 2018-12-12 16:00:00-持仓: 0，浮动盈亏: 0.0, 合约：CFFEX.IC1812， 剩余天数: 9
2026-04-10 01:11:43,050 - INFO - 2018-12-13 16:00:00-持仓: 0，浮动盈亏: 0.0, 合约：CFFEX.IC1812， 剩余天数: 8
2026-04-10 01:11:43,713 - INFO - 2018-12-16 16:00:00-持仓: 0，浮动盈亏: 0.0, 合约：CFFEX.IC1812， 剩余天数: 7
2026-04-10 01:11:44,374 - INFO - 2018-12-17 16:00:00-持仓: 0，浮动盈亏: 0.0, 合约：CFFEX.IC1812， 剩余天数: 4
2026-04-10 01:11:45,047 - INFO - 🔍【贴水监控】2018-12-18 16:00:00 当前年化贴水 30.70% 处于历史极高分位: 97.7%
2026-04-10 01:11:45,049 - INFO - 2018-12-18 16:00:00-持仓: 0，浮动盈亏: 0.0, 合约：CFFEX.IC1812， 剩余天数: 3
2026-04-10 01:11:46,110 - INFO - 🔍【贴水监控】2018-12-19 16:00:00 当前年化贴水 40.33% 处于历史极高分位: 99.1%
2026-04-10 01:11:46,112 - INFO - 2018-12-19 16:00:00-持仓: 0，浮动盈亏: 0.0, 合约：CFFEX.IC1812， 剩余天数: 2
2026-04-10 01:11:47,203 - INFO - 【主力切换】CFFEX.IC1812 → CFFEX.IC1901  | 时间: 2018-12-20 18:00:00.000000
2026-04-10 01:11:47,213 - DEBUG - websocket send data
2026-04-10 01:11:47,438 - DEBUG - websocket received data
2026-04-10 01:11:47,439 - DEBUG - websocket send data
2026-04-10 01:11:47,439 - DEBUG - websocket send data
2026-04-10 01:11:47,675 - DEBUG - websocket received data
2026-04-10 01:11:47,676 - DEBUG - websocket send data
2026-04-10 01:11:47,676 - DEBUG - websocket send data
2026-04-10 01:11:47,910 - DEBUG - websocket received data
2026-04-10 01:11:47,912 - DEBUG - websocket send data
2026-04-10 01:11:47,912 - DEBUG - websocket send data
2026-04-10 01:11:48,139 - DEBUG - websocket received data
2026-04-10 01:11:48,139 - DEBUG - websocket send data
2026-04-10 01:11:48,492 - DEBUG - websocket received data
2026-04-10 01:11:48,541 - DEBUG - websocket send data
2026-04-10 01:11:48,852 - DEBUG - websocket received data
2026-04-10 01:11:50,131 - DEBUG - websocket send data
2026-04-10 01:11:50,131 - DEBUG - websocket send data
2026-04-10 01:11:50,490 - DEBUG - websocket received data
2026-04-10 01:11:50,531 - DEBUG - websocket send data
2026-04-10 01:11:50,820 - DEBUG - websocket received data
2026-04-10 01:11:50,841 - DEBUG - websocket send data
2026-04-10 01:11:50,848 - DEBUG - websocket send data
2026-04-10 01:11:51,357 - INFO - 2018-12-20 16:00:00-持仓: 0，浮动盈亏: nan, 合约：CFFEX.IC1901， 剩余天数: 29
2026-04-10 01:11:51,366 - DEBUG - websocket received data
2026-04-10 01:11:51,366 - DEBUG - websocket send data
2026-04-10 01:11:52,045 - DEBUG - websocket send data
2026-04-10 01:11:52,046 - DEBUG - websocket send data
2026-04-10 01:11:52,101 - INFO - 2018-12-23 16:00:00-持仓: 0，浮动盈亏: nan, 合约：CFFEX.IC1901， 剩余天数: 28
2026-04-10 01:11:52,274 - DEBUG - websocket received data
2026-04-10 01:11:52,274 - DEBUG - websocket send data
2026-04-10 01:11:52,509 - DEBUG - websocket received data
2026-04-10 01:11:52,509 - DEBUG - websocket send data
2026-04-10 01:11:52,586 - INFO - 2018-12-24 16:00:00-持仓: 0，浮动盈亏: nan, 合约：CFFEX.IC1901， 剩余天数: 25
2026-04-10 01:11:53,072 - INFO - 2018-12-25 16:00:00-持仓: 0，浮动盈亏: nan, 合约：CFFEX.IC1901， 剩余天数: 24
2026-04-10 01:11:53,573 - INFO - 2018-12-26 16:00:00-持仓: 0，浮动盈亏: nan, 合约：CFFEX.IC1901， 剩余天数: 23
2026-04-10 01:11:54,068 - INFO - 2018-12-27 16:00:00-持仓: 0，浮动盈亏: nan, 合约：CFFEX.IC1901， 剩余天数: 22
2026-04-10 01:11:54,580 - INFO - 🔍【贴水监控】2019-01-01 16:00:00 当前年化贴水 21.14% 处于历史极高分位: 95.0%
2026-04-10 01:11:54,581 - INFO - 2019-01-01 16:00:00-持仓: 0，浮动盈亏: nan, 合约：CFFEX.IC1901， 剩余天数: 17
2026-04-10 01:11:55,078 - INFO - 🔍【贴水监控】2019-01-02 16:00:00 当前年化贴水 17.50% 处于历史极高分位: 91.3%
2026-04-10 01:11:55,079 - INFO - 2019-01-02 16:00:00-持仓: 0，浮动盈亏: nan, 合约：CFFEX.IC1901， 剩余天数: 16
2026-04-10 01:11:55,582 - INFO - 2019-01-03 16:00:00-持仓: 0，浮动盈亏: nan, 合约：CFFEX.IC1901， 剩余天数: 15
2026-04-10 01:11:56,087 - INFO - 2019-01-06 16:00:00-持仓: 0，浮动盈亏: nan, 合约：CFFEX.IC1901， 剩余天数: 14
2026-04-10 01:11:56,600 - INFO - 🚨【贴水报警】合约: CFFEX.IC1901 时间: 2019-01-07 16:00:00 | 期货收盘: 4260.20 | 指数收盘: 4278.28 | 年化贴水: 14.02 (分位: 85.6%) | 动态阈值: 10.64 | 指数SMA(20): 4268.30
2026-04-10 01:11:56,600 - INFO - ✅ 已下达【买入 1 手】指令，等待成交...
    INFO - 模拟交易下单 bigo, PYSDK_target_3b245083550916dc84030b8cab8c139d: 时间: 2019-01-08 09:30:00.000000, 合约: CFFEX.IC1901, 开平: OPEN, 方向: BUY, 手数: 1, 价格: 4260.2
2026-04-10 01:11:56,604 - DEBUG - insert order
    INFO - 模拟交易委托单 bigo, PYSDK_target_3b245083550916dc84030b8cab8c139d: 全部成交
2026-04-10 01:11:56,604 - DEBUG - insert order
2026-04-10 01:11:56,605 - INFO - --- 交易成功通知 ---
2026-04-10 01:11:56,605 - INFO - Trade时间:2019-01-08 01:30:00.000000, 价格:4260.2, 数量:1, 买卖方向:BUY
2026-04-10 01:11:56,605 - INFO - 目标持仓已达成，查询结束。
2026-04-10 01:11:57,317 - INFO - 💰【止盈平仓】合约: CFFEX.IC1901 达到止盈条件 (修复率: 127.75%)，触发平仓。
    INFO - 模拟交易下单 bigo, PYSDK_target_d705c6bdfa51294e8f539d3ef079e734: 时间: 2019-01-09 09:30:00.000000, 合约: CFFEX.IC1901, 开平: CLOSE, 方向: SELL, 手数: 1, 价格: 4288.400000000001
2026-04-10 01:11:57,321 - DEBUG - insert order
    INFO - 模拟交易委托单 bigo, PYSDK_target_d705c6bdfa51294e8f539d3ef079e734: 全部成交
2026-04-10 01:11:57,321 - DEBUG - insert order
2026-04-10 01:11:57,322 - INFO - --- 交易成功通知 ---
2026-04-10 01:11:57,322 - INFO - Trade时间:2019-01-09 01:30:00.000000, 价格:4288.400000000001, 数量:1, 买卖方向:SELL
2026-04-10 01:11:58,247 - INFO - 🔍【贴水监控】2019-01-09 16:00:00 当前年化贴水 17.17% 处于历史极高分位: 90.7%
2026-04-10 01:11:58,248 - INFO - 2019-01-09 16:00:00-持仓: 0，浮动盈亏: 0.0, 合约：CFFEX.IC1901， 剩余天数: 9
2026-04-10 01:11:59,199 - DEBUG - websocket send data
2026-04-10 01:11:59,281 - INFO - 2019-01-10 16:00:00-持仓: 0，浮动盈亏: 0.0, 合约：CFFEX.IC1901， 剩余天数: 8
2026-04-10 01:11:59,566 - DEBUG - websocket received data
2026-04-10 01:11:59,645 - DEBUG - websocket send data
2026-04-10 01:12:00,015 - DEBUG - websocket received data
2026-04-10 01:12:00,094 - DEBUG - websocket send data
2026-04-10 01:12:00,462 - DEBUG - websocket received data
2026-04-10 01:12:00,545 - DEBUG - websocket send data
2026-04-10 01:12:00,682 - INFO - 2019-01-13 16:00:00-持仓: 0，浮动盈亏: 0.0, 合约：CFFEX.IC1901， 剩余天数: 7
2026-04-10 01:12:01,034 - DEBUG - websocket received data
2026-04-10 01:12:01,049 - DEBUG - websocket send data
2026-04-10 01:12:01,488 - INFO - 2019-01-14 16:00:00-持仓: 0，浮动盈亏: 0.0, 合约：CFFEX.IC1901， 剩余天数: 4
2026-04-10 01:12:02,206 - INFO - 2019-01-15 16:00:00-持仓: 0，浮动盈亏: 0.0, 合约：CFFEX.IC1901， 剩余天数: 3
2026-04-10 01:12:02,911 - INFO - 2019-01-16 16:00:00-持仓: 0，浮动盈亏: 0.0, 合约：CFFEX.IC1901， 剩余天数: 2
2026-04-10 01:12:03,595 - INFO - 【主力切换】CFFEX.IC1901 → CFFEX.IC1902  | 时间: 2019-01-17 18:00:00.000000
2026-04-10 01:12:03,601 - DEBUG - websocket send data
2026-04-10 01:12:03,831 - DEBUG - websocket received data
2026-04-10 01:12:03,832 - DEBUG - websocket send data
2026-04-10 01:12:03,832 - DEBUG - websocket send data
2026-04-10 01:12:04,348 - DEBUG - websocket received data
2026-04-10 01:12:04,349 - DEBUG - websocket send data
2026-04-10 01:12:04,350 - DEBUG - websocket send data
2026-04-10 01:12:04,586 - DEBUG - websocket received data
2026-04-10 01:12:04,587 - DEBUG - websocket send data
2026-04-10 01:12:04,587 - DEBUG - websocket send data
2026-04-10 01:12:04,836 - DEBUG - websocket received data
2026-04-10 01:12:04,837 - DEBUG - websocket send data
2026-04-10 01:12:05,175 - DEBUG - websocket received data
2026-04-10 01:12:05,220 - DEBUG - websocket send data
2026-04-10 01:12:05,479 - DEBUG - websocket received data
2026-04-10 01:12:05,598 - DEBUG - websocket send data
2026-04-10 01:12:05,598 - DEBUG - websocket send data
2026-04-10 01:12:05,958 - DEBUG - websocket received data
2026-04-10 01:12:06,000 - DEBUG - websocket send data
2026-04-10 01:12:06,263 - DEBUG - websocket received data
2026-04-10 01:12:06,279 - DEBUG - websocket send data
2026-04-10 01:12:06,284 - DEBUG - websocket send data
2026-04-10 01:12:06,625 - INFO - 2019-01-17 16:00:00-持仓: 0，浮动盈亏: nan, 合约：CFFEX.IC1902， 剩余天数: 29
2026-04-10 01:12:06,631 - DEBUG - websocket received data
2026-04-10 01:12:06,632 - DEBUG - websocket send data
2026-04-10 01:12:07,375 - DEBUG - websocket send data
2026-04-10 01:12:07,376 - DEBUG - websocket send data
2026-04-10 01:12:07,416 - INFO - 2019-01-20 16:00:00-持仓: 0，浮动盈亏: nan, 合约：CFFEX.IC1902， 剩余天数: 28
2026-04-10 01:12:07,605 - DEBUG - websocket received data
2026-04-10 01:12:07,606 - DEBUG - websocket send data
2026-04-10 01:12:07,839 - DEBUG - websocket received data
2026-04-10 01:12:07,840 - DEBUG - websocket send data
2026-04-10 01:12:07,962 - INFO - 2019-01-21 16:00:00-持仓: 0，浮动盈亏: nan, 合约：CFFEX.IC1902， 剩余天数: 25
2026-04-10 01:12:08,486 - INFO - 2019-01-22 16:00:00-持仓: 0，浮动盈亏: nan, 合约：CFFEX.IC1902， 剩余天数: 24
2026-04-10 01:12:09,029 - INFO - 2019-01-23 16:00:00-持仓: 0，浮动盈亏: nan, 合约：CFFEX.IC1902， 剩余天数: 23
2026-04-10 01:12:09,539 - INFO - 2019-01-24 16:00:00-持仓: 0，浮动盈亏: nan, 合约：CFFEX.IC1902， 剩余天数: 22
2026-04-10 01:12:10,080 - INFO - 2019-01-27 16:00:00-持仓: 0，浮动盈亏: nan, 合约：CFFEX.IC1902， 剩余天数: 21
2026-04-10 01:12:10,595 - INFO - 2019-01-28 16:00:00-持仓: 0，浮动盈亏: nan, 合约：CFFEX.IC1902， 剩余天数: 18
2026-04-10 01:12:11,270 - INFO - 2019-01-29 16:00:00-持仓: 0，浮动盈亏: nan, 合约：CFFEX.IC1902， 剩余天数: 17
2026-04-10 01:12:12,157 - INFO - 2019-01-30 16:00:00-持仓: 0，浮动盈亏: nan, 合约：CFFEX.IC1902， 剩余天数: 16
2026-04-10 01:12:13,004 - INFO - 2019-01-31 16:00:00-持仓: 0，浮动盈亏: nan, 合约：CFFEX.IC1902， 剩余天数: 15
2026-04-10 01:12:13,943 - INFO - 2019-02-10 16:00:00-持仓: 0，浮动盈亏: nan, 合约：CFFEX.IC1902， 剩余天数: 7
2026-04-10 01:12:14,529 - INFO - 2019-02-11 16:00:00-持仓: 0，浮动盈亏: nan, 合约：CFFEX.IC1902， 剩余天数: 4
2026-04-10 01:12:15,070 - INFO - 2019-02-12 16:00:00-持仓: 0，浮动盈亏: nan, 合约：CFFEX.IC1902， 剩余天数: 3
2026-04-10 01:12:15,615 - INFO - 🔍【贴水监控】2019-02-13 16:00:00 当前年化贴水 26.07% 处于历史极高分位: 96.7%
2026-04-10 01:12:15,616 - INFO - 2019-02-13 16:00:00-持仓: 0，浮动盈亏: nan, 合约：CFFEX.IC1902， 剩余天数: 2
2026-04-10 01:12:16,208 - INFO - 【主力切换】CFFEX.IC1902 → CFFEX.IC1903  | 时间: 2019-02-14 18:00:00.000000
2026-04-10 01:12:16,214 - DEBUG - websocket send data
2026-04-10 01:12:16,449 - DEBUG - websocket received data
2026-04-10 01:12:16,450 - DEBUG - websocket send data
2026-04-10 01:12:16,450 - DEBUG - websocket send data
2026-04-10 01:12:16,686 - DEBUG - websocket received data
2026-04-10 01:12:16,687 - DEBUG - websocket send data
2026-04-10 01:12:16,687 - DEBUG - websocket send data
2026-04-10 01:12:16,911 - DEBUG - websocket received data
2026-04-10 01:12:16,912 - DEBUG - websocket send data
2026-04-10 01:12:16,912 - DEBUG - websocket send data
2026-04-10 01:12:17,147 - DEBUG - websocket received data
2026-04-10 01:12:17,148 - DEBUG - websocket send data
2026-04-10 01:12:17,499 - DEBUG - websocket received data
2026-04-10 01:12:17,548 - DEBUG - websocket send data
2026-04-10 01:12:17,901 - DEBUG - websocket received data
2026-04-10 01:12:17,954 - DEBUG - websocket send data
2026-04-10 01:12:18,298 - DEBUG - websocket received data
2026-04-10 01:12:18,361 - DEBUG - websocket send data
2026-04-10 01:12:18,633 - DEBUG - websocket received data
2026-04-10 01:12:18,903 - DEBUG - websocket send data
2026-04-10 01:12:18,903 - DEBUG - websocket send data
2026-04-10 01:12:19,266 - DEBUG - websocket received data
2026-04-10 01:12:19,311 - DEBUG - websocket send data
2026-04-10 01:12:19,625 - DEBUG - websocket received data
2026-04-10 01:12:19,655 - DEBUG - websocket send data
2026-04-10 01:12:19,666 - DEBUG - websocket send data
2026-04-10 01:12:21,784 - INFO - 2019-02-14 16:00:00-持仓: 0，浮动盈亏: nan, 合约：CFFEX.IC1903， 剩余天数: 29
2026-04-10 01:12:21,796 - DEBUG - websocket received data
2026-04-10 01:12:21,797 - DEBUG - websocket send data
2026-04-10 01:12:22,394 - DEBUG - websocket send data
2026-04-10 01:12:22,394 - DEBUG - websocket send data
2026-04-10 01:12:22,436 - INFO - 2019-02-17 16:00:00-持仓: 0，浮动盈亏: nan, 合约：CFFEX.IC1903， 剩余天数: 28
2026-04-10 01:12:22,629 - DEBUG - websocket received data
2026-04-10 01:12:22,629 - DEBUG - websocket send data
2026-04-10 01:12:22,861 - DEBUG - websocket received data
2026-04-10 01:12:22,861 - DEBUG - websocket send data
2026-04-10 01:12:22,999 - INFO - 2019-02-18 16:00:00-持仓: 0，浮动盈亏: nan, 合约：CFFEX.IC1903， 剩余天数: 25
2026-04-10 01:12:23,518 - INFO - 2019-02-19 16:00:00-持仓: 0，浮动盈亏: nan, 合约：CFFEX.IC1903， 剩余天数: 24
2026-04-10 01:12:24,072 - INFO - 2019-02-20 16:00:00-持仓: 0，浮动盈亏: nan, 合约：CFFEX.IC1903， 剩余天数: 23
2026-04-10 01:12:24,961 - INFO - 2019-02-21 16:00:00-持仓: 0，浮动盈亏: nan, 合约：CFFEX.IC1903， 剩余天数: 22
2026-04-10 01:12:25,837 - INFO - 2019-02-24 16:00:00-持仓: 0，浮动盈亏: nan, 合约：CFFEX.IC1903， 剩余天数: 21
2026-04-10 01:12:26,758 - INFO - 2019-02-25 16:00:00-持仓: 0，浮动盈亏: nan, 合约：CFFEX.IC1903， 剩余天数: 18
2026-04-10 01:12:27,462 - INFO - 2019-02-26 16:00:00-持仓: 0，浮动盈亏: nan, 合约：CFFEX.IC1903， 剩余天数: 17
2026-04-10 01:12:27,990 - INFO - 2019-02-27 16:00:00-持仓: 0，浮动盈亏: nan, 合约：CFFEX.IC1903， 剩余天数: 16
2026-04-10 01:12:28,496 - INFO - 2019-02-28 16:00:00-持仓: 0，浮动盈亏: nan, 合约：CFFEX.IC1903， 剩余天数: 15
2026-04-10 01:12:29,017 - INFO - 2019-03-03 16:00:00-持仓: 0，浮动盈亏: nan, 合约：CFFEX.IC1903， 剩余天数: 14
2026-04-10 01:12:29,515 - INFO - 2019-03-04 16:00:00-持仓: 0，浮动盈亏: nan, 合约：CFFEX.IC1903， 剩余天数: 11
2026-04-10 01:12:30,041 - INFO - 2019-03-05 16:00:00-持仓: 0，浮动盈亏: nan, 合约：CFFEX.IC1903， 剩余天数: 10
2026-04-10 01:12:30,552 - INFO - 2019-03-06 16:00:00-持仓: 0，浮动盈亏: nan, 合约：CFFEX.IC1903， 剩余天数: 9
2026-04-10 01:12:31,079 - INFO - 🔍【贴水监控】2019-03-07 16:00:00 当前年化贴水 17.18% 处于历史极高分位: 90.8%
2026-04-10 01:12:31,080 - INFO - 🚨【贴水报警】合约: CFFEX.IC1903 时间: 2019-03-07 16:00:00 | 期货收盘: 5320.00 | 指数收盘: 5340.11 | 年化贴水: 17.18 (分位: 90.8%) | 动态阈值: 10.64 | 指数SMA(20): 4882.88
2026-04-10 01:12:31,080 - INFO - ✅ 已下达【买入 1 手】指令，等待成交...
    INFO - 模拟交易下单 bigo, PYSDK_target_64bf766003a6acefc9093de48f6ae92a: 时间: 2019-03-08 09:30:00.000000, 合约: CFFEX.IC1903, 开平: OPEN, 方向: BUY, 手数: 1, 价格: 5318.2
2026-04-10 01:12:31,083 - DEBUG - insert order
    INFO - 模拟交易委托单 bigo, PYSDK_target_64bf766003a6acefc9093de48f6ae92a: 全部成交
2026-04-10 01:12:31,083 - DEBUG - insert order
2026-04-10 01:12:31,085 - INFO - --- 交易成功通知 ---
2026-04-10 01:12:31,085 - INFO - Trade时间:2019-03-08 01:30:00.000000, 价格:5318.2, 数量:1, 买卖方向:BUY
2026-04-10 01:12:31,085 - INFO - 目标持仓已达成，查询结束。
2026-04-10 01:12:31,798 - INFO - 💰【止盈平仓】合约: CFFEX.IC1903 达到止盈条件 (修复率: 429.07%)，触发平仓。
    INFO - 模拟交易下单 bigo, PYSDK_target_b8396da117cc11a2c3151c6f0d821f1c: 时间: 2019-03-11 09:30:00.000000, 合约: CFFEX.IC1903, 开平: CLOSE, 方向: SELL, 手数: 1, 价格: 5331.2
2026-04-10 01:12:31,801 - DEBUG - insert order
    INFO - 模拟交易委托单 bigo, PYSDK_target_b8396da117cc11a2c3151c6f0d821f1c: 全部成交
2026-04-10 01:12:31,801 - DEBUG - insert order
2026-04-10 01:12:31,802 - INFO - --- 交易成功通知 ---
2026-04-10 01:12:31,802 - INFO - Trade时间:2019-03-11 01:30:00.000000, 价格:5331.2, 数量:1, 买卖方向:SELL
2026-04-10 01:12:32,498 - INFO - 2019-03-11 16:00:00-持仓: 0，浮动盈亏: 0.0, 合约：CFFEX.IC1903， 剩余天数: 4
2026-04-10 01:12:33,202 - INFO - 🔍【贴水监控】2019-03-12 16:00:00 当前年化贴水 24.87% 处于历史极高分位: 96.5%
2026-04-10 01:12:33,203 - INFO - 2019-03-12 16:00:00-持仓: 0，浮动盈亏: 0.0, 合约：CFFEX.IC1903， 剩余天数: 3
2026-04-10 01:12:33,861 - INFO - 2019-03-13 16:00:00-持仓: 0，浮动盈亏: 0.0, 合约：CFFEX.IC1903， 剩余天数: 2
2026-04-10 01:12:34,584 - INFO - 【主力切换】CFFEX.IC1903 → CFFEX.IC1904  | 时间: 2019-03-14 18:00:00.000000
2026-04-10 01:12:34,590 - DEBUG - websocket send data
2026-04-10 01:12:34,827 - DEBUG - websocket received data
2026-04-10 01:12:34,828 - DEBUG - websocket send data
2026-04-10 01:12:34,828 - DEBUG - websocket send data
2026-04-10 01:12:35,059 - DEBUG - websocket received data
2026-04-10 01:12:35,060 - DEBUG - websocket send data
2026-04-10 01:12:35,060 - DEBUG - websocket send data
2026-04-10 01:12:35,288 - DEBUG - websocket received data
2026-04-10 01:12:35,289 - DEBUG - websocket send data
2026-04-10 01:12:35,290 - DEBUG - websocket send data
2026-04-10 01:12:35,525 - DEBUG - websocket received data
2026-04-10 01:12:35,526 - DEBUG - websocket send data
2026-04-10 01:12:35,882 - DEBUG - websocket received data
2026-04-10 01:12:35,924 - DEBUG - websocket send data
2026-04-10 01:12:36,207 - DEBUG - websocket received data
2026-04-10 01:12:36,332 - DEBUG - websocket send data
2026-04-10 01:12:36,332 - DEBUG - websocket send data
2026-04-10 01:12:36,690 - DEBUG - websocket received data
2026-04-10 01:12:36,731 - DEBUG - websocket send data
2026-04-10 01:12:37,135 - DEBUG - websocket received data
2026-04-10 01:12:37,184 - DEBUG - websocket send data
2026-04-10 01:12:37,412 - DEBUG - websocket received data
2026-04-10 01:12:37,414 - DEBUG - websocket send data
2026-04-10 01:12:37,423 - DEBUG - websocket send data
2026-04-10 01:12:38,097 - INFO - 2019-03-14 16:00:00-持仓: 0，浮动盈亏: nan, 合约：CFFEX.IC1904， 剩余天数: 36
2026-04-10 01:12:38,106 - DEBUG - websocket received data
2026-04-10 01:12:38,107 - DEBUG - websocket send data
2026-04-10 01:12:39,518 - DEBUG - websocket send data
2026-04-10 01:12:39,518 - DEBUG - websocket send data
2026-04-10 01:12:39,580 - INFO - 2019-03-17 16:00:00-持仓: 0，浮动盈亏: nan, 合约：CFFEX.IC1904， 剩余天数: 35
2026-04-10 01:12:39,755 - DEBUG - websocket received data
2026-04-10 01:12:39,756 - DEBUG - websocket send data
2026-04-10 01:12:39,982 - DEBUG - websocket received data
2026-04-10 01:12:39,983 - DEBUG - websocket send data
2026-04-10 01:12:40,102 - DEBUG - websocket send data
2026-04-10 01:12:40,365 - INFO - 2019-03-18 16:00:00-持仓: 0，浮动盈亏: nan, 合约：CFFEX.IC1904， 剩余天数: 32
2026-04-10 01:12:40,463 - DEBUG - websocket received data
2026-04-10 01:12:40,510 - DEBUG - websocket send data
2026-04-10 01:12:40,860 - DEBUG - websocket received data
2026-04-10 01:12:40,904 - DEBUG - websocket send data
2026-04-10 01:12:41,027 - INFO - 2019-03-19 16:00:00-持仓: 0，浮动盈亏: nan, 合约：CFFEX.IC1904， 剩余天数: 31
2026-04-10 01:12:41,263 - DEBUG - websocket received data
2026-04-10 01:12:41,303 - DEBUG - websocket send data
2026-04-10 01:12:41,568 - DEBUG - websocket received data
2026-04-10 01:12:41,583 - DEBUG - websocket send data
2026-04-10 01:12:41,628 - INFO - 2019-03-20 16:00:00-持仓: 0，浮动盈亏: nan, 合约：CFFEX.IC1904， 剩余天数: 30
2026-04-10 01:12:42,126 - INFO - 2019-03-21 16:00:00-持仓: 0，浮动盈亏: nan, 合约：CFFEX.IC1904， 剩余天数: 29
2026-04-10 01:12:42,653 - INFO - 2019-03-24 16:00:00-持仓: 0，浮动盈亏: nan, 合约：CFFEX.IC1904， 剩余天数: 28
2026-04-10 01:12:43,166 - INFO - 2019-03-25 16:00:00-持仓: 0，浮动盈亏: nan, 合约：CFFEX.IC1904， 剩余天数: 25
2026-04-10 01:12:43,692 - INFO - 🚨【贴水报警】合约: CFFEX.IC1904 时间: 2019-03-26 16:00:00 | 期货收盘: 5389.00 | 指数收盘: 5431.98 | 年化贴水: 12.03 (分位: 79.8%) | 动态阈值: 10.64 | 指数SMA(20): 5392.87
2026-04-10 01:12:43,692 - INFO - ✅ 已下达【买入 1 手】指令，等待成交...
    INFO - 模拟交易下单 bigo, PYSDK_target_3dfe5c5ca13834b5f9e88bbbb92d21b9: 时间: 2019-03-27 09:30:00.000000, 合约: CFFEX.IC1904, 开平: OPEN, 方向: BUY, 手数: 1, 价格: 5389.2
2026-04-10 01:12:43,695 - DEBUG - insert order
    INFO - 模拟交易委托单 bigo, PYSDK_target_3dfe5c5ca13834b5f9e88bbbb92d21b9: 全部成交
2026-04-10 01:12:43,695 - DEBUG - insert order
2026-04-10 01:12:43,696 - INFO - --- 交易成功通知 ---
2026-04-10 01:12:43,696 - INFO - Trade时间:2019-03-27 01:30:00.000000, 价格:5389.2, 数量:1, 买卖方向:BUY
2026-04-10 01:12:43,696 - INFO - 目标持仓已达成，查询结束。
2026-04-10 01:12:44,423 - INFO - 🔍【贴水监控】2019-03-27 16:00:00 当前年化贴水 18.09% 处于历史极高分位: 91.9%
2026-04-10 01:12:45,990 - INFO - 💰【止盈平仓】合约: CFFEX.IC1904 达到止盈条件 (修复率: 61.59%)，触发平仓。
    INFO - 模拟交易下单 bigo, PYSDK_target_c42ee7b69b131b270f4c4645a2fd69fd: 时间: 2019-04-01 09:30:00.000000, 合约: CFFEX.IC1904, 开平: CLOSE, 方向: SELL, 手数: 1, 价格: 5574.6
2026-04-10 01:12:45,997 - DEBUG - insert order
    INFO - 模拟交易委托单 bigo, PYSDK_target_c42ee7b69b131b270f4c4645a2fd69fd: 全部成交
2026-04-10 01:12:45,997 - DEBUG - insert order
2026-04-10 01:12:45,999 - INFO - --- 交易成功通知 ---
2026-04-10 01:12:45,999 - INFO - Trade时间:2019-04-01 01:30:00.000000, 价格:5574.6, 数量:1, 买卖方向:SELL
2026-04-10 01:12:46,716 - INFO - 2019-04-01 16:00:00-持仓: 0，浮动盈亏: 0.0, 合约：CFFEX.IC1904， 剩余天数: 18
2026-04-10 01:12:47,418 - INFO - 2019-04-02 16:00:00-持仓: 0，浮动盈亏: 0.0, 合约：CFFEX.IC1904， 剩余天数: 17
2026-04-10 01:12:48,141 - INFO - 2019-04-03 16:00:00-持仓: 0，浮动盈亏: 0.0, 合约：CFFEX.IC1904， 剩余天数: 16
2026-04-10 01:12:48,889 - INFO - 2019-04-07 16:00:00-持仓: 0，浮动盈亏: 0.0, 合约：CFFEX.IC1904， 剩余天数: 14
2026-04-10 01:12:49,573 - INFO - 🔍【贴水监控】2019-04-08 16:00:00 当前年化贴水 22.35% 处于历史极高分位: 95.6%
2026-04-10 01:12:49,574 - INFO - 2019-04-08 16:00:00-持仓: 0，浮动盈亏: 0.0, 合约：CFFEX.IC1904， 剩余天数: 11
2026-04-10 01:12:50,307 - INFO - 2019-04-09 16:00:00-持仓: 0，浮动盈亏: 0.0, 合约：CFFEX.IC1904， 剩余天数: 10
2026-04-10 01:12:51,399 - INFO - 🔍【贴水监控】2019-04-10 16:00:00 当前年化贴水 18.04% 处于历史极高分位: 91.9%
2026-04-10 01:12:51,401 - INFO - 2019-04-10 16:00:00-持仓: 0，浮动盈亏: 0.0, 合约：CFFEX.IC1904， 剩余天数: 9
2026-04-10 01:12:52,459 - INFO - 2019-04-11 16:00:00-持仓: 0，浮动盈亏: 0.0, 合约：CFFEX.IC1904， 剩余天数: 8
2026-04-10 01:12:53,374 - INFO - 2019-04-14 16:00:00-持仓: 0，浮动盈亏: 0.0, 合约：CFFEX.IC1904， 剩余天数: 7
2026-04-10 01:12:54,059 - INFO - 🔍【贴水监控】2019-04-15 16:00:00 当前年化贴水 47.89% 处于历史极高分位: 99.5%
2026-04-10 01:12:54,060 - INFO - 2019-04-15 16:00:00-持仓: 0，浮动盈亏: 0.0, 合约：CFFEX.IC1904， 剩余天数: 4
2026-04-10 01:12:54,784 - INFO - 🔍【贴水监控】2019-04-16 16:00:00 当前年化贴水 32.94% 处于历史极高分位: 98.3%
2026-04-10 01:12:54,784 - INFO - 2019-04-16 16:00:00-持仓: 0，浮动盈亏: 0.0, 合约：CFFEX.IC1904， 剩余天数: 3
2026-04-10 01:12:55,474 - INFO - 🔍【贴水监控】2019-04-17 16:00:00 当前年化贴水 83.95% 处于历史极高分位: 100.0%
2026-04-10 01:12:55,475 - INFO - 2019-04-17 16:00:00-持仓: 0，浮动盈亏: 0.0, 合约：CFFEX.IC1904， 剩余天数: 2
2026-04-10 01:12:56,200 - INFO - 【主力切换】CFFEX.IC1904 → CFFEX.IC1905  | 时间: 2019-04-18 18:00:00.000000
2026-04-10 01:12:56,206 - DEBUG - websocket send data
2026-04-10 01:12:56,430 - DEBUG - websocket received data
2026-04-10 01:12:56,432 - DEBUG - websocket send data
2026-04-10 01:12:56,432 - DEBUG - websocket send data
2026-04-10 01:12:56,667 - DEBUG - websocket received data
2026-04-10 01:12:56,668 - DEBUG - websocket send data
2026-04-10 01:12:56,669 - DEBUG - websocket send data
2026-04-10 01:12:56,903 - DEBUG - websocket received data
2026-04-10 01:12:56,904 - DEBUG - websocket send data
2026-04-10 01:12:56,905 - DEBUG - websocket send data
2026-04-10 01:12:57,129 - DEBUG - websocket received data
2026-04-10 01:12:57,130 - DEBUG - websocket send data
2026-04-10 01:12:57,475 - DEBUG - websocket received data
2026-04-10 01:12:57,520 - DEBUG - websocket send data
2026-04-10 01:12:57,849 - DEBUG - websocket received data
2026-04-10 01:12:58,029 - DEBUG - websocket send data
2026-04-10 01:12:58,029 - DEBUG - websocket send data
2026-04-10 01:12:58,389 - DEBUG - websocket received data
2026-04-10 01:12:58,432 - DEBUG - websocket send data
2026-04-10 01:12:58,714 - DEBUG - websocket received data
2026-04-10 01:12:58,732 - DEBUG - websocket send data
2026-04-10 01:12:58,739 - DEBUG - websocket send data
2026-04-10 01:12:59,217 - INFO - 2019-04-18 16:00:00-持仓: 0，浮动盈亏: nan, 合约：CFFEX.IC1905， 剩余天数: 29
2026-04-10 01:12:59,226 - DEBUG - websocket received data
2026-04-10 01:12:59,227 - DEBUG - websocket send data
2026-04-10 01:12:59,929 - DEBUG - websocket send data
2026-04-10 01:12:59,929 - DEBUG - websocket send data
2026-04-10 01:12:59,976 - INFO - 2019-04-21 16:00:00-持仓: 0，浮动盈亏: nan, 合约：CFFEX.IC1905， 剩余天数: 28
2026-04-10 01:13:00,165 - DEBUG - websocket received data
2026-04-10 01:13:00,166 - DEBUG - websocket send data
2026-04-10 01:13:00,403 - DEBUG - websocket received data
2026-04-10 01:13:00,404 - DEBUG - websocket send data
2026-04-10 01:13:00,513 - INFO - 2019-04-22 16:00:00-持仓: 0，浮动盈亏: nan, 合约：CFFEX.IC1905， 剩余天数: 25
2026-04-10 01:13:01,044 - INFO - 2019-04-23 16:00:00-持仓: 0，浮动盈亏: nan, 合约：CFFEX.IC1905， 剩余天数: 24
2026-04-10 01:13:01,588 - INFO - 2019-04-24 16:00:00-持仓: 0，浮动盈亏: nan, 合约：CFFEX.IC1905， 剩余天数: 23
2026-04-10 01:13:02,130 - INFO - 2019-04-25 16:00:00-持仓: 0，浮动盈亏: nan, 合约：CFFEX.IC1905， 剩余天数: 22
2026-04-10 01:13:02,664 - INFO - 2019-04-28 16:00:00-持仓: 0，浮动盈亏: nan, 合约：CFFEX.IC1905， 剩余天数: 21
2026-04-10 01:13:03,315 - INFO - 2019-04-29 16:00:00-持仓: 0，浮动盈亏: nan, 合约：CFFEX.IC1905， 剩余天数: 18
2026-04-10 01:13:04,172 - INFO - 2019-05-05 16:00:00-持仓: 0，浮动盈亏: nan, 合约：CFFEX.IC1905， 剩余天数: 14
2026-04-10 01:13:05,017 - INFO - 🔍【贴水监控】2019-05-06 16:00:00 当前年化贴水 28.28% 处于历史极高分位: 96.9%
2026-04-10 01:13:05,018 - INFO - 2019-05-06 16:00:00-持仓: 0，浮动盈亏: nan, 合约：CFFEX.IC1905， 剩余天数: 11
2026-04-10 01:13:05,906 - INFO - 🔍【贴水监控】2019-05-07 16:00:00 当前年化贴水 29.10% 处于历史极高分位: 97.0%
2026-04-10 01:13:05,907 - INFO - 2019-05-07 16:00:00-持仓: 0，浮动盈亏: nan, 合约：CFFEX.IC1905， 剩余天数: 10
2026-04-10 01:13:06,433 - INFO - 🔍【贴水监控】2019-05-08 16:00:00 当前年化贴水 55.79% 处于历史极高分位: 99.7%
2026-04-10 01:13:06,434 - INFO - 2019-05-08 16:00:00-持仓: 0，浮动盈亏: nan, 合约：CFFEX.IC1905， 剩余天数: 9
2026-04-10 01:13:06,983 - INFO - 🔍【贴水监控】2019-05-09 16:00:00 当前年化贴水 17.07% 处于历史极高分位: 90.7%
2026-04-10 01:13:06,984 - INFO - 2019-05-09 16:00:00-持仓: 0，浮动盈亏: nan, 合约：CFFEX.IC1905， 剩余天数: 8
2026-04-10 01:13:07,504 - INFO - 🔍【贴水监控】2019-05-12 16:00:00 当前年化贴水 46.91% 处于历史极高分位: 99.5%
2026-04-10 01:13:07,505 - INFO - 2019-05-12 16:00:00-持仓: 0，浮动盈亏: nan, 合约：CFFEX.IC1905， 剩余天数: 7
2026-04-10 01:13:08,067 - INFO - 2019-05-13 16:00:00-持仓: 0，浮动盈亏: nan, 合约：CFFEX.IC1905， 剩余天数: 4
2026-04-10 01:13:08,573 - INFO - 🔍【贴水监控】2019-05-14 16:00:00 当前年化贴水 54.99% 处于历史极高分位: 99.7%
2026-04-10 01:13:08,574 - INFO - 2019-05-14 16:00:00-持仓: 0，浮动盈亏: nan, 合约：CFFEX.IC1905， 剩余天数: 3
2026-04-10 01:13:09,108 - INFO - 【主力切换】CFFEX.IC1905 → CFFEX.IC1906  | 时间: 2019-05-15 18:00:00.000000
2026-04-10 01:13:09,114 - DEBUG - websocket send data
2026-04-10 01:13:09,350 - DEBUG - websocket received data
2026-04-10 01:13:09,351 - DEBUG - websocket send data
2026-04-10 01:13:09,351 - DEBUG - websocket send data
2026-04-10 01:13:09,587 - DEBUG - websocket received data
2026-04-10 01:13:09,587 - DEBUG - websocket send data
2026-04-10 01:13:09,588 - DEBUG - websocket send data
2026-04-10 01:13:09,822 - DEBUG - websocket received data
2026-04-10 01:13:09,823 - DEBUG - websocket send data
2026-04-10 01:13:09,824 - DEBUG - websocket send data
2026-04-10 01:13:10,058 - DEBUG - websocket received data
2026-04-10 01:13:10,058 - DEBUG - websocket send data
2026-04-10 01:13:10,420 - DEBUG - websocket received data
2026-04-10 01:13:10,460 - DEBUG - websocket send data
2026-04-10 01:13:10,820 - DEBUG - websocket received data
2026-04-10 01:13:10,863 - DEBUG - websocket send data
2026-04-10 01:13:11,218 - DEBUG - websocket received data
2026-04-10 01:13:11,259 - DEBUG - websocket send data
2026-04-10 01:13:11,534 - DEBUG - websocket received data
2026-04-10 01:13:11,805 - DEBUG - websocket send data
2026-04-10 01:13:11,805 - DEBUG - websocket send data
2026-04-10 01:13:12,958 - DEBUG - websocket received data
2026-04-10 01:13:13,004 - DEBUG - websocket send data
2026-04-10 01:13:13,364 - DEBUG - websocket received data
2026-04-10 01:13:13,405 - DEBUG - websocket send data
2026-04-10 01:13:13,648 - DEBUG - websocket received data
2026-04-10 01:13:13,652 - DEBUG - websocket send data
2026-04-10 01:13:13,663 - DEBUG - websocket send data
2026-04-10 01:13:15,922 - INFO - 🔍【贴水监控】2019-05-15 16:00:00 当前年化贴水 23.79% 处于历史极高分位: 95.9%
2026-04-10 01:13:15,923 - INFO - 2019-05-15 16:00:00-持仓: 0，浮动盈亏: nan, 合约：CFFEX.IC1906， 剩余天数: 37
2026-04-10 01:13:15,948 - DEBUG - websocket received data
2026-04-10 01:13:15,950 - DEBUG - websocket send data
2026-04-10 01:13:16,920 - INFO - 🔍【贴水监控】2019-05-16 16:00:00 当前年化贴水 21.23% 处于历史极高分位: 95.0%
2026-04-10 01:13:16,922 - INFO - 2019-05-16 16:00:00-持仓: 0，浮动盈亏: nan, 合约：CFFEX.IC1906， 剩余天数: 36
2026-04-10 01:13:17,985 - DEBUG - websocket send data
2026-04-10 01:13:17,985 - DEBUG - websocket send data
2026-04-10 01:13:18,063 - INFO - 🔍【贴水监控】2019-05-19 16:00:00 当前年化贴水 17.99% 处于历史极高分位: 91.9%
2026-04-10 01:13:18,065 - INFO - 2019-05-19 16:00:00-持仓: 0，浮动盈亏: nan, 合约：CFFEX.IC1906， 剩余天数: 35
2026-04-10 01:13:18,222 - DEBUG - websocket received data
2026-04-10 01:13:18,224 - DEBUG - websocket send data
2026-04-10 01:13:18,460 - DEBUG - websocket received data
2026-04-10 01:13:18,461 - DEBUG - websocket send data
2026-04-10 01:13:18,865 - INFO - 2019-05-20 16:00:00-持仓: 0，浮动盈亏: nan, 合约：CFFEX.IC1906， 剩余天数: 32
2026-04-10 01:13:19,020 - DEBUG - websocket send data
2026-04-10 01:13:19,381 - DEBUG - websocket received data
2026-04-10 01:13:19,427 - DEBUG - websocket send data
2026-04-10 01:13:19,493 - INFO - 🔍【贴水监控】2019-05-21 16:00:00 当前年化贴水 23.53% 处于历史极高分位: 95.9%
2026-04-10 01:13:19,494 - INFO - 2019-05-21 16:00:00-持仓: 0，浮动盈亏: nan, 合约：CFFEX.IC1906， 剩余天数: 31
2026-04-10 01:13:19,787 - DEBUG - websocket received data
2026-04-10 01:13:19,832 - DEBUG - websocket send data
2026-04-10 01:13:20,095 - INFO - 🔍【贴水监控】2019-05-22 16:00:00 当前年化贴水 20.20% 处于历史极高分位: 94.2%
2026-04-10 01:13:20,096 - INFO - 2019-05-22 16:00:00-持仓: 0，浮动盈亏: nan, 合约：CFFEX.IC1906， 剩余天数: 30
2026-04-10 01:13:20,189 - DEBUG - websocket received data
2026-04-10 01:13:20,231 - DEBUG - websocket send data
2026-04-10 01:13:20,525 - DEBUG - websocket received data
2026-04-10 01:13:20,539 - DEBUG - websocket send data
2026-04-10 01:13:20,718 - INFO - 2019-05-23 16:00:00-持仓: 0，浮动盈亏: nan, 合约：CFFEX.IC1906， 剩余天数: 29
2026-04-10 01:13:21,285 - INFO - 🔍【贴水监控】2019-05-26 16:00:00 当前年化贴水 18.45% 处于历史极高分位: 92.2%
2026-04-10 01:13:21,286 - INFO - 2019-05-26 16:00:00-持仓: 0，浮动盈亏: nan, 合约：CFFEX.IC1906， 剩余天数: 28
2026-04-10 01:13:21,791 - INFO - 2019-05-27 16:00:00-持仓: 0，浮动盈亏: nan, 合约：CFFEX.IC1906， 剩余天数: 25
2026-04-10 01:13:22,332 - INFO - 🔍【贴水监控】2019-05-28 16:00:00 当前年化贴水 21.09% 处于历史极高分位: 95.0%
2026-04-10 01:13:22,333 - INFO - 2019-05-28 16:00:00-持仓: 0，浮动盈亏: nan, 合约：CFFEX.IC1906， 剩余天数: 24
2026-04-10 01:13:22,830 - INFO - 🔍【贴水监控】2019-05-29 16:00:00 当前年化贴水 21.71% 处于历史极高分位: 95.3%
2026-04-10 01:13:22,831 - INFO - 2019-05-29 16:00:00-持仓: 0，浮动盈亏: nan, 合约：CFFEX.IC1906， 剩余天数: 23
2026-04-10 01:13:23,366 - INFO - 🔍【贴水监控】2019-05-30 16:00:00 当前年化贴水 22.21% 处于历史极高分位: 95.6%
2026-04-10 01:13:23,367 - INFO - 2019-05-30 16:00:00-持仓: 0，浮动盈亏: nan, 合约：CFFEX.IC1906， 剩余天数: 22
2026-04-10 01:13:23,872 - INFO - 🔍【贴水监控】2019-06-02 16:00:00 当前年化贴水 21.37% 处于历史极高分位: 95.1%
2026-04-10 01:13:23,873 - INFO - 2019-06-02 16:00:00-持仓: 0，浮动盈亏: nan, 合约：CFFEX.IC1906， 剩余天数: 21
2026-04-10 01:13:24,424 - INFO - 🔍【贴水监控】2019-06-03 16:00:00 当前年化贴水 28.30% 处于历史极高分位: 96.9%
2026-04-10 01:13:24,425 - INFO - 2019-06-03 16:00:00-持仓: 0，浮动盈亏: nan, 合约：CFFEX.IC1906， 剩余天数: 18
2026-04-10 01:13:24,945 - INFO - 🔍【贴水监控】2019-06-04 16:00:00 当前年化贴水 21.70% 处于历史极高分位: 95.3%
2026-04-10 01:13:24,946 - INFO - 2019-06-04 16:00:00-持仓: 0，浮动盈亏: nan, 合约：CFFEX.IC1906， 剩余天数: 17
2026-04-10 01:13:25,482 - INFO - 🔍【贴水监控】2019-06-05 16:00:00 当前年化贴水 29.37% 处于历史极高分位: 97.0%
2026-04-10 01:13:25,483 - INFO - 2019-06-05 16:00:00-持仓: 0，浮动盈亏: nan, 合约：CFFEX.IC1906， 剩余天数: 16
2026-04-10 01:13:26,011 - INFO - 🔍【贴水监控】2019-06-09 16:00:00 当前年化贴水 29.86% 处于历史极高分位: 97.3%
2026-04-10 01:13:26,012 - INFO - 2019-06-09 16:00:00-持仓: 0，浮动盈亏: nan, 合约：CFFEX.IC1906， 剩余天数: 14
2026-04-10 01:13:26,542 - INFO - 🔍【贴水监控】2019-06-10 16:00:00 当前年化贴水 40.55% 处于历史极高分位: 99.1%
2026-04-10 01:13:26,544 - INFO - 2019-06-10 16:00:00-持仓: 0，浮动盈亏: nan, 合约：CFFEX.IC1906， 剩余天数: 11
2026-04-10 01:13:27,066 - INFO - 🔍【贴水监控】2019-06-11 16:00:00 当前年化贴水 19.68% 处于历史极高分位: 93.6%
2026-04-10 01:13:27,067 - INFO - 2019-06-11 16:00:00-持仓: 0，浮动盈亏: nan, 合约：CFFEX.IC1906， 剩余天数: 10
2026-04-10 01:13:27,590 - INFO - 🔍【贴水监控】2019-06-12 16:00:00 当前年化贴水 34.70% 处于历史极高分位: 98.5%
2026-04-10 01:13:27,591 - INFO - 2019-06-12 16:00:00-持仓: 0，浮动盈亏: nan, 合约：CFFEX.IC1906， 剩余天数: 9
2026-04-10 01:13:28,140 - INFO - 🔍【贴水监控】2019-06-13 16:00:00 当前年化贴水 30.13% 处于历史极高分位: 97.4%
2026-04-10 01:13:28,141 - INFO - 2019-06-13 16:00:00-持仓: 0，浮动盈亏: nan, 合约：CFFEX.IC1906， 剩余天数: 8
2026-04-10 01:13:28,672 - INFO - 🔍【贴水监控】2019-06-16 16:00:00 当前年化贴水 32.09% 处于历史极高分位: 98.1%
2026-04-10 01:13:28,673 - INFO - 2019-06-16 16:00:00-持仓: 0，浮动盈亏: nan, 合约：CFFEX.IC1906， 剩余天数: 7
2026-04-10 01:13:29,485 - INFO - 🔍【贴水监控】2019-06-17 16:00:00 当前年化贴水 21.46% 处于历史极高分位: 95.2%
2026-04-10 01:13:29,486 - INFO - 2019-06-17 16:00:00-持仓: 0，浮动盈亏: nan, 合约：CFFEX.IC1906， 剩余天数: 4
2026-04-10 01:13:30,509 - INFO - 2019-06-18 16:00:00-持仓: 0，浮动盈亏: nan, 合约：CFFEX.IC1906， 剩余天数: 3
2026-04-10 01:13:31,389 - INFO - 【主力切换】CFFEX.IC1906 → CFFEX.IC1907  | 时间: 2019-06-19 18:00:00.000000
2026-04-10 01:13:31,398 - DEBUG - websocket send data
2026-04-10 01:13:31,639 - DEBUG - websocket received data
2026-04-10 01:13:31,640 - DEBUG - websocket send data
2026-04-10 01:13:31,641 - DEBUG - websocket send data
2026-04-10 01:13:31,875 - DEBUG - websocket received data
2026-04-10 01:13:31,876 - DEBUG - websocket send data
2026-04-10 01:13:31,876 - DEBUG - websocket send data
2026-04-10 01:13:32,111 - DEBUG - websocket received data
2026-04-10 01:13:32,112 - DEBUG - websocket send data
2026-04-10 01:13:32,112 - DEBUG - websocket send data
2026-04-10 01:13:32,345 - DEBUG - websocket received data
2026-04-10 01:13:32,346 - DEBUG - websocket send data
2026-04-10 01:13:32,704 - DEBUG - websocket received data
2026-04-10 01:13:32,758 - DEBUG - websocket send data
2026-04-10 01:13:33,069 - DEBUG - websocket received data
2026-04-10 01:13:33,227 - DEBUG - websocket send data
2026-04-10 01:13:33,228 - DEBUG - websocket send data
2026-04-10 01:13:33,584 - DEBUG - websocket received data
2026-04-10 01:13:33,625 - DEBUG - websocket send data
2026-04-10 01:13:33,950 - DEBUG - websocket received data
2026-04-10 01:13:33,990 - DEBUG - websocket send data
2026-04-10 01:13:33,997 - DEBUG - websocket send data
2026-04-10 01:13:34,472 - INFO - 🔍【贴水监控】2019-06-19 16:00:00 当前年化贴水 18.15% 处于历史极高分位: 91.9%
2026-04-10 01:13:34,473 - INFO - 🚨【贴水报警】合约: CFFEX.IC1907 时间: 2019-06-19 16:00:00 | 期货收盘: 4780.80 | 指数收盘: 4853.21 | 年化贴水: 18.15 (分位: 91.9%) | 动态阈值: 10.64 | 指数SMA(20): 4850.79
2026-04-10 01:13:34,473 - INFO - ✅ 已下达【买入 1 手】指令，等待成交...
2026-04-10 01:13:34,482 - DEBUG - websocket received data
2026-04-10 01:13:34,483 - DEBUG - websocket send data
    INFO - 模拟交易下单 bigo, PYSDK_target_aef68c32e6fc9e2041335f4cef8c6ccc: 时间: 2019-06-20 09:30:00.000000, 合约: CFFEX.IC1907, 开平: OPEN, 方向: BUY, 手数: 1, 价格: 4782.599999999999
2026-04-10 01:13:34,485 - DEBUG - insert order
    INFO - 模拟交易委托单 bigo, PYSDK_target_aef68c32e6fc9e2041335f4cef8c6ccc: 全部成交
2026-04-10 01:13:34,485 - DEBUG - insert order
2026-04-10 01:13:34,486 - INFO - --- 交易成功通知 ---
2026-04-10 01:13:34,486 - INFO - Trade时间:2019-06-20 01:30:00.000000, 价格:4782.599999999999, 数量:1, 买卖方向:BUY
2026-04-10 01:13:34,486 - INFO - 目标持仓已达成，查询结束。
2026-04-10 01:13:35,352 - INFO - 💰【止盈平仓】合约: CFFEX.IC1907 达到止盈条件 (修复率: 122.88%)，触发平仓。
    INFO - 模拟交易下单 bigo, PYSDK_target_8cf6a14ded0e850c3fabb6aa097cae89: 时间: 2019-06-21 09:30:00.000000, 合约: CFFEX.IC1907, 开平: CLOSE, 方向: SELL, 手数: 1, 价格: 4998.0
2026-04-10 01:13:35,356 - DEBUG - insert order
    INFO - 模拟交易委托单 bigo, PYSDK_target_8cf6a14ded0e850c3fabb6aa097cae89: 全部成交
2026-04-10 01:13:35,356 - DEBUG - insert order
2026-04-10 01:13:35,357 - INFO - --- 交易成功通知 ---
2026-04-10 01:13:35,357 - INFO - Trade时间:2019-06-21 01:30:00.000000, 价格:4998.0, 数量:1, 买卖方向:SELL
2026-04-10 01:13:36,107 - DEBUG - websocket send data
2026-04-10 01:13:36,107 - DEBUG - websocket send data
2026-04-10 01:13:36,147 - INFO - 2019-06-23 16:00:00-持仓: 0，浮动盈亏: 0.0, 合约：CFFEX.IC1907， 剩余天数: 28
2026-04-10 01:13:36,344 - DEBUG - websocket received data
2026-04-10 01:13:36,344 - DEBUG - websocket send data
2026-04-10 01:13:36,579 - DEBUG - websocket received data
2026-04-10 01:13:36,580 - DEBUG - websocket send data
2026-04-10 01:13:36,824 - INFO - 2019-06-24 16:00:00-持仓: 0，浮动盈亏: 0.0, 合约：CFFEX.IC1907， 剩余天数: 25
2026-04-10 01:13:37,525 - INFO - 2019-06-25 16:00:00-持仓: 0，浮动盈亏: 0.0, 合约：CFFEX.IC1907， 剩余天数: 24
2026-04-10 01:13:38,236 - INFO - 2019-06-26 16:00:00-持仓: 0，浮动盈亏: 0.0, 合约：CFFEX.IC1907， 剩余天数: 23
2026-04-10 01:13:38,945 - INFO - 🔍【贴水监控】2019-06-27 16:00:00 当前年化贴水 17.63% 处于历史极高分位: 91.7%
2026-04-10 01:13:38,947 - INFO - 2019-06-27 16:00:00-持仓: 0，浮动盈亏: 0.0, 合约：CFFEX.IC1907， 剩余天数: 22
2026-04-10 01:13:39,621 - INFO - 2019-06-30 16:00:00-持仓: 0，浮动盈亏: 0.0, 合约：CFFEX.IC1907， 剩余天数: 21
2026-04-10 01:13:40,320 - INFO - 🔍【贴水监控】2019-07-01 16:00:00 当前年化贴水 21.44% 处于历史极高分位: 95.1%
2026-04-10 01:13:40,321 - INFO - 2019-07-01 16:00:00-持仓: 0，浮动盈亏: 0.0, 合约：CFFEX.IC1907， 剩余天数: 18
2026-04-10 01:13:41,033 - INFO - 🔍【贴水监控】2019-07-02 16:00:00 当前年化贴水 29.41% 处于历史极高分位: 97.0%
2026-04-10 01:13:41,034 - INFO - 2019-07-02 16:00:00-持仓: 0，浮动盈亏: 0.0, 合约：CFFEX.IC1907， 剩余天数: 17
2026-04-10 01:13:41,878 - INFO - 🔍【贴水监控】2019-07-03 16:00:00 当前年化贴水 17.94% 处于历史极高分位: 91.8%
2026-04-10 01:13:41,879 - INFO - 2019-07-03 16:00:00-持仓: 0，浮动盈亏: 0.0, 合约：CFFEX.IC1907， 剩余天数: 16
2026-04-10 01:13:43,014 - INFO - 🔍【贴水监控】2019-07-04 16:00:00 当前年化贴水 20.01% 处于历史极高分位: 94.0%
2026-04-10 01:13:43,015 - INFO - 2019-07-04 16:00:00-持仓: 0，浮动盈亏: 0.0, 合约：CFFEX.IC1907， 剩余天数: 15
2026-04-10 01:13:44,188 - INFO - 🔍【贴水监控】2019-07-07 16:00:00 当前年化贴水 17.44% 处于历史极高分位: 91.3%
2026-04-10 01:13:44,192 - INFO - 2019-07-07 16:00:00-持仓: 0，浮动盈亏: 0.0, 合约：CFFEX.IC1907， 剩余天数: 14
2026-04-10 01:13:44,917 - INFO - 🔍【贴水监控】2019-07-08 16:00:00 当前年化贴水 25.41% 处于历史极高分位: 96.5%
2026-04-10 01:13:44,918 - INFO - 2019-07-08 16:00:00-持仓: 0，浮动盈亏: 0.0, 合约：CFFEX.IC1907， 剩余天数: 11
2026-04-10 01:13:45,636 - INFO - 🔍【贴水监控】2019-07-09 16:00:00 当前年化贴水 30.97% 处于历史极高分位: 97.7%
2026-04-10 01:13:45,638 - INFO - 2019-07-09 16:00:00-持仓: 0，浮动盈亏: 0.0, 合约：CFFEX.IC1907， 剩余天数: 10
2026-04-10 01:13:46,377 - INFO - 🔍【贴水监控】2019-07-10 16:00:00 当前年化贴水 33.06% 处于历史极高分位: 98.3%
2026-04-10 01:13:46,378 - INFO - 2019-07-10 16:00:00-持仓: 0，浮动盈亏: 0.0, 合约：CFFEX.IC1907， 剩余天数: 9
2026-04-10 01:13:47,066 - INFO - 🔍【贴水监控】2019-07-11 16:00:00 当前年化贴水 44.44% 处于历史极高分位: 99.4%
2026-04-10 01:13:47,067 - INFO - 2019-07-11 16:00:00-持仓: 0，浮动盈亏: 0.0, 合约：CFFEX.IC1907， 剩余天数: 8
2026-04-10 01:13:47,789 - INFO - 🔍【贴水监控】2019-07-14 16:00:00 当前年化贴水 40.73% 处于历史极高分位: 99.1%
2026-04-10 01:13:47,790 - INFO - 2019-07-14 16:00:00-持仓: 0，浮动盈亏: 0.0, 合约：CFFEX.IC1907， 剩余天数: 7
2026-04-10 01:13:48,517 - INFO - 🔍【贴水监控】2019-07-15 16:00:00 当前年化贴水 36.72% 处于历史极高分位: 98.7%
2026-04-10 01:13:48,518 - INFO - 2019-07-15 16:00:00-持仓: 0，浮动盈亏: 0.0, 合约：CFFEX.IC1907， 剩余天数: 4
2026-04-10 01:13:49,242 - INFO - 🔍【贴水监控】2019-07-16 16:00:00 当前年化贴水 30.23% 处于历史极高分位: 97.6%
2026-04-10 01:13:49,243 - INFO - 2019-07-16 16:00:00-持仓: 0，浮动盈亏: 0.0, 合约：CFFEX.IC1907， 剩余天数: 3
2026-04-10 01:13:50,039 - INFO - 🔍【贴水监控】2019-07-17 16:00:00 当前年化贴水 71.81% 处于历史极高分位: 99.9%
2026-04-10 01:13:50,040 - INFO - 2019-07-17 16:00:00-持仓: 0，浮动盈亏: 0.0, 合约：CFFEX.IC1907， 剩余天数: 2
2026-04-10 01:13:50,694 - DEBUG - websocket send data
2026-04-10 01:13:50,748 - INFO - 【主力切换】CFFEX.IC1907 → CFFEX.IC1908  | 时间: 2019-07-18 18:00:00.000000
2026-04-10 01:13:50,753 - DEBUG - websocket send data
2026-04-10 01:13:51,055 - DEBUG - websocket received data
2026-04-10 01:13:51,106 - DEBUG - websocket send data
2026-04-10 01:13:51,338 - DEBUG - websocket received data
2026-04-10 01:13:51,340 - DEBUG - websocket send data
2026-04-10 01:13:51,340 - DEBUG - websocket send data
2026-04-10 01:13:51,676 - DEBUG - websocket received data
2026-04-10 01:13:51,721 - DEBUG - websocket send data
2026-04-10 01:13:51,953 - DEBUG - websocket received data
2026-04-10 01:13:51,955 - DEBUG - websocket send data
2026-04-10 01:13:51,956 - DEBUG - websocket send data
2026-04-10 01:13:52,298 - DEBUG - websocket received data
2026-04-10 01:13:52,340 - DEBUG - websocket send data
2026-04-10 01:13:52,572 - DEBUG - websocket received data
2026-04-10 01:13:52,574 - DEBUG - websocket send data
2026-04-10 01:13:52,575 - DEBUG - websocket send data
2026-04-10 01:13:52,847 - DEBUG - websocket received data
2026-04-10 01:13:52,862 - DEBUG - websocket send data
2026-04-10 01:13:53,200 - DEBUG - websocket received data
2026-04-10 01:13:53,241 - DEBUG - websocket send data
2026-04-10 01:13:53,525 - DEBUG - websocket received data
2026-04-10 01:13:53,674 - DEBUG - websocket send data
2026-04-10 01:13:53,675 - DEBUG - websocket send data
2026-04-10 01:13:54,031 - DEBUG - websocket received data
2026-04-10 01:13:54,073 - DEBUG - websocket send data
2026-04-10 01:13:54,395 - DEBUG - websocket received data
2026-04-10 01:13:54,442 - DEBUG - websocket send data
2026-04-10 01:13:54,451 - DEBUG - websocket send data
2026-04-10 01:13:55,124 - INFO - 2019-07-18 16:00:00-持仓: 0，浮动盈亏: nan, 合约：CFFEX.IC1908， 剩余天数: 29
2026-04-10 01:13:55,133 - DEBUG - websocket received data
2026-04-10 01:13:55,135 - DEBUG - websocket send data
2026-04-10 01:13:56,393 - DEBUG - websocket send data
2026-04-10 01:13:56,393 - DEBUG - websocket send data
2026-04-10 01:13:56,452 - INFO - 2019-07-21 16:00:00-持仓: 0，浮动盈亏: nan, 合约：CFFEX.IC1908， 剩余天数: 28
2026-04-10 01:13:56,630 - DEBUG - websocket received data
2026-04-10 01:13:56,631 - DEBUG - websocket send data
2026-04-10 01:13:56,854 - DEBUG - websocket received data
2026-04-10 01:13:56,855 - DEBUG - websocket send data
2026-04-10 01:13:57,266 - INFO - 2019-07-22 16:00:00-持仓: 0，浮动盈亏: nan, 合约：CFFEX.IC1908， 剩余天数: 25
2026-04-10 01:13:57,796 - INFO - 2019-07-23 16:00:00-持仓: 0，浮动盈亏: nan, 合约：CFFEX.IC1908， 剩余天数: 24
2026-04-10 01:13:58,372 - INFO - 2019-07-24 16:00:00-持仓: 0，浮动盈亏: nan, 合约：CFFEX.IC1908， 剩余天数: 23
2026-04-10 01:13:58,922 - INFO - 2019-07-25 16:00:00-持仓: 0，浮动盈亏: nan, 合约：CFFEX.IC1908， 剩余天数: 22
2026-04-10 01:13:59,476 - INFO - 2019-07-28 16:00:00-持仓: 0，浮动盈亏: nan, 合约：CFFEX.IC1908， 剩余天数: 21
2026-04-10 01:14:00,051 - INFO - 🔍【贴水监控】2019-07-29 16:00:00 当前年化贴水 18.63% 处于历史极高分位: 92.5%
2026-04-10 01:14:00,052 - INFO - 🚨【贴水报警】合约: CFFEX.IC1908 时间: 2019-07-29 16:00:00 | 期货收盘: 4857.80 | 指数收盘: 4902.84 | 年化贴水: 18.63 (分位: 92.5%) | 动态阈值: 10.64 | 指数SMA(20): 4899.16
2026-04-10 01:14:00,052 - INFO - ✅ 已下达【买入 1 手】指令，等待成交...
    INFO - 模拟交易下单 bigo, PYSDK_target_cb7faac7322fcd90bc7977d10c2bdd5a: 时间: 2019-07-30 09:30:00.000000, 合约: CFFEX.IC1908, 开平: OPEN, 方向: BUY, 手数: 1, 价格: 4857.599999999999
2026-04-10 01:14:00,057 - DEBUG - insert order
    INFO - 模拟交易委托单 bigo, PYSDK_target_cb7faac7322fcd90bc7977d10c2bdd5a: 全部成交
2026-04-10 01:14:00,057 - DEBUG - insert order
2026-04-10 01:14:00,058 - INFO - --- 交易成功通知 ---
2026-04-10 01:14:00,058 - INFO - Trade时间:2019-07-30 01:30:00.000000, 价格:4857.599999999999, 数量:1, 买卖方向:BUY
2026-04-10 01:14:00,058 - INFO - 目标持仓已达成，查询结束。
2026-04-10 01:14:00,847 - INFO - 🔍【贴水监控】2019-07-30 16:00:00 当前年化贴水 19.68% 处于历史极高分位: 93.6%
2026-04-10 01:14:02,553 - INFO - 🔍【贴水监控】2019-08-01 16:00:00 当前年化贴水 19.08% 处于历史极高分位: 93.0%
2026-04-10 01:14:03,367 - INFO - 🔍【贴水监控】2019-08-04 16:00:00 当前年化贴水 22.24% 处于历史极高分位: 95.6%
2026-04-10 01:14:04,981 - INFO - 🔍【贴水监控】2019-08-06 16:00:00 当前年化贴水 22.18% 处于历史极高分位: 95.6%
2026-04-10 01:14:06,517 - INFO - 🔍【贴水监控】2019-08-08 16:00:00 当前年化贴水 35.17% 处于历史极高分位: 98.6%
2026-04-10 01:14:07,436 - INFO - 🔍【贴水监控】2019-08-11 16:00:00 当前年化贴水 27.29% 处于历史极高分位: 96.9%
2026-04-10 01:14:08,732 - INFO - 💰【止盈平仓】合约: CFFEX.IC1908 达到止盈条件 (修复率: 115.28%)，触发平仓。
    INFO - 模拟交易下单 bigo, PYSDK_target_f2ec06b6e9d63a98f6c40678d1e58138: 时间: 2019-08-13 09:30:00.000000, 合约: CFFEX.IC1908, 开平: CLOSE, 方向: SELL, 手数: 1, 价格: 4650.8
2026-04-10 01:14:08,738 - DEBUG - insert order
    INFO - 模拟交易委托单 bigo, PYSDK_target_f2ec06b6e9d63a98f6c40678d1e58138: 全部成交
2026-04-10 01:14:08,738 - DEBUG - insert order
2026-04-10 01:14:08,739 - INFO - --- 交易成功通知 ---
2026-04-10 01:14:08,739 - INFO - Trade时间:2019-08-13 01:30:00.000000, 价格:4650.8, 数量:1, 买卖方向:SELL
2026-04-10 01:14:09,912 - INFO - 🔍【贴水监控】2019-08-13 16:00:00 当前年化贴水 50.33% 处于历史极高分位: 99.5%
2026-04-10 01:14:09,913 - INFO - 2019-08-13 16:00:00-持仓: 0，浮动盈亏: 0.0, 合约：CFFEX.IC1908， 剩余天数: 3
2026-04-10 01:14:10,625 - INFO - 【主力切换】CFFEX.IC1908 → CFFEX.IC1909  | 时间: 2019-08-14 18:00:00.000000
2026-04-10 01:14:10,631 - DEBUG - websocket send data
2026-04-10 01:14:10,860 - DEBUG - websocket received data
2026-04-10 01:14:10,861 - DEBUG - websocket send data
2026-04-10 01:14:10,862 - DEBUG - websocket send data
2026-04-10 01:14:11,096 - DEBUG - websocket received data
2026-04-10 01:14:11,098 - DEBUG - websocket send data
2026-04-10 01:14:11,098 - DEBUG - websocket send data
2026-04-10 01:14:11,328 - DEBUG - websocket received data
2026-04-10 01:14:11,329 - DEBUG - websocket send data
2026-04-10 01:14:11,329 - DEBUG - websocket send data
2026-04-10 01:14:11,551 - DEBUG - websocket received data
2026-04-10 01:14:11,552 - DEBUG - websocket send data
2026-04-10 01:14:11,896 - DEBUG - websocket received data
2026-04-10 01:14:11,938 - DEBUG - websocket send data
2026-04-10 01:14:12,286 - DEBUG - websocket received data
2026-04-10 01:14:12,329 - DEBUG - websocket send data
2026-04-10 01:14:12,965 - DEBUG - websocket received data
2026-04-10 01:14:13,005 - DEBUG - websocket send data
2026-04-10 01:14:13,268 - DEBUG - websocket received data
2026-04-10 01:14:13,533 - DEBUG - websocket send data
2026-04-10 01:14:13,533 - DEBUG - websocket send data
2026-04-10 01:14:13,881 - DEBUG - websocket received data
2026-04-10 01:14:13,924 - DEBUG - websocket send data
2026-04-10 01:14:14,283 - DEBUG - websocket received data
2026-04-10 01:14:14,322 - DEBUG - websocket send data
2026-04-10 01:14:14,551 - DEBUG - websocket received data
2026-04-10 01:14:14,556 - DEBUG - websocket send data
2026-04-10 01:14:14,565 - DEBUG - websocket send data
2026-04-10 01:14:17,068 - INFO - 2019-08-14 16:00:00-持仓: 0，浮动盈亏: nan, 合约：CFFEX.IC1909， 剩余天数: 37
2026-04-10 01:14:17,079 - DEBUG - websocket received data
2026-04-10 01:14:17,080 - DEBUG - websocket send data
2026-04-10 01:14:17,975 - INFO - 2019-08-15 16:00:00-持仓: 0，浮动盈亏: nan, 合约：CFFEX.IC1909， 剩余天数: 36
2026-04-10 01:14:18,772 - DEBUG - websocket send data
2026-04-10 01:14:18,773 - DEBUG - websocket send data
2026-04-10 01:14:18,813 - INFO - 2019-08-18 16:00:00-持仓: 0，浮动盈亏: nan, 合约：CFFEX.IC1909， 剩余天数: 35
2026-04-10 01:14:19,007 - DEBUG - websocket received data
2026-04-10 01:14:19,008 - DEBUG - websocket send data
2026-04-10 01:14:19,242 - DEBUG - websocket received data
2026-04-10 01:14:19,243 - DEBUG - websocket send data
2026-04-10 01:14:19,392 - INFO - 2019-08-19 16:00:00-持仓: 0，浮动盈亏: nan, 合约：CFFEX.IC1909， 剩余天数: 32
2026-04-10 01:14:19,976 - INFO - 2019-08-20 16:00:00-持仓: 0，浮动盈亏: nan, 合约：CFFEX.IC1909， 剩余天数: 31
2026-04-10 01:14:20,874 - INFO - 2019-08-21 16:00:00-持仓: 0，浮动盈亏: nan, 合约：CFFEX.IC1909， 剩余天数: 30
2026-04-10 01:14:21,730 - INFO - 🚨【贴水报警】合约: CFFEX.IC1909 时间: 2019-08-22 16:00:00 | 期货收盘: 4845.00 | 指数收盘: 4888.53 | 年化贴水: 11.21 (分位: 77.6%) | 动态阈值: 10.64 | 指数SMA(20): 4777.61
2026-04-10 01:14:21,730 - INFO - ✅ 已下达【买入 1 手】指令，等待成交...
    INFO - 模拟交易下单 bigo, PYSDK_target_18bb95e2ea7b08e7b7bdeb8e7e06c0b8: 时间: 2019-08-23 09:30:00.000000, 合约: CFFEX.IC1909, 开平: OPEN, 方向: BUY, 手数: 1, 价格: 4843.2
2026-04-10 01:14:21,735 - DEBUG - insert order
    INFO - 模拟交易委托单 bigo, PYSDK_target_18bb95e2ea7b08e7b7bdeb8e7e06c0b8: 全部成交
2026-04-10 01:14:21,735 - DEBUG - insert order
2026-04-10 01:14:21,737 - INFO - --- 交易成功通知 ---
2026-04-10 01:14:21,737 - INFO - Trade时间:2019-08-23 01:30:00.000000, 价格:4843.2, 数量:1, 买卖方向:BUY
2026-04-10 01:14:21,737 - INFO - 目标持仓已达成，查询结束。
2026-04-10 01:14:29,353 - INFO - 💰【止盈平仓】合约: CFFEX.IC1909 达到止盈条件 (修复率: 143.86%)，触发平仓。
    INFO - 模拟交易下单 bigo, PYSDK_target_3f68e85cb762e1714f04943502076be6: 时间: 2019-09-05 09:30:00.000000, 合约: CFFEX.IC1909, 开平: CLOSE, 方向: SELL, 手数: 1, 价格: 5129.8
2026-04-10 01:14:29,357 - DEBUG - insert order
    INFO - 模拟交易委托单 bigo, PYSDK_target_3f68e85cb762e1714f04943502076be6: 全部成交
2026-04-10 01:14:29,357 - DEBUG - insert order
2026-04-10 01:14:29,358 - INFO - --- 交易成功通知 ---
2026-04-10 01:14:29,358 - INFO - Trade时间:2019-09-05 01:30:00.000000, 价格:5129.8, 数量:1, 买卖方向:SELL
2026-04-10 01:14:30,057 - INFO - 2019-09-05 16:00:00-持仓: 0，浮动盈亏: 0.0, 合约：CFFEX.IC1909， 剩余天数: 15
2026-04-10 01:14:30,784 - INFO - 2019-09-08 16:00:00-持仓: 0，浮动盈亏: 0.0, 合约：CFFEX.IC1909， 剩余天数: 14
2026-04-10 01:14:31,512 - INFO - 2019-09-09 16:00:00-持仓: 0，浮动盈亏: 0.0, 合约：CFFEX.IC1909， 剩余天数: 11
2026-04-10 01:14:32,221 - INFO - 2019-09-10 16:00:00-持仓: 0，浮动盈亏: 0.0, 合约：CFFEX.IC1909， 剩余天数: 10
2026-04-10 01:14:33,108 - INFO - 2019-09-11 16:00:00-持仓: 0，浮动盈亏: 0.0, 合约：CFFEX.IC1909， 剩余天数: 9
2026-04-10 01:14:34,526 - INFO - 2019-09-15 16:00:00-持仓: 0，浮动盈亏: 0.0, 合约：CFFEX.IC1909， 剩余天数: 7
2026-04-10 01:14:35,687 - INFO - 🔍【贴水监控】2019-09-16 16:00:00 当前年化贴水 26.41% 处于历史极高分位: 96.8%
2026-04-10 01:14:35,688 - INFO - 2019-09-16 16:00:00-持仓: 0，浮动盈亏: 0.0, 合约：CFFEX.IC1909， 剩余天数: 4
2026-04-10 01:14:36,118 - DEBUG - websocket send data
2026-04-10 01:14:36,408 - INFO - 2019-09-17 16:00:00-持仓: 0，浮动盈亏: 0.0, 合约：CFFEX.IC1909， 剩余天数: 3
2026-04-10 01:14:36,470 - DEBUG - websocket received data
2026-04-10 01:14:36,516 - DEBUG - websocket send data
2026-04-10 01:14:36,874 - DEBUG - websocket received data
2026-04-10 01:14:36,918 - DEBUG - websocket send data
2026-04-10 01:14:37,248 - INFO - 【主力切换】CFFEX.IC1909 → CFFEX.IC1910  | 时间: 2019-09-18 18:00:00.000000
2026-04-10 01:14:37,263 - DEBUG - websocket send data
2026-04-10 01:14:37,265 - DEBUG - websocket received data
2026-04-10 01:14:37,311 - DEBUG - websocket send data
2026-04-10 01:14:37,540 - DEBUG - websocket received data
2026-04-10 01:14:37,542 - DEBUG - websocket send data
2026-04-10 01:14:37,542 - DEBUG - websocket send data
2026-04-10 01:14:37,813 - DEBUG - websocket received data
2026-04-10 01:14:37,827 - DEBUG - websocket send data
2026-04-10 01:14:38,047 - DEBUG - websocket received data
2026-04-10 01:14:38,048 - DEBUG - websocket send data
2026-04-10 01:14:38,049 - DEBUG - websocket send data
2026-04-10 01:14:38,278 - DEBUG - websocket received data
2026-04-10 01:14:38,279 - DEBUG - websocket send data
2026-04-10 01:14:38,279 - DEBUG - websocket send data
2026-04-10 01:14:38,513 - DEBUG - websocket received data
2026-04-10 01:14:38,514 - DEBUG - websocket send data
2026-04-10 01:14:38,860 - DEBUG - websocket received data
2026-04-10 01:14:38,898 - DEBUG - websocket send data
2026-04-10 01:14:39,214 - DEBUG - websocket received data
2026-04-10 01:14:39,363 - DEBUG - websocket send data
2026-04-10 01:14:39,364 - DEBUG - websocket send data
2026-04-10 01:14:39,717 - DEBUG - websocket received data
2026-04-10 01:14:39,759 - DEBUG - websocket send data
2026-04-10 01:14:40,038 - DEBUG - websocket received data
2026-04-10 01:14:40,053 - DEBUG - websocket send data
2026-04-10 01:14:40,059 - DEBUG - websocket send data
2026-04-10 01:14:40,507 - INFO - 2019-09-18 16:00:00-持仓: 0，浮动盈亏: nan, 合约：CFFEX.IC1910， 剩余天数: 30
2026-04-10 01:14:40,516 - DEBUG - websocket received data
2026-04-10 01:14:40,517 - DEBUG - websocket send data
2026-04-10 01:14:41,346 - INFO - 2019-09-19 16:00:00-持仓: 0，浮动盈亏: nan, 合约：CFFEX.IC1910， 剩余天数: 29
2026-04-10 01:14:42,133 - DEBUG - websocket send data
2026-04-10 01:14:42,133 - DEBUG - websocket send data
2026-04-10 01:14:42,172 - INFO - 🚨【贴水报警】合约: CFFEX.IC1910 时间: 2019-09-22 16:00:00 | 期货收盘: 5140.00 | 指数收盘: 5192.88 | 年化贴水: 13.27 (分位: 83.8%) | 动态阈值: 10.64 | 指数SMA(20): 5103.44
2026-04-10 01:14:42,172 - INFO - ✅ 已下达【买入 1 手】指令，等待成交...
    INFO - 模拟交易下单 bigo, PYSDK_target_a98af57c1230c16a3861ce80f26f78f7: 时间: 2019-09-23 09:30:00.000000, 合约: CFFEX.IC1910, 开平: OPEN, 方向: BUY, 手数: 1, 价格: 5140.2
2026-04-10 01:14:42,176 - DEBUG - insert order
    INFO - 模拟交易委托单 bigo, PYSDK_target_a98af57c1230c16a3861ce80f26f78f7: 全部成交
2026-04-10 01:14:42,176 - DEBUG - insert order
2026-04-10 01:14:42,177 - INFO - --- 交易成功通知 ---
2026-04-10 01:14:42,178 - INFO - Trade时间:2019-09-23 01:30:00.000000, 价格:5140.2, 数量:1, 买卖方向:BUY
2026-04-10 01:14:42,178 - INFO - 目标持仓已达成，查询结束。
2026-04-10 01:14:42,357 - DEBUG - websocket received data
2026-04-10 01:14:42,358 - DEBUG - websocket send data
2026-04-10 01:14:42,597 - DEBUG - websocket received data
2026-04-10 01:14:42,598 - DEBUG - websocket send data
2026-04-10 01:14:45,386 - INFO - 💰【止盈平仓】合约: CFFEX.IC1910 达到止盈条件 (修复率: 78.82%)，触发平仓。
    INFO - 模拟交易下单 bigo, PYSDK_target_e78b7fd57d834b43f0ca5f78107664cb: 时间: 2019-09-27 09:30:00.000000, 合约: CFFEX.IC1910, 开平: CLOSE, 方向: SELL, 手数: 1, 价格: 4965.8
2026-04-10 01:14:45,390 - DEBUG - insert order
    INFO - 模拟交易委托单 bigo, PYSDK_target_e78b7fd57d834b43f0ca5f78107664cb: 全部成交
2026-04-10 01:14:45,390 - DEBUG - insert order
2026-04-10 01:14:45,391 - INFO - --- 交易成功通知 ---
2026-04-10 01:14:45,391 - INFO - Trade时间:2019-09-27 01:30:00.000000, 价格:4965.8, 数量:1, 买卖方向:SELL
2026-04-10 01:14:46,479 - INFO - 2019-09-29 16:00:00-持仓: 0，浮动盈亏: 0.0, 合约：CFFEX.IC1910， 剩余天数: 21
2026-04-10 01:14:47,677 - INFO - 2019-10-07 16:00:00-持仓: 0，浮动盈亏: 0.0, 合约：CFFEX.IC1910， 剩余天数: 11
2026-04-10 01:14:48,702 - INFO - 2019-10-08 16:00:00-持仓: 0，浮动盈亏: 0.0, 合约：CFFEX.IC1910， 剩余天数: 10
2026-04-10 01:14:49,436 - INFO - 🔍【贴水监控】2019-10-09 16:00:00 当前年化贴水 21.25% 处于历史极高分位: 95.0%
2026-04-10 01:14:49,437 - INFO - 2019-10-09 16:00:00-持仓: 0，浮动盈亏: 0.0, 合约：CFFEX.IC1910， 剩余天数: 9
2026-04-10 01:14:50,164 - INFO - 🔍【贴水监控】2019-10-10 16:00:00 当前年化贴水 20.58% 处于历史极高分位: 94.3%
2026-04-10 01:14:50,165 - INFO - 2019-10-10 16:00:00-持仓: 0，浮动盈亏: 0.0, 合约：CFFEX.IC1910， 剩余天数: 8
2026-04-10 01:14:50,866 - INFO - 2019-10-13 16:00:00-持仓: 0，浮动盈亏: 0.0, 合约：CFFEX.IC1910， 剩余天数: 7
2026-04-10 01:14:51,594 - INFO - 🔍【贴水监控】2019-10-14 16:00:00 当前年化贴水 37.91% 处于历史极高分位: 98.9%
2026-04-10 01:14:51,595 - INFO - 2019-10-14 16:00:00-持仓: 0，浮动盈亏: 0.0, 合约：CFFEX.IC1910， 剩余天数: 4
2026-04-10 01:14:52,321 - INFO - 2019-10-15 16:00:00-持仓: 0，浮动盈亏: 0.0, 合约：CFFEX.IC1910， 剩余天数: 3
2026-04-10 01:14:53,032 - INFO - 🔍【贴水监控】2019-10-16 16:00:00 当前年化贴水 29.23% 处于历史极高分位: 97.0%
2026-04-10 01:14:53,032 - INFO - 2019-10-16 16:00:00-持仓: 0，浮动盈亏: 0.0, 合约：CFFEX.IC1910， 剩余天数: 2
2026-04-10 01:14:53,746 - INFO - 【主力切换】CFFEX.IC1910 → CFFEX.IC1911  | 时间: 2019-10-17 18:00:00.000000
2026-04-10 01:14:53,752 - DEBUG - websocket send data
2026-04-10 01:14:53,976 - DEBUG - websocket received data
2026-04-10 01:14:53,977 - DEBUG - websocket send data
2026-04-10 01:14:53,977 - DEBUG - websocket send data
2026-04-10 01:14:54,199 - DEBUG - websocket received data
2026-04-10 01:14:54,200 - DEBUG - websocket send data
2026-04-10 01:14:54,201 - DEBUG - websocket send data
2026-04-10 01:14:54,434 - DEBUG - websocket received data
2026-04-10 01:14:54,435 - DEBUG - websocket send data
2026-04-10 01:14:54,435 - DEBUG - websocket send data
2026-04-10 01:14:54,670 - DEBUG - websocket received data
2026-04-10 01:14:54,670 - DEBUG - websocket send data
2026-04-10 01:14:55,005 - DEBUG - websocket received data
2026-04-10 01:14:55,047 - DEBUG - websocket send data
2026-04-10 01:14:55,293 - DEBUG - websocket received data
2026-04-10 01:14:55,396 - DEBUG - websocket send data
2026-04-10 01:14:55,397 - DEBUG - websocket send data
2026-04-10 01:14:55,741 - DEBUG - websocket received data
2026-04-10 01:14:55,782 - DEBUG - websocket send data
2026-04-10 01:14:56,097 - DEBUG - websocket received data
2026-04-10 01:14:56,126 - DEBUG - websocket send data
2026-04-10 01:14:56,130 - DEBUG - websocket send data
2026-04-10 01:14:56,438 - INFO - 2019-10-17 16:00:00-持仓: 0，浮动盈亏: nan, 合约：CFFEX.IC1911， 剩余天数: 29
2026-04-10 01:14:56,444 - DEBUG - websocket received data
2026-04-10 01:14:56,445 - DEBUG - websocket send data
2026-04-10 01:14:57,240 - DEBUG - websocket send data
2026-04-10 01:14:57,240 - DEBUG - websocket send data
2026-04-10 01:14:57,281 - INFO - 🔍【贴水监控】2019-10-20 16:00:00 当前年化贴水 17.57% 处于历史极高分位: 91.5%
2026-04-10 01:14:57,281 - INFO - 2019-10-20 16:00:00-持仓: 0，浮动盈亏: nan, 合约：CFFEX.IC1911， 剩余天数: 28
2026-04-10 01:14:57,476 - DEBUG - websocket received data
2026-04-10 01:14:57,477 - DEBUG - websocket send data
2026-04-10 01:14:57,758 - DEBUG - websocket received data
2026-04-10 01:14:57,759 - DEBUG - websocket send data
2026-04-10 01:14:57,983 - INFO - 2019-10-21 16:00:00-持仓: 0，浮动盈亏: nan, 合约：CFFEX.IC1911， 剩余天数: 25
2026-04-10 01:14:58,710 - INFO - 🔍【贴水监控】2019-10-22 16:00:00 当前年化贴水 17.84% 处于历史极高分位: 91.8%
2026-04-10 01:14:58,711 - INFO - 2019-10-22 16:00:00-持仓: 0，浮动盈亏: nan, 合约：CFFEX.IC1911， 剩余天数: 24
2026-04-10 01:14:59,636 - INFO - 2019-10-23 16:00:00-持仓: 0，浮动盈亏: nan, 合约：CFFEX.IC1911， 剩余天数: 23
2026-04-10 01:15:00,557 - INFO - 2019-10-24 16:00:00-持仓: 0，浮动盈亏: nan, 合约：CFFEX.IC1911， 剩余天数: 22
2026-04-10 01:15:01,425 - INFO - 2019-10-27 16:00:00-持仓: 0，浮动盈亏: nan, 合约：CFFEX.IC1911， 剩余天数: 21
2026-04-10 01:15:02,038 - INFO - 🚨【贴水报警】合约: CFFEX.IC1911 时间: 2019-10-28 16:00:00 | 期货收盘: 5040.40 | 指数收盘: 5080.93 | 年化贴水: 16.18 (分位: 89.3%) | 动态阈值: 10.64 | 指数SMA(20): 5014.73
2026-04-10 01:15:02,038 - INFO - ✅ 已下达【买入 1 手】指令，等待成交...
    INFO - 模拟交易下单 bigo, PYSDK_target_51da7de5c66adf9e51edd26163dcb34d: 时间: 2019-10-29 09:30:00.000000, 合约: CFFEX.IC1911, 开平: OPEN, 方向: BUY, 手数: 1, 价格: 5044.2
2026-04-10 01:15:02,043 - DEBUG - insert order
    INFO - 模拟交易委托单 bigo, PYSDK_target_51da7de5c66adf9e51edd26163dcb34d: 全部成交
2026-04-10 01:15:02,043 - DEBUG - insert order
2026-04-10 01:15:02,044 - INFO - --- 交易成功通知 ---
2026-04-10 01:15:02,044 - INFO - Trade时间:2019-10-29 01:30:00.000000, 价格:5044.2, 数量:1, 买卖方向:BUY
2026-04-10 01:15:02,044 - INFO - 目标持仓已达成，查询结束。
2026-04-10 01:15:02,875 - INFO - 💰【止盈平仓】合约: CFFEX.IC1911 达到止盈条件 (修复率: 66.20%)，触发平仓。
    INFO - 模拟交易下单 bigo, PYSDK_target_8719faee2ce38784234a694774672809: 时间: 2019-10-30 09:30:00.000000, 合约: CFFEX.IC1911, 开平: CLOSE, 方向: SELL, 手数: 1, 价格: 4963.2
2026-04-10 01:15:02,880 - DEBUG - insert order
    INFO - 模拟交易委托单 bigo, PYSDK_target_8719faee2ce38784234a694774672809: 全部成交
2026-04-10 01:15:02,880 - DEBUG - insert order
2026-04-10 01:15:02,881 - INFO - --- 交易成功通知 ---
2026-04-10 01:15:02,881 - INFO - Trade时间:2019-10-30 01:30:00.000000, 价格:4963.2, 数量:1, 买卖方向:SELL
2026-04-10 01:15:03,626 - INFO - 2019-10-30 16:00:00-持仓: 0，浮动盈亏: 0.0, 合约：CFFEX.IC1911， 剩余天数: 16
2026-04-10 01:15:04,385 - INFO - 2019-10-31 16:00:00-持仓: 0，浮动盈亏: 0.0, 合约：CFFEX.IC1911， 剩余天数: 15
2026-04-10 01:15:05,182 - INFO - 2019-11-03 16:00:00-持仓: 0，浮动盈亏: 0.0, 合约：CFFEX.IC1911， 剩余天数: 14
2026-04-10 01:15:05,935 - INFO - 🔍【贴水监控】2019-11-04 16:00:00 当前年化贴水 16.91% 处于历史极高分位: 90.4%
2026-04-10 01:15:05,936 - INFO - 2019-11-04 16:00:00-持仓: 0，浮动盈亏: 0.0, 合约：CFFEX.IC1911， 剩余天数: 11
2026-04-10 01:15:06,709 - INFO - 🔍【贴水监控】2019-11-05 16:00:00 当前年化贴水 18.97% 处于历史极高分位: 93.0%
2026-04-10 01:15:06,710 - INFO - 2019-11-05 16:00:00-持仓: 0，浮动盈亏: 0.0, 合约：CFFEX.IC1911， 剩余天数: 10
2026-04-10 01:15:07,464 - INFO - 🔍【贴水监控】2019-11-06 16:00:00 当前年化贴水 18.71% 处于历史极高分位: 92.6%
2026-04-10 01:15:07,465 - INFO - 2019-11-06 16:00:00-持仓: 0，浮动盈亏: 0.0, 合约：CFFEX.IC1911， 剩余天数: 9
2026-04-10 01:15:08,268 - INFO - 2019-11-07 16:00:00-持仓: 0，浮动盈亏: 0.0, 合约：CFFEX.IC1911， 剩余天数: 8
2026-04-10 01:15:09,019 - INFO - 🔍【贴水监控】2019-11-10 16:00:00 当前年化贴水 22.27% 处于历史极高分位: 95.6%
2026-04-10 01:15:09,021 - INFO - 2019-11-10 16:00:00-持仓: 0，浮动盈亏: 0.0, 合约：CFFEX.IC1911， 剩余天数: 7
2026-04-10 01:15:09,754 - INFO - 🔍【贴水监控】2019-11-11 16:00:00 当前年化贴水 16.78% 处于历史极高分位: 90.1%
2026-04-10 01:15:09,754 - INFO - 2019-11-11 16:00:00-持仓: 0，浮动盈亏: 0.0, 合约：CFFEX.IC1911， 剩余天数: 4
2026-04-10 01:15:10,493 - INFO - 🔍【贴水监控】2019-11-12 16:00:00 当前年化贴水 47.30% 处于历史极高分位: 99.5%
2026-04-10 01:15:10,494 - INFO - 2019-11-12 16:00:00-持仓: 0，浮动盈亏: 0.0, 合约：CFFEX.IC1911， 剩余天数: 3
2026-04-10 01:15:11,269 - INFO - 【主力切换】CFFEX.IC1911 → CFFEX.IC1912  | 时间: 2019-11-13 18:00:00.000000
2026-04-10 01:15:11,278 - DEBUG - websocket send data
2026-04-10 01:15:11,515 - DEBUG - websocket received data
2026-04-10 01:15:11,517 - DEBUG - websocket send data
2026-04-10 01:15:11,517 - DEBUG - websocket send data
2026-04-10 01:15:11,747 - DEBUG - websocket received data
2026-04-10 01:15:11,748 - DEBUG - websocket send data
2026-04-10 01:15:11,748 - DEBUG - websocket send data
2026-04-10 01:15:11,970 - DEBUG - websocket received data
2026-04-10 01:15:11,971 - DEBUG - websocket send data
2026-04-10 01:15:11,972 - DEBUG - websocket send data
2026-04-10 01:15:12,288 - DEBUG - websocket received data
2026-04-10 01:15:12,289 - DEBUG - websocket send data
2026-04-10 01:15:13,354 - DEBUG - websocket received data
2026-04-10 01:15:13,393 - DEBUG - websocket send data
2026-04-10 01:15:13,733 - DEBUG - websocket received data
2026-04-10 01:15:13,775 - DEBUG - websocket send data
2026-04-10 01:15:14,127 - DEBUG - websocket received data
2026-04-10 01:15:14,168 - DEBUG - websocket send data
2026-04-10 01:15:14,427 - DEBUG - websocket received data
2026-04-10 01:15:14,677 - DEBUG - websocket send data
2026-04-10 01:15:14,677 - DEBUG - websocket send data
2026-04-10 01:15:15,032 - DEBUG - websocket received data
2026-04-10 01:15:15,079 - DEBUG - websocket send data
2026-04-10 01:15:15,427 - DEBUG - websocket received data
2026-04-10 01:15:15,470 - DEBUG - websocket send data
2026-04-10 01:15:15,724 - DEBUG - websocket received data
2026-04-10 01:15:15,731 - DEBUG - websocket send data
2026-04-10 01:15:15,741 - DEBUG - websocket send data
2026-04-10 01:15:16,596 - INFO - 2019-11-13 16:00:00-持仓: 0，浮动盈亏: nan, 合约：CFFEX.IC1912， 剩余天数: 37
2026-04-10 01:15:16,608 - DEBUG - websocket received data
2026-04-10 01:15:16,609 - DEBUG - websocket send data
2026-04-10 01:15:17,458 - INFO - 2019-11-14 16:00:00-持仓: 0，浮动盈亏: nan, 合约：CFFEX.IC1912， 剩余天数: 36
2026-04-10 01:15:18,274 - DEBUG - websocket send data
2026-04-10 01:15:18,274 - DEBUG - websocket send data
2026-04-10 01:15:18,316 - INFO - 2019-11-17 16:00:00-持仓: 0，浮动盈亏: nan, 合约：CFFEX.IC1912， 剩余天数: 35
2026-04-10 01:15:18,511 - DEBUG - websocket received data
2026-04-10 01:15:18,512 - DEBUG - websocket send data
2026-04-10 01:15:18,748 - DEBUG - websocket received data
2026-04-10 01:15:18,749 - DEBUG - websocket send data
2026-04-10 01:15:18,912 - INFO - 2019-11-18 16:00:00-持仓: 0，浮动盈亏: nan, 合约：CFFEX.IC1912， 剩余天数: 32
2026-04-10 01:15:19,618 - INFO - 2019-11-19 16:00:00-持仓: 0，浮动盈亏: nan, 合约：CFFEX.IC1912， 剩余天数: 31
2026-04-10 01:15:20,201 - INFO - 2019-11-20 16:00:00-持仓: 0，浮动盈亏: nan, 合约：CFFEX.IC1912， 剩余天数: 30
2026-04-10 01:15:20,379 - DEBUG - websocket send data
2026-04-10 01:15:20,737 - DEBUG - websocket received data
2026-04-10 01:15:20,785 - DEBUG - websocket send data
2026-04-10 01:15:20,870 - INFO - 2019-11-21 16:00:00-持仓: 0，浮动盈亏: nan, 合约：CFFEX.IC1912， 剩余天数: 29
2026-04-10 01:15:21,151 - DEBUG - websocket received data
2026-04-10 01:15:21,198 - DEBUG - websocket send data
2026-04-10 01:15:21,554 - INFO - 2019-11-24 16:00:00-持仓: 0，浮动盈亏: nan, 合约：CFFEX.IC1912， 剩余天数: 28
2026-04-10 01:15:21,556 - DEBUG - websocket received data
2026-04-10 01:15:21,599 - DEBUG - websocket send data
2026-04-10 01:15:21,874 - DEBUG - websocket received data
2026-04-10 01:15:21,889 - DEBUG - websocket send data
2026-04-10 01:15:22,191 - INFO - 2019-11-25 16:00:00-持仓: 0，浮动盈亏: nan, 合约：CFFEX.IC1912， 剩余天数: 25
2026-04-10 01:15:22,794 - INFO - 2019-11-26 16:00:00-持仓: 0，浮动盈亏: nan, 合约：CFFEX.IC1912， 剩余天数: 24
2026-04-10 01:15:23,655 - INFO - 2019-11-27 16:00:00-持仓: 0，浮动盈亏: nan, 合约：CFFEX.IC1912， 剩余天数: 23
2026-04-10 01:15:24,600 - INFO - 2019-11-28 16:00:00-持仓: 0，浮动盈亏: nan, 合约：CFFEX.IC1912， 剩余天数: 22
2026-04-10 01:15:25,559 - INFO - 2019-12-01 16:00:00-持仓: 0，浮动盈亏: nan, 合约：CFFEX.IC1912， 剩余天数: 21
2026-04-10 01:15:26,253 - INFO - 2019-12-02 16:00:00-持仓: 0，浮动盈亏: nan, 合约：CFFEX.IC1912， 剩余天数: 18
2026-04-10 01:15:26,828 - INFO - 2019-12-03 16:00:00-持仓: 0，浮动盈亏: nan, 合约：CFFEX.IC1912， 剩余天数: 17
2026-04-10 01:15:27,400 - INFO - 2019-12-04 16:00:00-持仓: 0，浮动盈亏: nan, 合约：CFFEX.IC1912， 剩余天数: 16
2026-04-10 01:15:28,006 - INFO - 2019-12-05 16:00:00-持仓: 0，浮动盈亏: nan, 合约：CFFEX.IC1912， 剩余天数: 15
2026-04-10 01:15:28,582 - INFO - 2019-12-08 16:00:00-持仓: 0，浮动盈亏: nan, 合约：CFFEX.IC1912， 剩余天数: 14
2026-04-10 01:15:29,172 - INFO - 2019-12-09 16:00:00-持仓: 0，浮动盈亏: nan, 合约：CFFEX.IC1912， 剩余天数: 11
2026-04-10 01:15:29,744 - INFO - 2019-12-10 16:00:00-持仓: 0，浮动盈亏: nan, 合约：CFFEX.IC1912， 剩余天数: 10
2026-04-10 01:15:30,331 - INFO - 2019-12-11 16:00:00-持仓: 0，浮动盈亏: nan, 合约：CFFEX.IC1912， 剩余天数: 9
2026-04-10 01:15:30,911 - INFO - 2019-12-12 16:00:00-持仓: 0，浮动盈亏: nan, 合约：CFFEX.IC1912， 剩余天数: 8
2026-04-10 01:15:31,488 - INFO - 2019-12-15 16:00:00-持仓: 0，浮动盈亏: nan, 合约：CFFEX.IC1912， 剩余天数: 7
2026-04-10 01:15:32,097 - INFO - 2019-12-16 16:00:00-持仓: 0，浮动盈亏: nan, 合约：CFFEX.IC1912， 剩余天数: 4
2026-04-10 01:15:32,681 - INFO - 2019-12-17 16:00:00-持仓: 0，浮动盈亏: nan, 合约：CFFEX.IC1912， 剩余天数: 3
2026-04-10 01:15:33,379 - INFO - 【主力切换】CFFEX.IC1912 → CFFEX.IC2001  | 时间: 2019-12-18 18:00:00.000000
2026-04-10 01:15:33,386 - DEBUG - websocket send data
2026-04-10 01:15:33,612 - DEBUG - websocket received data
2026-04-10 01:15:33,613 - DEBUG - websocket send data
2026-04-10 01:15:33,614 - DEBUG - websocket send data
2026-04-10 01:15:33,849 - DEBUG - websocket received data
2026-04-10 01:15:33,850 - DEBUG - websocket send data
2026-04-10 01:15:33,850 - DEBUG - websocket send data
2026-04-10 01:15:34,082 - DEBUG - websocket received data
2026-04-10 01:15:34,083 - DEBUG - websocket send data
2026-04-10 01:15:34,084 - DEBUG - websocket send data
2026-04-10 01:15:34,307 - DEBUG - websocket received data
2026-04-10 01:15:34,308 - DEBUG - websocket send data
2026-04-10 01:15:35,095 - DEBUG - websocket received data
2026-04-10 01:15:35,141 - DEBUG - websocket send data
2026-04-10 01:15:35,465 - DEBUG - websocket received data
2026-04-10 01:15:37,949 - DEBUG - websocket send data
2026-04-10 01:15:37,950 - DEBUG - websocket send data
2026-04-10 01:15:38,303 - DEBUG - websocket received data
2026-04-10 01:15:38,343 - DEBUG - websocket send data
2026-04-10 01:15:38,659 - DEBUG - websocket received data
2026-04-10 01:15:38,687 - DEBUG - websocket send data
2026-04-10 01:15:38,694 - DEBUG - websocket send data
2026-04-10 01:15:39,162 - INFO - 2019-12-18 16:00:00-持仓: 0，浮动盈亏: nan, 合约：CFFEX.IC2001， 剩余天数: 30
2026-04-10 01:15:39,170 - DEBUG - websocket received data
2026-04-10 01:15:39,171 - DEBUG - websocket send data
2026-04-10 01:15:39,853 - INFO - 2019-12-19 16:00:00-持仓: 0，浮动盈亏: nan, 合约：CFFEX.IC2001， 剩余天数: 29
2026-04-10 01:15:40,495 - DEBUG - websocket send data
2026-04-10 01:15:40,495 - DEBUG - websocket send data
2026-04-10 01:15:40,535 - INFO - 2019-12-22 16:00:00-持仓: 0，浮动盈亏: nan, 合约：CFFEX.IC2001， 剩余天数: 28
2026-04-10 01:15:40,723 - DEBUG - websocket received data
2026-04-10 01:15:40,723 - DEBUG - websocket send data
2026-04-10 01:15:40,957 - DEBUG - websocket received data
2026-04-10 01:15:40,958 - DEBUG - websocket send data
2026-04-10 01:15:41,146 - INFO - 2019-12-23 16:00:00-持仓: 0，浮动盈亏: nan, 合约：CFFEX.IC2001， 剩余天数: 25
2026-04-10 01:15:41,742 - INFO - 2019-12-24 16:00:00-持仓: 0，浮动盈亏: nan, 合约：CFFEX.IC2001， 剩余天数: 24
2026-04-10 01:15:42,353 - INFO - 2019-12-25 16:00:00-持仓: 0，浮动盈亏: nan, 合约：CFFEX.IC2001， 剩余天数: 23
2026-04-10 01:15:42,944 - INFO - 2019-12-26 16:00:00-持仓: 0，浮动盈亏: nan, 合约：CFFEX.IC2001， 剩余天数: 22
2026-04-10 01:15:43,542 - INFO - 2019-12-29 16:00:00-持仓: 0，浮动盈亏: nan, 合约：CFFEX.IC2001， 剩余天数: 21
2026-04-10 01:15:44,126 - INFO - 2019-12-30 16:00:00-持仓: 0，浮动盈亏: nan, 合约：CFFEX.IC2001， 剩余天数: 18
2026-04-10 01:15:44,731 - INFO - 2020-01-01 16:00:00-持仓: 0，浮动盈亏: nan, 合约：CFFEX.IC2001， 剩余天数: 16
2026-04-10 01:15:45,321 - INFO - 2020-01-02 16:00:00-持仓: 0，浮动盈亏: nan, 合约：CFFEX.IC2001， 剩余天数: 15
2026-04-10 01:15:45,920 - INFO - 2020-01-05 16:00:00-持仓: 0，浮动盈亏: nan, 合约：CFFEX.IC2001， 剩余天数: 14
2026-04-10 01:15:46,528 - INFO - 2020-01-06 16:00:00-持仓: 0，浮动盈亏: nan, 合约：CFFEX.IC2001， 剩余天数: 11
2026-04-10 01:15:47,121 - INFO - 2020-01-07 16:00:00-持仓: 0，浮动盈亏: nan, 合约：CFFEX.IC2001， 剩余天数: 10
2026-04-10 01:15:47,710 - INFO - 2020-01-08 16:00:00-持仓: 0，浮动盈亏: nan, 合约：CFFEX.IC2001， 剩余天数: 9
2026-04-10 01:15:48,415 - INFO - 2020-01-09 16:00:00-持仓: 0，浮动盈亏: nan, 合约：CFFEX.IC2001， 剩余天数: 8
2026-04-10 01:15:49,393 - INFO - 2020-01-12 16:00:00-持仓: 0，浮动盈亏: nan, 合约：CFFEX.IC2001， 剩余天数: 7
2026-04-10 01:15:50,359 - INFO - 2020-01-13 16:00:00-持仓: 0，浮动盈亏: nan, 合约：CFFEX.IC2001， 剩余天数: 4
2026-04-10 01:15:51,205 - INFO - 2020-01-14 16:00:00-持仓: 0，浮动盈亏: nan, 合约：CFFEX.IC2001， 剩余天数: 3
2026-04-10 01:15:51,808 - INFO - 🔍【贴水监控】2020-01-15 16:00:00 当前年化贴水 24.45% 处于历史极高分位: 96.5%
2026-04-10 01:15:51,809 - INFO - 2020-01-15 16:00:00-持仓: 0，浮动盈亏: nan, 合约：CFFEX.IC2001， 剩余天数: 2
2026-04-10 01:15:52,483 - INFO - 【主力切换】CFFEX.IC2001 → CFFEX.IC2002  | 时间: 2020-01-16 18:00:00.000000
2026-04-10 01:15:52,489 - DEBUG - websocket send data
2026-04-10 01:15:52,727 - DEBUG - websocket received data
2026-04-10 01:15:52,728 - DEBUG - websocket send data
2026-04-10 01:15:52,728 - DEBUG - websocket send data
2026-04-10 01:15:52,964 - DEBUG - websocket received data
2026-04-10 01:15:52,965 - DEBUG - websocket send data
2026-04-10 01:15:52,965 - DEBUG - websocket send data
2026-04-10 01:15:53,200 - DEBUG - websocket received data
2026-04-10 01:15:53,201 - DEBUG - websocket send data
2026-04-10 01:15:53,202 - DEBUG - websocket send data
2026-04-10 01:15:53,433 - DEBUG - websocket received data
2026-04-10 01:15:53,434 - DEBUG - websocket send data
2026-04-10 01:15:54,224 - DEBUG - websocket received data
2026-04-10 01:15:54,273 - DEBUG - websocket send data
2026-04-10 01:15:54,548 - DEBUG - websocket received data
2026-04-10 01:15:54,676 - DEBUG - websocket send data
2026-04-10 01:15:54,677 - DEBUG - websocket send data
2026-04-10 01:15:55,034 - DEBUG - websocket received data
2026-04-10 01:15:55,079 - DEBUG - websocket send data
2026-04-10 01:15:55,381 - DEBUG - websocket received data
2026-04-10 01:15:55,406 - DEBUG - websocket send data
2026-04-10 01:15:55,411 - DEBUG - websocket send data
2026-04-10 01:15:55,776 - INFO - 2020-01-16 16:00:00-持仓: 0，浮动盈亏: nan, 合约：CFFEX.IC2002， 剩余天数: 36
2026-04-10 01:15:55,784 - DEBUG - websocket received data
2026-04-10 01:15:55,785 - DEBUG - websocket send data
2026-04-10 01:15:56,454 - DEBUG - websocket send data
2026-04-10 01:15:56,454 - DEBUG - websocket send data
2026-04-10 01:15:56,496 - INFO - 2020-01-19 16:00:00-持仓: 0，浮动盈亏: nan, 合约：CFFEX.IC2002， 剩余天数: 35
2026-04-10 01:15:56,690 - DEBUG - websocket received data
2026-04-10 01:15:56,690 - DEBUG - websocket send data
2026-04-10 01:15:56,928 - DEBUG - websocket received data
2026-04-10 01:15:56,930 - DEBUG - websocket send data
2026-04-10 01:15:57,036 - DEBUG - websocket send data
2026-04-10 01:15:57,102 - INFO - 2020-01-20 16:00:00-持仓: 0，浮动盈亏: nan, 合约：CFFEX.IC2002， 剩余天数: 32
2026-04-10 01:15:57,381 - DEBUG - websocket received data
2026-04-10 01:15:57,423 - DEBUG - websocket send data
2026-04-10 01:15:57,757 - INFO - 2020-01-21 16:00:00-持仓: 0，浮动盈亏: nan, 合约：CFFEX.IC2002， 剩余天数: 31
2026-04-10 01:15:57,781 - DEBUG - websocket received data
2026-04-10 01:15:57,823 - DEBUG - websocket send data
2026-04-10 01:15:58,169 - DEBUG - websocket received data
2026-04-10 01:15:58,210 - DEBUG - websocket send data
2026-04-10 01:15:58,486 - INFO - 2020-01-22 16:00:00-持仓: 0，浮动盈亏: nan, 合约：CFFEX.IC2002， 剩余天数: 30
2026-04-10 01:15:58,491 - DEBUG - websocket received data
2026-04-10 01:15:58,506 - DEBUG - websocket send data
2026-04-10 01:15:59,112 - INFO - 🔍【贴水监控】2020-02-02 16:00:00 当前年化贴水 32.26% 处于历史极高分位: 98.1%
2026-04-10 01:15:59,113 - INFO - 2020-02-02 16:00:00-持仓: 0，浮动盈亏: nan, 合约：CFFEX.IC2002， 剩余天数: 21
2026-04-10 01:15:59,693 - INFO - 2020-02-03 16:00:00-持仓: 0，浮动盈亏: nan, 合约：CFFEX.IC2002， 剩余天数: 18
2026-04-10 01:16:00,300 - INFO - 🔍【贴水监控】2020-02-04 16:00:00 当前年化贴水 20.64% 处于历史极高分位: 94.5%
2026-04-10 01:16:00,301 - INFO - 2020-02-04 16:00:00-持仓: 0，浮动盈亏: nan, 合约：CFFEX.IC2002， 剩余天数: 17
2026-04-10 01:16:00,894 - INFO - 🔍【贴水监控】2020-02-05 16:00:00 当前年化贴水 23.66% 处于历史极高分位: 95.9%
2026-04-10 01:16:00,895 - INFO - 2020-02-05 16:00:00-持仓: 0，浮动盈亏: nan, 合约：CFFEX.IC2002， 剩余天数: 16
2026-04-10 01:16:01,882 - INFO - 🔍【贴水监控】2020-02-06 16:00:00 当前年化贴水 27.28% 处于历史极高分位: 96.9%
2026-04-10 01:16:01,884 - INFO - 2020-02-06 16:00:00-持仓: 0，浮动盈亏: nan, 合约：CFFEX.IC2002， 剩余天数: 15
2026-04-10 01:16:02,868 - INFO - 🔍【贴水监控】2020-02-09 16:00:00 当前年化贴水 24.20% 处于历史极高分位: 96.4%
2026-04-10 01:16:02,869 - INFO - 2020-02-09 16:00:00-持仓: 0，浮动盈亏: nan, 合约：CFFEX.IC2002， 剩余天数: 14
2026-04-10 01:16:03,878 - INFO - 🔍【贴水监控】2020-02-10 16:00:00 当前年化贴水 29.26% 处于历史极高分位: 97.0%
2026-04-10 01:16:03,879 - INFO - 2020-02-10 16:00:00-持仓: 0，浮动盈亏: nan, 合约：CFFEX.IC2002， 剩余天数: 11
2026-04-10 01:16:04,518 - INFO - 🔍【贴水监控】2020-02-11 16:00:00 当前年化贴水 29.72% 处于历史极高分位: 97.2%
2026-04-10 01:16:04,519 - INFO - 2020-02-11 16:00:00-持仓: 0，浮动盈亏: nan, 合约：CFFEX.IC2002， 剩余天数: 10
2026-04-10 01:16:05,140 - INFO - 🔍【贴水监控】2020-02-12 16:00:00 当前年化贴水 19.07% 处于历史极高分位: 93.0%
2026-04-10 01:16:05,141 - INFO - 🚨【贴水报警】合约: CFFEX.IC2002 时间: 2020-02-12 16:00:00 | 期货收盘: 5431.00 | 指数收盘: 5456.66 | 年化贴水: 19.07 (分位: 93.0%) | 动态阈值: 10.64 | 指数SMA(20): 5400.99
2026-04-10 01:16:05,141 - INFO - ✅ 已下达【买入 1 手】指令，等待成交...
    INFO - 模拟交易下单 bigo, PYSDK_target_8b98ded392c3da30be41c3d0812a62d9: 时间: 2020-02-13 09:30:00.000000, 合约: CFFEX.IC2002, 开平: OPEN, 方向: BUY, 手数: 1, 价格: 5431.599999999999
2026-04-10 01:16:05,145 - DEBUG - insert order
    INFO - 模拟交易委托单 bigo, PYSDK_target_8b98ded392c3da30be41c3d0812a62d9: 全部成交
2026-04-10 01:16:05,145 - DEBUG - insert order
2026-04-10 01:16:05,146 - INFO - --- 交易成功通知 ---
2026-04-10 01:16:05,146 - INFO - Trade时间:2020-02-13 01:30:00.000000, 价格:5431.599999999999, 数量:1, 买卖方向:BUY
2026-04-10 01:16:05,146 - INFO - 目标持仓已达成，查询结束。
2026-04-10 01:16:07,762 - INFO - 🔍【贴水监控】2020-02-17 16:00:00 当前年化贴水 28.38% 处于历史极高分位: 96.9%
2026-04-10 01:16:08,649 - INFO - 【主力切换】CFFEX.IC2002 → CFFEX.IC2003  | 时间: 2020-02-18 18:00:00.000000
2026-04-10 01:16:08,655 - DEBUG - websocket send data
2026-04-10 01:16:08,892 - DEBUG - websocket received data
2026-04-10 01:16:08,893 - DEBUG - websocket send data
2026-04-10 01:16:08,893 - DEBUG - websocket send data
2026-04-10 01:16:09,125 - DEBUG - websocket received data
2026-04-10 01:16:09,126 - DEBUG - websocket send data
2026-04-10 01:16:09,126 - DEBUG - websocket send data
2026-04-10 01:16:09,349 - DEBUG - websocket received data
2026-04-10 01:16:09,350 - DEBUG - websocket send data
2026-04-10 01:16:09,351 - DEBUG - websocket send data
2026-04-10 01:16:09,586 - DEBUG - websocket received data
2026-04-10 01:16:09,587 - DEBUG - websocket send data
2026-04-10 01:16:09,943 - DEBUG - websocket received data
2026-04-10 01:16:09,990 - DEBUG - websocket send data
2026-04-10 01:16:10,344 - DEBUG - websocket received data
2026-04-10 01:16:10,386 - DEBUG - websocket send data
2026-04-10 01:16:10,738 - DEBUG - websocket received data
2026-04-10 01:16:10,778 - DEBUG - websocket send data
2026-04-10 01:16:11,053 - DEBUG - websocket received data
2026-04-10 01:16:11,328 - DEBUG - websocket send data
2026-04-10 01:16:11,328 - DEBUG - websocket send data
2026-04-10 01:16:11,969 - DEBUG - websocket received data
2026-04-10 01:16:12,014 - DEBUG - websocket send data
2026-04-10 01:16:12,354 - DEBUG - websocket received data
2026-04-10 01:16:12,388 - DEBUG - websocket send data
2026-04-10 01:16:12,399 - DEBUG - websocket send data
2026-04-10 01:16:13,283 - INFO - 🚨【贴水报警】合约: CFFEX.IC2003 时间: 2020-02-18 16:00:00 | 期货收盘: 5588.00 | 指数收盘: 5654.18 | 年化贴水: 13.78 (分位: 85.1%) | 动态阈值: 10.64 | 指数SMA(20): 5411.32
2026-04-10 01:16:13,283 - INFO - ✅ 已下达【买入 1 手】指令，等待成交...
2026-04-10 01:16:13,296 - DEBUG - websocket received data
2026-04-10 01:16:13,298 - DEBUG - websocket send data
    INFO - 模拟交易下单 bigo, PYSDK_target_cbaaede0d8e63fe0261bbb09322c9469: 时间: 2020-02-19 09:30:00.000000, 合约: CFFEX.IC2003, 开平: OPEN, 方向: BUY, 手数: 1, 价格: 5586.4
2026-04-10 01:16:13,299 - DEBUG - insert order
    INFO - 模拟交易委托单 bigo, PYSDK_target_cbaaede0d8e63fe0261bbb09322c9469: 全部成交
2026-04-10 01:16:13,299 - DEBUG - insert order
2026-04-10 01:16:13,300 - INFO - --- 交易成功通知 ---
2026-04-10 01:16:13,300 - INFO - Trade时间:2020-02-19 01:30:00.000000, 价格:5586.4, 数量:1, 买卖方向:BUY
2026-04-10 01:16:13,300 - INFO - 目标持仓已达成，查询结束。
2026-04-10 01:16:15,071 - INFO - 💰【止盈平仓】合约: CFFEX.IC2003 达到止盈条件 (修复率: 56.14%)，触发平仓。
    INFO - 模拟交易下单 bigo, PYSDK_target_ff476426e48c620f526dbebb8275fd75: 时间: 2020-02-20 09:30:00.000000, 合约: CFFEX.IC2003, 开平: CLOSE, 方向: SELL, 手数: 1, 价格: 5589.8
2026-04-10 01:16:15,079 - DEBUG - insert order
    INFO - 模拟交易委托单 bigo, PYSDK_target_ff476426e48c620f526dbebb8275fd75: 全部成交
2026-04-10 01:16:15,080 - DEBUG - insert order
2026-04-10 01:16:15,081 - INFO - --- 交易成功通知 ---
2026-04-10 01:16:15,081 - INFO - Trade时间:2020-02-20 01:30:00.000000, 价格:5589.8, 数量:1, 买卖方向:SELL
2026-04-10 01:16:16,858 - INFO - 2020-02-20 16:00:00-持仓: 0，浮动盈亏: 0.0, 合约：CFFEX.IC2003， 剩余天数: 29
2026-04-10 01:16:17,981 - DEBUG - websocket send data
2026-04-10 01:16:17,981 - DEBUG - websocket send data
2026-04-10 01:16:18,028 - INFO - 2020-02-23 16:00:00-持仓: 0，浮动盈亏: 0.0, 合约：CFFEX.IC2003， 剩余天数: 28
2026-04-10 01:16:18,217 - DEBUG - websocket received data
2026-04-10 01:16:18,218 - DEBUG - websocket send data
2026-04-10 01:16:18,455 - DEBUG - websocket received data
2026-04-10 01:16:18,456 - DEBUG - websocket send data
2026-04-10 01:16:18,935 - INFO - 2020-02-24 16:00:00-持仓: 0，浮动盈亏: 0.0, 合约：CFFEX.IC2003， 剩余天数: 25
2026-04-10 01:16:19,775 - INFO - 2020-02-25 16:00:00-持仓: 0，浮动盈亏: 0.0, 合约：CFFEX.IC2003， 剩余天数: 24
2026-04-10 01:16:20,595 - INFO - 2020-02-26 16:00:00-持仓: 0，浮动盈亏: 0.0, 合约：CFFEX.IC2003， 剩余天数: 23
2026-04-10 01:16:21,382 - INFO - 2020-02-27 16:00:00-持仓: 0，浮动盈亏: 0.0, 合约：CFFEX.IC2003， 剩余天数: 22
2026-04-10 01:16:22,180 - INFO - 2020-03-01 16:00:00-持仓: 0，浮动盈亏: 0.0, 合约：CFFEX.IC2003， 剩余天数: 21
2026-04-10 01:16:22,943 - INFO - 2020-03-02 16:00:00-持仓: 0，浮动盈亏: 0.0, 合约：CFFEX.IC2003， 剩余天数: 18
2026-04-10 01:16:23,728 - INFO - 🔍【贴水监控】2020-03-03 16:00:00 当前年化贴水 16.77% 处于历史极高分位: 90.1%
2026-04-10 01:16:23,729 - INFO - 2020-03-03 16:00:00-持仓: 0，浮动盈亏: 0.0, 合约：CFFEX.IC2003， 剩余天数: 17
2026-04-10 01:16:24,522 - INFO - 🔍【贴水监控】2020-03-04 16:00:00 当前年化贴水 21.75% 处于历史极高分位: 95.3%
2026-04-10 01:16:24,523 - INFO - 2020-03-04 16:00:00-持仓: 0，浮动盈亏: 0.0, 合约：CFFEX.IC2003， 剩余天数: 16
2026-04-10 01:16:25,322 - INFO - 🔍【贴水监控】2020-03-05 16:00:00 当前年化贴水 19.72% 处于历史极高分位: 93.6%
2026-04-10 01:16:25,323 - INFO - 2020-03-05 16:00:00-持仓: 0，浮动盈亏: 0.0, 合约：CFFEX.IC2003， 剩余天数: 15
2026-04-10 01:16:26,102 - INFO - 🔍【贴水监控】2020-03-08 16:00:00 当前年化贴水 39.39% 处于历史极高分位: 98.9%
2026-04-10 01:16:26,103 - INFO - 2020-03-08 16:00:00-持仓: 0，浮动盈亏: 0.0, 合约：CFFEX.IC2003， 剩余天数: 14
2026-04-10 01:16:27,121 - INFO - 2020-03-09 16:00:00-持仓: 0，浮动盈亏: 0.0, 合约：CFFEX.IC2003， 剩余天数: 11
2026-04-10 01:16:28,481 - INFO - 🔍【贴水监控】2020-03-10 16:00:00 当前年化贴水 33.55% 处于历史极高分位: 98.3%
2026-04-10 01:16:28,485 - INFO - 2020-03-10 16:00:00-持仓: 0，浮动盈亏: 0.0, 合约：CFFEX.IC2003， 剩余天数: 10
2026-04-10 01:16:29,643 - INFO - 🔍【贴水监控】2020-03-11 16:00:00 当前年化贴水 28.22% 处于历史极高分位: 96.9%
2026-04-10 01:16:29,645 - INFO - 2020-03-11 16:00:00-持仓: 0，浮动盈亏: 0.0, 合约：CFFEX.IC2003， 剩余天数: 9
2026-04-10 01:16:30,427 - INFO - 🔍【贴水监控】2020-03-12 16:00:00 当前年化贴水 24.02% 处于历史极高分位: 96.2%
2026-04-10 01:16:30,428 - INFO - 2020-03-12 16:00:00-持仓: 0，浮动盈亏: 0.0, 合约：CFFEX.IC2003， 剩余天数: 8
2026-04-10 01:16:31,242 - INFO - 🔍【贴水监控】2020-03-15 16:00:00 当前年化贴水 73.70% 处于历史极高分位: 99.9%
2026-04-10 01:16:31,243 - INFO - 2020-03-15 16:00:00-持仓: 0，浮动盈亏: 0.0, 合约：CFFEX.IC2003， 剩余天数: 7
2026-04-10 01:16:32,045 - INFO - 2020-03-16 16:00:00-持仓: 0，浮动盈亏: 0.0, 合约：CFFEX.IC2003， 剩余天数: 4
2026-04-10 01:16:32,818 - INFO - 🔍【贴水监控】2020-03-17 16:00:00 当前年化贴水 135.46% 处于历史极高分位: 100.0%
2026-04-10 01:16:32,819 - INFO - 2020-03-17 16:00:00-持仓: 0，浮动盈亏: 0.0, 合约：CFFEX.IC2003， 剩余天数: 3
2026-04-10 01:16:33,578 - INFO - 【主力切换】CFFEX.IC2003 → CFFEX.IC2004  | 时间: 2020-03-18 18:00:00.000000
2026-04-10 01:16:33,584 - DEBUG - websocket send data
2026-04-10 01:16:33,821 - DEBUG - websocket received data
2026-04-10 01:16:33,822 - DEBUG - websocket send data
2026-04-10 01:16:33,823 - DEBUG - websocket send data
2026-04-10 01:16:34,058 - DEBUG - websocket received data
2026-04-10 01:16:34,059 - DEBUG - websocket send data
2026-04-10 01:16:34,060 - DEBUG - websocket send data
2026-04-10 01:16:34,289 - DEBUG - websocket received data
2026-04-10 01:16:34,290 - DEBUG - websocket send data
2026-04-10 01:16:34,290 - DEBUG - websocket send data
2026-04-10 01:16:34,525 - DEBUG - websocket received data
2026-04-10 01:16:34,526 - DEBUG - websocket send data
2026-04-10 01:16:34,878 - DEBUG - websocket received data
2026-04-10 01:16:34,918 - DEBUG - websocket send data
2026-04-10 01:16:35,194 - DEBUG - websocket received data
2026-04-10 01:16:35,311 - DEBUG - websocket send data
2026-04-10 01:16:35,312 - DEBUG - websocket send data
2026-04-10 01:16:35,950 - DEBUG - websocket received data
2026-04-10 01:16:35,989 - DEBUG - websocket send data
2026-04-10 01:16:36,308 - DEBUG - websocket received data
2026-04-10 01:16:36,334 - DEBUG - websocket send data
2026-04-10 01:16:36,339 - DEBUG - websocket send data
2026-04-10 01:16:36,700 - INFO - 🔍【贴水监控】2020-03-18 16:00:00 当前年化贴水 17.62% 处于历史极高分位: 91.7%
2026-04-10 01:16:36,701 - INFO - 2020-03-18 16:00:00-持仓: 0，浮动盈亏: nan, 合约：CFFEX.IC2004， 剩余天数: 30
2026-04-10 01:16:36,708 - DEBUG - websocket received data
2026-04-10 01:16:36,709 - DEBUG - websocket send data
2026-04-10 01:16:37,561 - INFO - 2020-03-19 16:00:00-持仓: 0，浮动盈亏: nan, 合约：CFFEX.IC2004， 剩余天数: 29
2026-04-10 01:16:38,383 - DEBUG - websocket send data
2026-04-10 01:16:38,383 - DEBUG - websocket send data
2026-04-10 01:16:38,423 - INFO - 🔍【贴水监控】2020-03-22 16:00:00 当前年化贴水 18.57% 处于历史极高分位: 92.5%
2026-04-10 01:16:38,424 - INFO - 2020-03-22 16:00:00-持仓: 0，浮动盈亏: nan, 合约：CFFEX.IC2004， 剩余天数: 28
2026-04-10 01:16:38,620 - DEBUG - websocket received data
2026-04-10 01:16:38,621 - DEBUG - websocket send data
2026-04-10 01:16:38,857 - DEBUG - websocket received data
2026-04-10 01:16:38,858 - DEBUG - websocket send data
2026-04-10 01:16:39,058 - INFO - 2020-03-23 16:00:00-持仓: 0，浮动盈亏: nan, 合约：CFFEX.IC2004， 剩余天数: 25
2026-04-10 01:16:40,099 - INFO - 🔍【贴水监控】2020-03-24 16:00:00 当前年化贴水 21.98% 处于历史极高分位: 95.6%
2026-04-10 01:16:40,100 - INFO - 2020-03-24 16:00:00-持仓: 0，浮动盈亏: nan, 合约：CFFEX.IC2004， 剩余天数: 24
2026-04-10 01:16:41,166 - INFO - 🔍【贴水监控】2020-03-25 16:00:00 当前年化贴水 20.67% 处于历史极高分位: 94.5%
2026-04-10 01:16:41,167 - INFO - 2020-03-25 16:00:00-持仓: 0，浮动盈亏: nan, 合约：CFFEX.IC2004， 剩余天数: 23
2026-04-10 01:16:41,768 - DEBUG - websocket send data
2026-04-10 01:16:42,129 - DEBUG - websocket received data
2026-04-10 01:16:42,178 - DEBUG - websocket send data
2026-04-10 01:16:42,240 - INFO - 🔍【贴水监控】2020-03-26 16:00:00 当前年化贴水 24.09% 处于历史极高分位: 96.3%
2026-04-10 01:16:42,240 - INFO - 2020-03-26 16:00:00-持仓: 0，浮动盈亏: nan, 合约：CFFEX.IC2004， 剩余天数: 22
2026-04-10 01:16:42,529 - DEBUG - websocket received data
2026-04-10 01:16:42,573 - DEBUG - websocket send data
2026-04-10 01:16:42,911 - INFO - 🔍【贴水监控】2020-03-29 16:00:00 当前年化贴水 24.56% 处于历史极高分位: 96.5%
2026-04-10 01:16:42,912 - INFO - 2020-03-29 16:00:00-持仓: 0，浮动盈亏: nan, 合约：CFFEX.IC2004， 剩余天数: 21
2026-04-10 01:16:42,929 - DEBUG - websocket received data
2026-04-10 01:16:42,980 - DEBUG - websocket send data
2026-04-10 01:16:43,246 - DEBUG - websocket received data
2026-04-10 01:16:43,262 - DEBUG - websocket send data
2026-04-10 01:16:43,624 - INFO - 🔍【贴水监控】2020-03-30 16:00:00 当前年化贴水 21.15% 处于历史极高分位: 95.0%
2026-04-10 01:16:43,625 - INFO - 2020-03-30 16:00:00-持仓: 0，浮动盈亏: nan, 合约：CFFEX.IC2004， 剩余天数: 18
2026-04-10 01:16:44,246 - INFO - 🔍【贴水监控】2020-03-31 16:00:00 当前年化贴水 27.14% 处于历史极高分位: 96.9%
2026-04-10 01:16:44,247 - INFO - 2020-03-31 16:00:00-持仓: 0，浮动盈亏: nan, 合约：CFFEX.IC2004， 剩余天数: 17
2026-04-10 01:16:44,860 - INFO - 🔍【贴水监控】2020-04-01 16:00:00 当前年化贴水 18.91% 处于历史极高分位: 92.9%
2026-04-10 01:16:44,861 - INFO - 2020-04-01 16:00:00-持仓: 0，浮动盈亏: nan, 合约：CFFEX.IC2004， 剩余天数: 16
2026-04-10 01:16:45,506 - INFO - 🔍【贴水监控】2020-04-02 16:00:00 当前年化贴水 18.70% 处于历史极高分位: 92.5%
2026-04-10 01:16:45,507 - INFO - 2020-04-02 16:00:00-持仓: 0，浮动盈亏: nan, 合约：CFFEX.IC2004， 剩余天数: 15
2026-04-10 01:16:46,127 - INFO - 🔍【贴水监控】2020-04-06 16:00:00 当前年化贴水 26.88% 处于历史极高分位: 96.8%
2026-04-10 01:16:46,128 - INFO - 2020-04-06 16:00:00-持仓: 0，浮动盈亏: nan, 合约：CFFEX.IC2004， 剩余天数: 11
2026-04-10 01:16:46,742 - INFO - 🔍【贴水监控】2020-04-07 16:00:00 当前年化贴水 32.83% 处于历史极高分位: 98.3%
2026-04-10 01:16:46,743 - INFO - 🚨【贴水报警】合约: CFFEX.IC2004 时间: 2020-04-07 16:00:00 | 期货收盘: 5196.00 | 指数收盘: 5243.16 | 年化贴水: 32.83 (分位: 98.3%) | 动态阈值: 10.64 | 指数SMA(20): 5195.89
2026-04-10 01:16:46,743 - INFO - ✅ 已下达【买入 1 手】指令，等待成交...
    INFO - 模拟交易下单 bigo, PYSDK_target_52369778c09b9094ceb98f58e4cd3f07: 时间: 2020-04-08 09:30:00.000000, 合约: CFFEX.IC2004, 开平: OPEN, 方向: BUY, 手数: 1, 价格: 5195.599999999999
2026-04-10 01:16:46,748 - DEBUG - insert order
    INFO - 模拟交易委托单 bigo, PYSDK_target_52369778c09b9094ceb98f58e4cd3f07: 全部成交
2026-04-10 01:16:46,748 - DEBUG - insert order
2026-04-10 01:16:46,749 - INFO - --- 交易成功通知 ---
2026-04-10 01:16:46,749 - INFO - Trade时间:2020-04-08 01:30:00.000000, 价格:5195.599999999999, 数量:1, 买卖方向:BUY
2026-04-10 01:16:46,749 - INFO - 目标持仓已达成，查询结束。
2026-04-10 01:16:47,640 - INFO - 🔍【贴水监控】2020-04-08 16:00:00 当前年化贴水 32.64% 处于历史极高分位: 98.2%
2026-04-10 01:16:48,567 - INFO - 🔍【贴水监控】2020-04-09 16:00:00 当前年化贴水 44.74% 处于历史极高分位: 99.4%
2026-04-10 01:16:49,476 - INFO - 🔍【贴水监控】2020-04-12 16:00:00 当前年化贴水 18.57% 处于历史极高分位: 92.5%
2026-04-10 01:16:50,382 - INFO - 🔍【贴水监控】2020-04-13 16:00:00 当前年化贴水 31.90% 处于历史极高分位: 98.0%
2026-04-10 01:16:51,256 - INFO - 🔍【贴水监控】2020-04-14 16:00:00 当前年化贴水 61.55% 处于历史极高分位: 99.8%
2026-04-10 01:16:52,200 - INFO - 🔍【贴水监控】2020-04-15 16:00:00 当前年化贴水 37.99% 处于历史极高分位: 98.9%
2026-04-10 01:16:53,725 - INFO - 【主力切换】CFFEX.IC2004 → CFFEX.IC2005  | 时间: 2020-04-16 18:00:00.000000
2026-04-10 01:16:53,734 - DEBUG - websocket send data
2026-04-10 01:16:53,972 - DEBUG - websocket received data
2026-04-10 01:16:53,973 - DEBUG - websocket send data
2026-04-10 01:16:53,974 - DEBUG - websocket send data
2026-04-10 01:16:54,205 - DEBUG - websocket received data
2026-04-10 01:16:54,206 - DEBUG - websocket send data
2026-04-10 01:16:54,207 - DEBUG - websocket send data
2026-04-10 01:16:54,443 - DEBUG - websocket received data
2026-04-10 01:16:54,444 - DEBUG - websocket send data
2026-04-10 01:16:54,445 - DEBUG - websocket send data
2026-04-10 01:16:54,789 - DEBUG - websocket received data
2026-04-10 01:16:54,790 - DEBUG - websocket send data
2026-04-10 01:16:55,132 - DEBUG - websocket received data
2026-04-10 01:16:55,177 - DEBUG - websocket send data
2026-04-10 01:16:55,893 - DEBUG - websocket received data
2026-04-10 01:16:56,025 - DEBUG - websocket send data
2026-04-10 01:16:56,025 - DEBUG - websocket send data
2026-04-10 01:16:56,381 - DEBUG - websocket received data
2026-04-10 01:16:56,420 - DEBUG - websocket send data
2026-04-10 01:16:56,694 - DEBUG - websocket received data
2026-04-10 01:16:56,726 - DEBUG - websocket send data
2026-04-10 01:16:56,733 - DEBUG - websocket send data
2026-04-10 01:16:57,096 - INFO - 🚨【贴水报警】合约: CFFEX.IC2005 时间: 2020-04-16 16:00:00 | 期货收盘: 5307.00 | 指数收盘: 5354.98 | 年化贴水: 11.28 (分位: 77.9%) | 动态阈值: 10.64 | 指数SMA(20): 5182.29
2026-04-10 01:16:57,096 - INFO - ✅ 已下达【买入 1 手】指令，等待成交...
2026-04-10 01:16:57,103 - DEBUG - websocket received data
2026-04-10 01:16:57,105 - DEBUG - websocket send data
    INFO - 模拟交易下单 bigo, PYSDK_target_861307629553c8aea77b28c7db8387f8: 时间: 2020-04-17 09:30:00.000000, 合约: CFFEX.IC2005, 开平: OPEN, 方向: BUY, 手数: 1, 价格: 5309.0
2026-04-10 01:16:57,106 - DEBUG - insert order
    INFO - 模拟交易委托单 bigo, PYSDK_target_861307629553c8aea77b28c7db8387f8: 全部成交
2026-04-10 01:16:57,106 - DEBUG - insert order
2026-04-10 01:16:57,107 - INFO - --- 交易成功通知 ---
2026-04-10 01:16:57,107 - INFO - Trade时间:2020-04-17 01:30:00.000000, 价格:5309.0, 数量:1, 买卖方向:BUY
2026-04-10 01:16:57,107 - INFO - 目标持仓已达成，查询结束。
2026-04-10 01:16:58,262 - DEBUG - websocket send data
2026-04-10 01:16:58,262 - DEBUG - websocket send data
2026-04-10 01:16:58,303 - INFO - 🔍【贴水监控】2020-04-19 16:00:00 当前年化贴水 21.69% 处于历史极高分位: 95.3%
2026-04-10 01:16:58,499 - DEBUG - websocket received data
2026-04-10 01:16:58,500 - DEBUG - websocket send data
2026-04-10 01:16:58,734 - DEBUG - websocket received data
2026-04-10 01:16:58,734 - DEBUG - websocket send data
2026-04-10 01:16:59,195 - INFO - 🔍【贴水监控】2020-04-20 16:00:00 当前年化贴水 22.07% 处于历史极高分位: 95.6%
2026-04-10 01:17:00,089 - INFO - 🔍【贴水监控】2020-04-21 16:00:00 当前年化贴水 24.46% 处于历史极高分位: 96.5%
2026-04-10 01:17:01,001 - INFO - 🔍【贴水监控】2020-04-22 16:00:00 当前年化贴水 24.57% 处于历史极高分位: 96.5%
2026-04-10 01:17:02,000 - INFO - 🔍【贴水监控】2020-04-23 16:00:00 当前年化贴水 25.90% 处于历史极高分位: 96.7%
2026-04-10 01:17:03,834 - INFO - 🔍【贴水监控】2020-04-27 16:00:00 当前年化贴水 24.76% 处于历史极高分位: 96.5%
2026-04-10 01:17:04,961 - INFO - 🔍【贴水监控】2020-04-28 16:00:00 当前年化贴水 18.86% 处于历史极高分位: 92.9%
2026-04-10 01:17:10,492 - INFO - 🔍【贴水监控】2020-05-06 16:00:00 当前年化贴水 24.57% 处于历史极高分位: 96.5%
2026-04-10 01:17:11,400 - INFO - 🔍【贴水监控】2020-05-07 16:00:00 当前年化贴水 25.06% 处于历史极高分位: 96.5%
2026-04-10 01:17:12,268 - INFO - 🔍【贴水监控】2020-05-10 16:00:00 当前年化贴水 21.23% 处于历史极高分位: 95.0%
2026-04-10 01:17:13,158 - INFO - 🔍【贴水监控】2020-05-11 16:00:00 当前年化贴水 45.29% 处于历史极高分位: 99.4%
2026-04-10 01:17:14,056 - INFO - 🔍【贴水监控】2020-05-12 16:00:00 当前年化贴水 53.35% 处于历史极高分位: 99.5%
2026-04-10 01:17:14,937 - INFO - 【主力切换】CFFEX.IC2005 → CFFEX.IC2006  | 时间: 2020-05-13 18:00:00.000000
2026-04-10 01:17:14,944 - DEBUG - websocket send data
2026-04-10 01:17:15,183 - DEBUG - websocket received data
2026-04-10 01:17:15,184 - DEBUG - websocket send data
2026-04-10 01:17:15,185 - DEBUG - websocket send data
2026-04-10 01:17:15,421 - DEBUG - websocket received data
2026-04-10 01:17:15,421 - DEBUG - websocket send data
2026-04-10 01:17:15,422 - DEBUG - websocket send data
2026-04-10 01:17:15,657 - DEBUG - websocket received data
2026-04-10 01:17:15,658 - DEBUG - websocket send data
2026-04-10 01:17:15,658 - DEBUG - websocket send data
2026-04-10 01:17:17,068 - DEBUG - websocket received data
2026-04-10 01:17:17,124 - DEBUG - websocket send data
2026-04-10 01:17:17,942 - DEBUG - websocket received data
2026-04-10 01:17:18,120 - DEBUG - websocket send data
2026-04-10 01:17:18,497 - DEBUG - websocket received data
2026-04-10 01:17:18,699 - DEBUG - websocket send data
2026-04-10 01:17:19,074 - DEBUG - websocket received data
2026-04-10 01:17:19,236 - DEBUG - websocket send data
2026-04-10 01:17:19,524 - DEBUG - websocket received data
2026-04-10 01:17:19,847 - DEBUG - websocket send data
2026-04-10 01:17:19,847 - DEBUG - websocket send data
2026-04-10 01:17:20,206 - DEBUG - websocket received data
2026-04-10 01:17:20,251 - DEBUG - websocket send data
2026-04-10 01:17:20,597 - DEBUG - websocket received data
2026-04-10 01:17:20,643 - DEBUG - websocket send data
2026-04-10 01:17:20,895 - DEBUG - websocket received data
2026-04-10 01:17:20,903 - DEBUG - websocket send data
2026-04-10 01:17:20,914 - DEBUG - websocket send data
2026-04-10 01:17:21,756 - INFO - 🔍【贴水监控】2020-05-13 16:00:00 当前年化贴水 17.59% 处于历史极高分位: 91.5%
2026-04-10 01:17:21,758 - INFO - 🚨【贴水报警】合约: CFFEX.IC2006 时间: 2020-05-13 16:00:00 | 期货收盘: 5414.80 | 指数收盘: 5513.08 | 年化贴水: 17.59 (分位: 91.5%) | 动态阈值: 10.64 | 指数SMA(20): 5373.72
2026-04-10 01:17:21,758 - INFO - ✅ 已下达【买入 1 手】指令，等待成交...
2026-04-10 01:17:21,779 - DEBUG - websocket received data
2026-04-10 01:17:21,781 - DEBUG - websocket send data
    INFO - 模拟交易下单 bigo, PYSDK_target_a7fd9ed159afa276fbe43d351d919419: 时间: 2020-05-14 09:30:00.000000, 合约: CFFEX.IC2006, 开平: OPEN, 方向: BUY, 手数: 1, 价格: 5413.4
2026-04-10 01:17:21,783 - DEBUG - insert order
    INFO - 模拟交易委托单 bigo, PYSDK_target_a7fd9ed159afa276fbe43d351d919419: 全部成交
2026-04-10 01:17:21,783 - DEBUG - insert order
2026-04-10 01:17:21,785 - INFO - --- 交易成功通知 ---
2026-04-10 01:17:21,785 - INFO - Trade时间:2020-05-14 01:30:00.000000, 价格:5413.4, 数量:1, 买卖方向:BUY
2026-04-10 01:17:21,785 - INFO - 目标持仓已达成，查询结束。
2026-04-10 01:17:24,248 - DEBUG - websocket send data
2026-04-10 01:17:24,248 - DEBUG - websocket send data
2026-04-10 01:17:24,289 - INFO - 🔍【贴水监控】2020-05-17 16:00:00 当前年化贴水 16.94% 处于历史极高分位: 90.4%
2026-04-10 01:17:24,474 - DEBUG - websocket received data
2026-04-10 01:17:24,475 - DEBUG - websocket send data
2026-04-10 01:17:24,712 - DEBUG - websocket received data
2026-04-10 01:17:24,713 - DEBUG - websocket send data
2026-04-10 01:17:25,205 - INFO - 🔍【贴水监控】2020-05-18 16:00:00 当前年化贴水 17.38% 处于历史极高分位: 91.1%
2026-04-10 01:17:26,143 - INFO - 🔍【贴水监控】2020-05-19 16:00:00 当前年化贴水 19.97% 处于历史极高分位: 94.0%
2026-04-10 01:17:27,063 - INFO - 🔍【贴水监控】2020-05-20 16:00:00 当前年化贴水 17.32% 处于历史极高分位: 91.0%
2026-04-10 01:17:27,963 - INFO - 🔍【贴水监控】2020-05-21 16:00:00 当前年化贴水 19.67% 处于历史极高分位: 93.6%
2026-04-10 01:17:31,875 - INFO - 🔍【贴水监控】2020-05-26 16:00:00 当前年化贴水 23.14% 处于历史极高分位: 95.8%
2026-04-10 01:17:32,846 - INFO - 🔍【贴水监控】2020-05-27 16:00:00 当前年化贴水 21.37% 处于历史极高分位: 95.1%
2026-04-10 01:17:33,782 - INFO - 🔍【贴水监控】2020-05-28 16:00:00 当前年化贴水 25.86% 处于历史极高分位: 96.7%
2026-04-10 01:17:34,057 - DEBUG - websocket send data
2026-04-10 01:17:34,415 - DEBUG - websocket received data
2026-04-10 01:17:34,467 - DEBUG - websocket send data
2026-04-10 01:17:34,838 - DEBUG - websocket received data
2026-04-10 01:17:34,885 - DEBUG - websocket send data
2026-04-10 01:17:34,894 - INFO - 🔍【贴水监控】2020-05-31 16:00:00 当前年化贴水 19.24% 处于历史极高分位: 93.2%
2026-04-10 01:17:35,241 - DEBUG - websocket received data
2026-04-10 01:17:35,287 - DEBUG - websocket send data
2026-04-10 01:17:35,562 - DEBUG - websocket received data
2026-04-10 01:17:35,578 - DEBUG - websocket send data
2026-04-10 01:17:36,881 - INFO - 🔍【贴水监控】2020-06-02 16:00:00 当前年化贴水 17.11% 处于历史极高分位: 90.7%
2026-04-10 01:17:37,798 - INFO - 🔍【贴水监控】2020-06-03 16:00:00 当前年化贴水 22.26% 处于历史极高分位: 95.6%
2026-04-10 01:17:38,737 - INFO - 🔍【贴水监控】2020-06-04 16:00:00 当前年化贴水 23.60% 处于历史极高分位: 95.9%
2026-04-10 01:17:39,665 - INFO - 🔍【贴水监控】2020-06-07 16:00:00 当前年化贴水 21.89% 处于历史极高分位: 95.5%
2026-04-10 01:17:40,591 - INFO - 🔍【贴水监控】2020-06-08 16:00:00 当前年化贴水 30.99% 处于历史极高分位: 97.7%
2026-04-10 01:17:41,521 - INFO - 🔍【贴水监控】2020-06-09 16:00:00 当前年化贴水 31.13% 处于历史极高分位: 97.8%
2026-04-10 01:17:42,793 - INFO - 🔍【贴水监控】2020-06-10 16:00:00 当前年化贴水 41.75% 处于历史极高分位: 99.1%
2026-04-10 01:17:44,300 - INFO - 💰【止盈平仓】合约: CFFEX.IC2006 达到止盈条件 (修复率: 200.39%)，触发平仓。
    INFO - 模拟交易下单 bigo, PYSDK_target_fbdca2d54fd944cc761468983a6cb943: 时间: 2020-06-12 09:30:00.000000, 合约: CFFEX.IC2006, 开平: CLOSE, 方向: SELL, 手数: 1, 价格: 5507.0
2026-04-10 01:17:44,306 - DEBUG - insert order
    INFO - 模拟交易委托单 bigo, PYSDK_target_fbdca2d54fd944cc761468983a6cb943: 全部成交
2026-04-10 01:17:44,307 - DEBUG - insert order
2026-04-10 01:17:44,308 - INFO - --- 交易成功通知 ---
2026-04-10 01:17:44,308 - INFO - Trade时间:2020-06-12 01:30:00.000000, 价格:5507.0, 数量:1, 买卖方向:SELL
2026-04-10 01:17:45,300 - INFO - 🔍【贴水监控】2020-06-14 16:00:00 当前年化贴水 37.09% 处于历史极高分位: 98.8%
2026-04-10 01:17:45,301 - INFO - 2020-06-14 16:00:00-持仓: 0，浮动盈亏: 0.0, 合约：CFFEX.IC2006， 剩余天数: 7
2026-04-10 01:17:46,120 - INFO - 🔍【贴水监控】2020-06-15 16:00:00 当前年化贴水 18.24% 处于历史极高分位: 92.0%
2026-04-10 01:17:46,121 - INFO - 2020-06-15 16:00:00-持仓: 0，浮动盈亏: 0.0, 合约：CFFEX.IC2006， 剩余天数: 4
2026-04-10 01:17:46,923 - INFO - 🔍【贴水监控】2020-06-16 16:00:00 当前年化贴水 59.01% 处于历史极高分位: 99.8%
2026-04-10 01:17:46,924 - INFO - 2020-06-16 16:00:00-持仓: 0，浮动盈亏: 0.0, 合约：CFFEX.IC2006， 剩余天数: 3
2026-04-10 01:17:47,706 - INFO - 【主力切换】CFFEX.IC2006 → CFFEX.IC2007  | 时间: 2020-06-17 18:00:00.000000
2026-04-10 01:17:47,712 - DEBUG - websocket send data
2026-04-10 01:17:47,944 - DEBUG - websocket received data
2026-04-10 01:17:47,945 - DEBUG - websocket send data
2026-04-10 01:17:47,945 - DEBUG - websocket send data
2026-04-10 01:17:48,177 - DEBUG - websocket received data
2026-04-10 01:17:48,178 - DEBUG - websocket send data
2026-04-10 01:17:48,178 - DEBUG - websocket send data
2026-04-10 01:17:48,413 - DEBUG - websocket received data
2026-04-10 01:17:48,414 - DEBUG - websocket send data
2026-04-10 01:17:48,415 - DEBUG - websocket send data
2026-04-10 01:17:48,642 - DEBUG - websocket received data
2026-04-10 01:17:48,642 - DEBUG - websocket send data
2026-04-10 01:17:48,983 - DEBUG - websocket received data
2026-04-10 01:17:49,022 - DEBUG - websocket send data
2026-04-10 01:17:49,345 - DEBUG - websocket received data
2026-04-10 01:17:49,513 - DEBUG - websocket send data
2026-04-10 01:17:49,513 - DEBUG - websocket send data
2026-04-10 01:17:49,868 - DEBUG - websocket received data
2026-04-10 01:17:49,908 - DEBUG - websocket send data
2026-04-10 01:17:50,205 - DEBUG - websocket received data
2026-04-10 01:17:50,231 - DEBUG - websocket send data
2026-04-10 01:17:50,237 - DEBUG - websocket send data
2026-04-10 01:17:50,697 - INFO - 🔍【贴水监控】2020-06-17 16:00:00 当前年化贴水 27.40% 处于历史极高分位: 96.9%
2026-04-10 01:17:50,698 - INFO - 🚨【贴水报警】合约: CFFEX.IC2007 时间: 2020-06-17 16:00:00 | 期货收盘: 5608.80 | 指数收盘: 5738.03 | 年化贴水: 27.40 (分位: 96.9%) | 动态阈值: 10.64 | 指数SMA(20): 5540.67
2026-04-10 01:17:50,699 - INFO - ✅ 已下达【买入 1 手】指令，等待成交...
2026-04-10 01:17:50,707 - DEBUG - websocket received data
2026-04-10 01:17:50,709 - DEBUG - websocket send data
    INFO - 模拟交易下单 bigo, PYSDK_target_d7d33eb1485af62d92431702b557af66: 时间: 2020-06-18 09:30:00.000000, 合约: CFFEX.IC2007, 开平: OPEN, 方向: BUY, 手数: 1, 价格: 5605.8
2026-04-10 01:17:50,710 - DEBUG - insert order
    INFO - 模拟交易委托单 bigo, PYSDK_target_d7d33eb1485af62d92431702b557af66: 全部成交
2026-04-10 01:17:50,710 - DEBUG - insert order
2026-04-10 01:17:50,711 - INFO - --- 交易成功通知 ---
2026-04-10 01:17:50,711 - INFO - Trade时间:2020-06-18 01:30:00.000000, 价格:5605.8, 数量:1, 买卖方向:BUY
2026-04-10 01:17:50,711 - INFO - 目标持仓已达成，查询结束。
2026-04-10 01:17:52,970 - DEBUG - websocket send data
2026-04-10 01:17:52,970 - DEBUG - websocket send data
2026-04-10 01:17:53,200 - DEBUG - websocket received data
2026-04-10 01:17:53,201 - DEBUG - websocket send data
2026-04-10 01:17:53,437 - DEBUG - websocket received data
2026-04-10 01:17:53,437 - DEBUG - websocket send data
2026-04-10 01:17:53,919 - INFO - 🔍【贴水监控】2020-06-22 16:00:00 当前年化贴水 21.44% 处于历史极高分位: 95.1%
2026-04-10 01:17:56,780 - INFO - 💰【止盈平仓】合约: CFFEX.IC2007 达到止盈条件 (修复率: 51.16%)，触发平仓。
    INFO - 模拟交易下单 bigo, PYSDK_target_9c971eac061fdd5b8868b3a9557ae458: 时间: 2020-06-29 09:30:00.000000, 合约: CFFEX.IC2007, 开平: CLOSE, 方向: SELL, 手数: 1, 价格: 5729.2
2026-04-10 01:17:56,787 - DEBUG - insert order
    INFO - 模拟交易委托单 bigo, PYSDK_target_9c971eac061fdd5b8868b3a9557ae458: 全部成交
2026-04-10 01:17:56,787 - DEBUG - insert order
2026-04-10 01:17:56,788 - INFO - --- 交易成功通知 ---
2026-04-10 01:17:56,788 - INFO - Trade时间:2020-06-29 01:30:00.000000, 价格:5729.2, 数量:1, 买卖方向:SELL
2026-04-10 01:17:57,895 - INFO - 🔍【贴水监控】2020-06-29 16:00:00 当前年化贴水 16.90% 处于历史极高分位: 90.4%
2026-04-10 01:17:57,896 - INFO - 2020-06-29 16:00:00-持仓: 0，浮动盈亏: 0.0, 合约：CFFEX.IC2007， 剩余天数: 18
2026-04-10 01:17:58,729 - INFO - 🔍【贴水监控】2020-06-30 16:00:00 当前年化贴水 18.80% 处于历史极高分位: 92.6%
2026-04-10 01:17:58,730 - INFO - 2020-06-30 16:00:00-持仓: 0，浮动盈亏: 0.0, 合约：CFFEX.IC2007， 剩余天数: 17
2026-04-10 01:17:59,539 - INFO - 🔍【贴水监控】2020-07-01 16:00:00 当前年化贴水 18.96% 处于历史极高分位: 92.9%
2026-04-10 01:17:59,540 - INFO - 2020-07-01 16:00:00-持仓: 0，浮动盈亏: 0.0, 合约：CFFEX.IC2007， 剩余天数: 16
2026-04-10 01:18:00,349 - INFO - 2020-07-02 16:00:00-持仓: 0，浮动盈亏: 0.0, 合约：CFFEX.IC2007， 剩余天数: 15
2026-04-10 01:18:01,175 - INFO - 2020-07-05 16:00:00-持仓: 0，浮动盈亏: 0.0, 合约：CFFEX.IC2007， 剩余天数: 14
2026-04-10 01:18:02,031 - INFO - 2020-07-06 16:00:00-持仓: 0，浮动盈亏: 0.0, 合约：CFFEX.IC2007， 剩余天数: 11
2026-04-10 01:18:02,885 - INFO - 2020-07-07 16:00:00-持仓: 0，浮动盈亏: 0.0, 合约：CFFEX.IC2007， 剩余天数: 10
2026-04-10 01:18:03,739 - INFO - 🔍【贴水监控】2020-07-08 16:00:00 当前年化贴水 21.38% 处于历史极高分位: 95.1%
2026-04-10 01:18:03,740 - INFO - 2020-07-08 16:00:00-持仓: 0，浮动盈亏: 0.0, 合约：CFFEX.IC2007， 剩余天数: 9
2026-04-10 01:18:04,603 - INFO - 2020-07-09 16:00:00-持仓: 0，浮动盈亏: 0.0, 合约：CFFEX.IC2007， 剩余天数: 8
2026-04-10 01:18:05,446 - INFO - 2020-07-12 16:00:00-持仓: 0，浮动盈亏: 0.0, 合约：CFFEX.IC2007， 剩余天数: 7
2026-04-10 01:18:06,306 - INFO - 🔍【贴水监控】2020-07-13 16:00:00 当前年化贴水 25.67% 处于历史极高分位: 96.5%
2026-04-10 01:18:06,307 - INFO - 2020-07-13 16:00:00-持仓: 0，浮动盈亏: 0.0, 合约：CFFEX.IC2007， 剩余天数: 4
2026-04-10 01:18:07,134 - INFO - 2020-07-14 16:00:00-持仓: 0，浮动盈亏: 0.0, 合约：CFFEX.IC2007， 剩余天数: 3
2026-04-10 01:18:08,262 - INFO - 【主力切换】CFFEX.IC2007 → CFFEX.IC2008  | 时间: 2020-07-15 18:00:00.000000
2026-04-10 01:18:08,271 - DEBUG - websocket send data
2026-04-10 01:18:08,500 - DEBUG - websocket received data
2026-04-10 01:18:08,502 - DEBUG - websocket send data
2026-04-10 01:18:08,502 - DEBUG - websocket send data
2026-04-10 01:18:09,027 - DEBUG - websocket received data
2026-04-10 01:18:09,028 - DEBUG - websocket send data
2026-04-10 01:18:09,028 - DEBUG - websocket send data
2026-04-10 01:18:09,260 - DEBUG - websocket received data
2026-04-10 01:18:09,262 - DEBUG - websocket send data
2026-04-10 01:18:09,262 - DEBUG - websocket send data
2026-04-10 01:18:09,498 - DEBUG - websocket received data
2026-04-10 01:18:09,499 - DEBUG - websocket send data
2026-04-10 01:18:09,849 - DEBUG - websocket received data
2026-04-10 01:18:09,892 - DEBUG - websocket send data
2026-04-10 01:18:10,150 - DEBUG - websocket received data
2026-04-10 01:18:10,256 - DEBUG - websocket send data
2026-04-10 01:18:10,256 - DEBUG - websocket send data
2026-04-10 01:18:10,613 - DEBUG - websocket received data
2026-04-10 01:18:10,653 - DEBUG - websocket send data
2026-04-10 01:18:11,008 - DEBUG - websocket received data
2026-04-10 01:18:11,049 - DEBUG - websocket send data
2026-04-10 01:18:11,302 - DEBUG - websocket received data
2026-04-10 01:18:11,310 - DEBUG - websocket send data
2026-04-10 01:18:11,315 - DEBUG - websocket send data
2026-04-10 01:18:11,636 - INFO - 2020-07-15 16:00:00-持仓: 0，浮动盈亏: nan, 合约：CFFEX.IC2008， 剩余天数: 37
2026-04-10 01:18:11,643 - DEBUG - websocket received data
2026-04-10 01:18:11,644 - DEBUG - websocket send data
2026-04-10 01:18:12,564 - INFO - 2020-07-16 16:00:00-持仓: 0，浮动盈亏: nan, 合约：CFFEX.IC2008， 剩余天数: 36
2026-04-10 01:18:13,445 - DEBUG - websocket send data
2026-04-10 01:18:13,445 - DEBUG - websocket send data
2026-04-10 01:18:13,487 - INFO - 2020-07-19 16:00:00-持仓: 0，浮动盈亏: nan, 合约：CFFEX.IC2008， 剩余天数: 35
2026-04-10 01:18:13,681 - DEBUG - websocket received data
2026-04-10 01:18:13,681 - DEBUG - websocket send data
2026-04-10 01:18:13,918 - DEBUG - websocket received data
2026-04-10 01:18:13,919 - DEBUG - websocket send data
2026-04-10 01:18:14,162 - INFO - 🚨【贴水报警】合约: CFFEX.IC2008 时间: 2020-07-20 16:00:00 | 期货收盘: 6475.00 | 指数收盘: 6546.57 | 年化贴水: 12.47 (分位: 81.4%) | 动态阈值: 10.64 | 指数SMA(20): 6279.13
2026-04-10 01:18:14,162 - INFO - ✅ 已下达【买入 1 手】指令，等待成交...
    INFO - 模拟交易下单 bigo, PYSDK_target_13f9e910ff3408396d86f8e3952deac1: 时间: 2020-07-21 09:30:00.000000, 合约: CFFEX.IC2008, 开平: OPEN, 方向: BUY, 手数: 1, 价格: 6472.0
2026-04-10 01:18:14,166 - DEBUG - insert order
    INFO - 模拟交易委托单 bigo, PYSDK_target_13f9e910ff3408396d86f8e3952deac1: 全部成交
2026-04-10 01:18:14,166 - DEBUG - insert order
2026-04-10 01:18:14,167 - INFO - --- 交易成功通知 ---
2026-04-10 01:18:14,167 - INFO - Trade时间:2020-07-21 01:30:00.000000, 价格:6472.0, 数量:1, 买卖方向:BUY
2026-04-10 01:18:14,167 - INFO - 目标持仓已达成，查询结束。
2026-04-10 01:18:20,440 - INFO - 🔍【贴水监控】2020-07-28 16:00:00 当前年化贴水 26.53% 处于历史极高分位: 96.8%
2026-04-10 01:18:21,868 - DEBUG - websocket send data
2026-04-10 01:18:22,242 - DEBUG - websocket received data
2026-04-10 01:18:22,351 - DEBUG - websocket send data
2026-04-10 01:18:22,722 - DEBUG - websocket received data
2026-04-10 01:18:22,836 - DEBUG - websocket send data
2026-04-10 01:18:23,208 - DEBUG - websocket received data
2026-04-10 01:18:23,303 - DEBUG - websocket send data
2026-04-10 01:18:23,585 - DEBUG - websocket received data
2026-04-10 01:18:23,654 - DEBUG - websocket send data
2026-04-10 01:18:25,571 - INFO - 🔍【贴水监控】2020-08-03 16:00:00 当前年化贴水 21.45% 处于历史极高分位: 95.1%
2026-04-10 01:18:27,522 - INFO - 🔍【贴水监控】2020-08-05 16:00:00 当前年化贴水 25.28% 处于历史极高分位: 96.5%
2026-04-10 01:18:28,477 - INFO - 🔍【贴水监控】2020-08-06 16:00:00 当前年化贴水 31.43% 处于历史极高分位: 98.0%
2026-04-10 01:18:29,422 - INFO - 🔍【贴水监控】2020-08-09 16:00:00 当前年化贴水 24.07% 处于历史极高分位: 96.3%
2026-04-10 01:18:30,363 - INFO - 🔍【贴水监控】2020-08-10 16:00:00 当前年化贴水 29.68% 处于历史极高分位: 97.2%
2026-04-10 01:18:31,331 - INFO - 🔍【贴水监控】2020-08-11 16:00:00 当前年化贴水 36.51% 处于历史极高分位: 98.7%
2026-04-10 01:18:32,317 - INFO - 🔍【贴水监控】2020-08-12 16:00:00 当前年化贴水 39.47% 处于历史极高分位: 98.9%
2026-04-10 01:18:33,884 - INFO - 🔍【贴水监控】2020-08-13 16:00:00 当前年化贴水 61.09% 处于历史极高分位: 99.8%
2026-04-10 01:18:35,320 - INFO - 💰【止盈平仓】合约: CFFEX.IC2008 达到止盈条件 (修复率: 183.42%)，触发平仓。
    INFO - 模拟交易下单 bigo, PYSDK_target_47ff599af8136a2027c91ce0771e3f89: 时间: 2020-08-17 09:30:00.000000, 合约: CFFEX.IC2008, 开平: CLOSE, 方向: SELL, 手数: 1, 价格: 6656.8
2026-04-10 01:18:35,325 - DEBUG - insert order
    INFO - 模拟交易委托单 bigo, PYSDK_target_47ff599af8136a2027c91ce0771e3f89: 全部成交
2026-04-10 01:18:35,325 - DEBUG - insert order
2026-04-10 01:18:35,326 - INFO - --- 交易成功通知 ---
2026-04-10 01:18:35,326 - INFO - Trade时间:2020-08-17 01:30:00.000000, 价格:6656.8, 数量:1, 买卖方向:SELL
2026-04-10 01:18:36,184 - INFO - 🔍【贴水监控】2020-08-17 16:00:00 当前年化贴水 29.49% 处于历史极高分位: 97.0%
2026-04-10 01:18:36,185 - INFO - 2020-08-17 16:00:00-持仓: 0，浮动盈亏: 0.0, 合约：CFFEX.IC2008， 剩余天数: 4
2026-04-10 01:18:37,002 - INFO - 🔍【贴水监控】2020-08-18 16:00:00 当前年化贴水 62.05% 处于历史极高分位: 99.8%
2026-04-10 01:18:37,003 - INFO - 2020-08-18 16:00:00-持仓: 0，浮动盈亏: 0.0, 合约：CFFEX.IC2008， 剩余天数: 3
2026-04-10 01:18:37,796 - INFO - 【主力切换】CFFEX.IC2008 → CFFEX.IC2009  | 时间: 2020-08-19 18:00:00.000000
2026-04-10 01:18:37,802 - DEBUG - websocket send data
2026-04-10 01:18:38,039 - DEBUG - websocket received data
2026-04-10 01:18:38,040 - DEBUG - websocket send data
2026-04-10 01:18:38,040 - DEBUG - websocket send data
2026-04-10 01:18:38,041 - DEBUG - websocket send data
2026-04-10 01:18:38,276 - DEBUG - websocket received data
2026-04-10 01:18:38,276 - DEBUG - websocket send data
2026-04-10 01:18:38,507 - DEBUG - websocket received data
2026-04-10 01:18:38,508 - DEBUG - websocket send data
2026-04-10 01:18:38,509 - DEBUG - websocket send data
2026-04-10 01:18:38,509 - DEBUG - websocket send data
2026-04-10 01:18:38,744 - DEBUG - websocket received data
2026-04-10 01:18:38,745 - DEBUG - websocket send data
2026-04-10 01:18:38,994 - DEBUG - websocket received data
2026-04-10 01:18:38,995 - DEBUG - websocket send data
2026-04-10 01:18:38,995 - DEBUG - websocket send data
2026-04-10 01:18:38,996 - DEBUG - websocket send data
2026-04-10 01:18:39,228 - DEBUG - websocket received data
2026-04-10 01:18:39,228 - DEBUG - websocket send data
2026-04-10 01:18:39,476 - DEBUG - websocket received data
2026-04-10 01:18:39,530 - DEBUG - websocket send data
2026-04-10 01:18:39,885 - DEBUG - websocket received data
2026-04-10 01:18:39,987 - DEBUG - websocket send data
2026-04-10 01:18:40,357 - DEBUG - websocket received data
2026-04-10 01:18:40,451 - DEBUG - websocket send data
2026-04-10 01:18:41,244 - DEBUG - websocket received data
2026-04-10 01:18:41,339 - DEBUG - websocket send data
2026-04-10 01:18:41,634 - DEBUG - websocket received data
2026-04-10 01:18:41,926 - DEBUG - websocket send data
2026-04-10 01:18:41,926 - DEBUG - websocket send data
2026-04-10 01:18:42,275 - DEBUG - websocket received data
2026-04-10 01:18:42,315 - DEBUG - websocket send data
2026-04-10 01:18:42,636 - DEBUG - websocket received data
2026-04-10 01:18:42,666 - DEBUG - websocket send data
2026-04-10 01:18:42,677 - DEBUG - websocket send data
2026-04-10 01:18:43,523 - INFO - 🔍【贴水监控】2020-08-19 16:00:00 当前年化贴水 24.80% 处于历史极高分位: 96.5%
2026-04-10 01:18:43,524 - INFO - 🚨【贴水报警】合约: CFFEX.IC2009 时间: 2020-08-19 16:00:00 | 期货收盘: 6487.00 | 指数收盘: 6622.01 | 年化贴水: 24.80 (分位: 96.5%) | 动态阈值: 10.64 | 指数SMA(20): 6604.32
2026-04-10 01:18:43,524 - INFO - ✅ 已下达【买入 1 手】指令，等待成交...
2026-04-10 01:18:43,537 - DEBUG - websocket received data
2026-04-10 01:18:43,539 - DEBUG - websocket send data
    INFO - 模拟交易下单 bigo, PYSDK_target_bdac537f471ac0395584a06b6ec63cb5: 时间: 2020-08-20 09:30:00.000000, 合约: CFFEX.IC2009, 开平: OPEN, 方向: BUY, 手数: 1, 价格: 6488.2
2026-04-10 01:18:43,541 - DEBUG - insert order
    INFO - 模拟交易委托单 bigo, PYSDK_target_bdac537f471ac0395584a06b6ec63cb5: 全部成交
2026-04-10 01:18:43,541 - DEBUG - insert order
2026-04-10 01:18:43,542 - INFO - --- 交易成功通知 ---
2026-04-10 01:18:43,542 - INFO - Trade时间:2020-08-20 01:30:00.000000, 价格:6488.2, 数量:1, 买卖方向:BUY
2026-04-10 01:18:43,542 - INFO - 目标持仓已达成，查询结束。
2026-04-10 01:18:44,700 - INFO - 🔍【贴水监控】2020-08-20 16:00:00 当前年化贴水 16.88% 处于历史极高分位: 90.4%
2026-04-10 01:18:46,440 - DEBUG - websocket send data
2026-04-10 01:18:46,440 - DEBUG - websocket send data
2026-04-10 01:18:46,505 - INFO - 🔍【贴水监控】2020-08-23 16:00:00 当前年化贴水 18.91% 处于历史极高分位: 92.9%
2026-04-10 01:18:46,665 - DEBUG - websocket received data
2026-04-10 01:18:46,666 - DEBUG - websocket send data
2026-04-10 01:18:46,903 - DEBUG - websocket received data
2026-04-10 01:18:46,904 - DEBUG - websocket send data
2026-04-10 01:18:47,957 - INFO - 🔍【贴水监控】2020-08-24 16:00:00 当前年化贴水 28.36% 处于历史极高分位: 96.9%
2026-04-10 01:18:49,017 - INFO - 🔍【贴水监控】2020-08-25 16:00:00 当前年化贴水 27.82% 处于历史极高分位: 96.9%
2026-04-10 01:18:49,983 - INFO - 🔍【贴水监控】2020-08-26 16:00:00 当前年化贴水 20.91% 处于历史极高分位: 94.8%
2026-04-10 01:18:50,944 - INFO - 🔍【贴水监控】2020-08-27 16:00:00 当前年化贴水 18.20% 处于历史极高分位: 91.9%
2026-04-10 01:18:51,897 - INFO - 💰【止盈平仓】合约: CFFEX.IC2009 达到止盈条件 (修复率: 86.14%)，触发平仓。
    INFO - 模拟交易下单 bigo, PYSDK_target_c8f4f7a22e3dafdde483e4dd9c664b00: 时间: 2020-08-31 09:30:00.000000, 合约: CFFEX.IC2009, 开平: CLOSE, 方向: SELL, 手数: 1, 价格: 6704.8
2026-04-10 01:18:51,903 - DEBUG - insert order
    INFO - 模拟交易委托单 bigo, PYSDK_target_c8f4f7a22e3dafdde483e4dd9c664b00: 全部成交
2026-04-10 01:18:51,903 - DEBUG - insert order
2026-04-10 01:18:51,904 - INFO - --- 交易成功通知 ---
2026-04-10 01:18:51,904 - INFO - Trade时间:2020-08-31 01:30:00.000000, 价格:6704.8, 数量:1, 买卖方向:SELL
2026-04-10 01:18:52,738 - INFO - 🔍【贴水监控】2020-08-31 16:00:00 当前年化贴水 21.89% 处于历史极高分位: 95.5%
2026-04-10 01:18:52,739 - INFO - 2020-08-31 16:00:00-持仓: 0，浮动盈亏: 0.0, 合约：CFFEX.IC2009， 剩余天数: 18
2026-04-10 01:18:53,556 - INFO - 2020-09-01 16:00:00-持仓: 0，浮动盈亏: 0.0, 合约：CFFEX.IC2009， 剩余天数: 17
2026-04-10 01:18:54,387 - INFO - 🔍【贴水监控】2020-09-02 16:00:00 当前年化贴水 34.69% 处于历史极高分位: 98.5%
2026-04-10 01:18:54,388 - INFO - 2020-09-02 16:00:00-持仓: 0，浮动盈亏: 0.0, 合约：CFFEX.IC2009， 剩余天数: 16
2026-04-10 01:18:55,258 - INFO - 2020-09-03 16:00:00-持仓: 0，浮动盈亏: 0.0, 合约：CFFEX.IC2009， 剩余天数: 15
2026-04-10 01:18:56,138 - INFO - 2020-09-06 16:00:00-持仓: 0，浮动盈亏: 0.0, 合约：CFFEX.IC2009， 剩余天数: 14
2026-04-10 01:18:57,005 - INFO - 🔍【贴水监控】2020-09-07 16:00:00 当前年化贴水 22.37% 处于历史极高分位: 95.6%
2026-04-10 01:18:57,006 - INFO - 2020-09-07 16:00:00-持仓: 0，浮动盈亏: 0.0, 合约：CFFEX.IC2009， 剩余天数: 11
2026-04-10 01:18:57,925 - INFO - 2020-09-08 16:00:00-持仓: 0，浮动盈亏: 0.0, 合约：CFFEX.IC2009， 剩余天数: 10
2026-04-10 01:18:59,323 - INFO - 🔍【贴水监控】2020-09-09 16:00:00 当前年化贴水 18.78% 处于历史极高分位: 92.6%
2026-04-10 01:18:59,324 - INFO - 2020-09-09 16:00:00-持仓: 0，浮动盈亏: 0.0, 合约：CFFEX.IC2009， 剩余天数: 9
2026-04-10 01:19:00,685 - INFO - 2020-09-10 16:00:00-持仓: 0，浮动盈亏: 0.0, 合约：CFFEX.IC2009， 剩余天数: 8
2026-04-10 01:19:01,531 - INFO - 🔍【贴水监控】2020-09-13 16:00:00 当前年化贴水 17.54% 处于历史极高分位: 91.4%
2026-04-10 01:19:01,532 - INFO - 2020-09-13 16:00:00-持仓: 0，浮动盈亏: 0.0, 合约：CFFEX.IC2009， 剩余天数: 7
2026-04-10 01:19:02,391 - INFO - 🔍【贴水监控】2020-09-14 16:00:00 当前年化贴水 34.83% 处于历史极高分位: 98.5%
2026-04-10 01:19:02,392 - INFO - 2020-09-14 16:00:00-持仓: 0，浮动盈亏: 0.0, 合约：CFFEX.IC2009， 剩余天数: 4
2026-04-10 01:19:03,240 - INFO - 🔍【贴水监控】2020-09-15 16:00:00 当前年化贴水 47.15% 处于历史极高分位: 99.5%
2026-04-10 01:19:03,241 - INFO - 2020-09-15 16:00:00-持仓: 0，浮动盈亏: 0.0, 合约：CFFEX.IC2009， 剩余天数: 3
2026-04-10 01:19:04,066 - INFO - 【主力切换】CFFEX.IC2009 → CFFEX.IC2010  | 时间: 2020-09-16 18:00:00.000000
2026-04-10 01:19:04,073 - DEBUG - websocket send data
2026-04-10 01:19:04,298 - DEBUG - websocket received data
2026-04-10 01:19:04,299 - DEBUG - websocket send data
2026-04-10 01:19:04,300 - DEBUG - websocket send data
2026-04-10 01:19:04,300 - DEBUG - websocket send data
2026-04-10 01:19:04,535 - DEBUG - websocket received data
2026-04-10 01:19:04,536 - DEBUG - websocket send data
2026-04-10 01:19:04,772 - DEBUG - websocket received data
2026-04-10 01:19:04,773 - DEBUG - websocket send data
2026-04-10 01:19:04,773 - DEBUG - websocket send data
2026-04-10 01:19:04,774 - DEBUG - websocket send data
2026-04-10 01:19:05,003 - DEBUG - websocket received data
2026-04-10 01:19:05,003 - DEBUG - websocket send data
2026-04-10 01:19:05,235 - DEBUG - websocket received data
2026-04-10 01:19:05,236 - DEBUG - websocket send data
2026-04-10 01:19:05,237 - DEBUG - websocket send data
2026-04-10 01:19:05,237 - DEBUG - websocket send data
2026-04-10 01:19:05,753 - DEBUG - websocket received data
2026-04-10 01:19:05,754 - DEBUG - websocket send data
2026-04-10 01:19:05,987 - DEBUG - websocket received data
2026-04-10 01:19:05,987 - DEBUG - websocket send data
2026-04-10 01:19:06,334 - DEBUG - websocket received data
2026-04-10 01:19:06,374 - DEBUG - websocket send data
2026-04-10 01:19:06,641 - DEBUG - websocket received data
2026-04-10 01:19:06,753 - DEBUG - websocket send data
2026-04-10 01:19:06,753 - DEBUG - websocket send data
2026-04-10 01:19:07,102 - DEBUG - websocket received data
2026-04-10 01:19:07,143 - DEBUG - websocket send data
2026-04-10 01:19:07,403 - DEBUG - websocket received data
2026-04-10 01:19:07,416 - DEBUG - websocket send data
2026-04-10 01:19:07,421 - DEBUG - websocket send data
2026-04-10 01:19:10,193 - INFO - 2020-09-16 16:00:00-持仓: 0，浮动盈亏: nan, 合约：CFFEX.IC2010， 剩余天数: 30
2026-04-10 01:19:10,201 - DEBUG - websocket received data
2026-04-10 01:19:10,202 - DEBUG - websocket send data
2026-04-10 01:19:11,606 - INFO - 2020-09-17 16:00:00-持仓: 0，浮动盈亏: nan, 合约：CFFEX.IC2010， 剩余天数: 29
2026-04-10 01:19:13,157 - DEBUG - websocket send data
2026-04-10 01:19:13,158 - DEBUG - websocket send data
2026-04-10 01:19:13,233 - INFO - 2020-09-20 16:00:00-持仓: 0，浮动盈亏: nan, 合约：CFFEX.IC2010， 剩余天数: 28
2026-04-10 01:19:13,389 - DEBUG - websocket received data
2026-04-10 01:19:13,390 - DEBUG - websocket send data
2026-04-10 01:19:13,628 - DEBUG - websocket received data
2026-04-10 01:19:13,629 - DEBUG - websocket send data
2026-04-10 01:19:13,952 - INFO - 2020-09-21 16:00:00-持仓: 0，浮动盈亏: nan, 合约：CFFEX.IC2010， 剩余天数: 25
2026-04-10 01:19:14,769 - INFO - 2020-09-22 16:00:00-持仓: 0，浮动盈亏: nan, 合约：CFFEX.IC2010， 剩余天数: 24
2026-04-10 01:19:15,473 - INFO - 2020-09-23 16:00:00-持仓: 0，浮动盈亏: nan, 合约：CFFEX.IC2010， 剩余天数: 23
2026-04-10 01:19:16,171 - INFO - 2020-09-24 16:00:00-持仓: 0，浮动盈亏: nan, 合约：CFFEX.IC2010， 剩余天数: 22
2026-04-10 01:19:16,552 - DEBUG - websocket send data
2026-04-10 01:19:16,872 - INFO - 2020-09-27 16:00:00-持仓: 0，浮动盈亏: nan, 合约：CFFEX.IC2010， 剩余天数: 21
2026-04-10 01:19:16,902 - DEBUG - websocket received data
2026-04-10 01:19:16,957 - DEBUG - websocket send data
2026-04-10 01:19:17,307 - DEBUG - websocket received data
2026-04-10 01:19:17,353 - DEBUG - websocket send data
2026-04-10 01:19:17,696 - INFO - 2020-09-28 16:00:00-持仓: 0，浮动盈亏: nan, 合约：CFFEX.IC2010， 剩余天数: 18
2026-04-10 01:19:17,706 - DEBUG - websocket received data
2026-04-10 01:19:17,765 - DEBUG - websocket send data
2026-04-10 01:19:18,028 - DEBUG - websocket received data
2026-04-10 01:19:18,046 - DEBUG - websocket send data
2026-04-10 01:19:18,468 - INFO - 2020-09-29 16:00:00-持仓: 0，浮动盈亏: nan, 合约：CFFEX.IC2010， 剩余天数: 17
2026-04-10 01:19:19,186 - INFO - 2020-10-08 16:00:00-持仓: 0，浮动盈亏: nan, 合约：CFFEX.IC2010， 剩余天数: 8
2026-04-10 01:19:19,871 - INFO - 🔍【贴水监控】2020-10-11 16:00:00 当前年化贴水 18.78% 处于历史极高分位: 92.6%
2026-04-10 01:19:19,872 - INFO - 2020-10-11 16:00:00-持仓: 0，浮动盈亏: nan, 合约：CFFEX.IC2010， 剩余天数: 7
2026-04-10 01:19:20,545 - INFO - 2020-10-12 16:00:00-持仓: 0，浮动盈亏: nan, 合约：CFFEX.IC2010， 剩余天数: 4
2026-04-10 01:19:21,240 - INFO - 🔍【贴水监控】2020-10-13 16:00:00 当前年化贴水 47.64% 处于历史极高分位: 99.5%
2026-04-10 01:19:21,241 - INFO - 2020-10-13 16:00:00-持仓: 0，浮动盈亏: nan, 合约：CFFEX.IC2010， 剩余天数: 3
2026-04-10 01:19:21,925 - INFO - 2020-10-14 16:00:00-持仓: 0，浮动盈亏: nan, 合约：CFFEX.IC2010， 剩余天数: 2
2026-04-10 01:19:22,600 - INFO - 【主力切换】CFFEX.IC2010 → CFFEX.IC2011  | 时间: 2020-10-15 18:00:00.000000
2026-04-10 01:19:22,606 - DEBUG - websocket send data
2026-04-10 01:19:22,841 - DEBUG - websocket received data
2026-04-10 01:19:22,842 - DEBUG - websocket send data
2026-04-10 01:19:22,843 - DEBUG - websocket send data
2026-04-10 01:19:22,843 - DEBUG - websocket send data
2026-04-10 01:19:23,078 - DEBUG - websocket received data
2026-04-10 01:19:23,078 - DEBUG - websocket send data
2026-04-10 01:19:23,315 - DEBUG - websocket received data
2026-04-10 01:19:23,316 - DEBUG - websocket send data
2026-04-10 01:19:23,318 - DEBUG - websocket send data
2026-04-10 01:19:23,318 - DEBUG - websocket send data
2026-04-10 01:19:23,540 - DEBUG - websocket received data
2026-04-10 01:19:23,540 - DEBUG - websocket send data
2026-04-10 01:19:23,775 - DEBUG - websocket received data
2026-04-10 01:19:23,776 - DEBUG - websocket send data
2026-04-10 01:19:23,777 - DEBUG - websocket send data
2026-04-10 01:19:23,778 - DEBUG - websocket send data
2026-04-10 01:19:24,013 - DEBUG - websocket received data
2026-04-10 01:19:24,014 - DEBUG - websocket send data
2026-04-10 01:19:24,244 - DEBUG - websocket received data
2026-04-10 01:19:24,245 - DEBUG - websocket send data
2026-04-10 01:19:24,593 - DEBUG - websocket received data
2026-04-10 01:19:24,665 - DEBUG - websocket send data
2026-04-10 01:19:24,899 - DEBUG - websocket received data
2026-04-10 01:19:25,046 - DEBUG - websocket send data
2026-04-10 01:19:25,046 - DEBUG - websocket send data
2026-04-10 01:19:25,394 - DEBUG - websocket received data
2026-04-10 01:19:25,437 - DEBUG - websocket send data
2026-04-10 01:19:25,784 - DEBUG - websocket received data
2026-04-10 01:19:25,824 - DEBUG - websocket send data
2026-04-10 01:19:26,067 - DEBUG - websocket received data
2026-04-10 01:19:26,072 - DEBUG - websocket send data
2026-04-10 01:19:26,076 - DEBUG - websocket send data
2026-04-10 01:19:26,334 - INFO - 2020-10-15 16:00:00-持仓: 0，浮动盈亏: nan, 合约：CFFEX.IC2011， 剩余天数: 36
2026-04-10 01:19:26,340 - DEBUG - websocket received data
2026-04-10 01:19:26,341 - DEBUG - websocket send data
2026-04-10 01:19:27,078 - DEBUG - websocket send data
2026-04-10 01:19:27,079 - DEBUG - websocket send data
2026-04-10 01:19:27,120 - INFO - 2020-10-18 16:00:00-持仓: 0，浮动盈亏: nan, 合约：CFFEX.IC2011， 剩余天数: 35
2026-04-10 01:19:27,306 - DEBUG - websocket received data
2026-04-10 01:19:27,307 - DEBUG - websocket send data
2026-04-10 01:19:27,542 - DEBUG - websocket received data
2026-04-10 01:19:27,543 - DEBUG - websocket send data
2026-04-10 01:19:27,790 - INFO - 2020-10-19 16:00:00-持仓: 0，浮动盈亏: nan, 合约：CFFEX.IC2011， 剩余天数: 32
2026-04-10 01:19:28,484 - INFO - 🚨【贴水报警】合约: CFFEX.IC2011 时间: 2020-10-20 16:00:00 | 期货收盘: 6354.00 | 指数收盘: 6426.19 | 年化贴水: 13.23 (分位: 83.8%) | 动态阈值: 10.64 | 指数SMA(20): 6376.18
2026-04-10 01:19:28,484 - INFO - ✅ 已下达【买入 1 手】指令，等待成交...
    INFO - 模拟交易下单 bigo, PYSDK_target_65cf74ddab3b9eb6bf0907310a361d76: 时间: 2020-10-21 09:30:00.000000, 合约: CFFEX.IC2011, 开平: OPEN, 方向: BUY, 手数: 1, 价格: 6350.2
2026-04-10 01:19:28,488 - DEBUG - insert order
    INFO - 模拟交易委托单 bigo, PYSDK_target_65cf74ddab3b9eb6bf0907310a361d76: 全部成交
2026-04-10 01:19:28,488 - DEBUG - insert order
2026-04-10 01:19:28,489 - INFO - --- 交易成功通知 ---
2026-04-10 01:19:28,489 - INFO - Trade时间:2020-10-21 01:30:00.000000, 价格:6350.2, 数量:1, 买卖方向:BUY
2026-04-10 01:19:28,489 - INFO - 目标持仓已达成，查询结束。
2026-04-10 01:19:32,435 - INFO - 💰【止盈平仓】合约: CFFEX.IC2011 达到止盈条件 (修复率: 53.50%)，触发平仓。
    INFO - 模拟交易下单 bigo, PYSDK_target_738ba0e4755580543414eb2faf89b3bb: 时间: 2020-10-27 09:30:00.000000, 合约: CFFEX.IC2011, 开平: CLOSE, 方向: SELL, 手数: 1, 价格: 6161.2
2026-04-10 01:19:32,440 - DEBUG - insert order
    INFO - 模拟交易委托单 bigo, PYSDK_target_738ba0e4755580543414eb2faf89b3bb: 全部成交
2026-04-10 01:19:32,440 - DEBUG - insert order
2026-04-10 01:19:32,441 - INFO - --- 交易成功通知 ---
2026-04-10 01:19:32,441 - INFO - Trade时间:2020-10-27 01:30:00.000000, 价格:6161.2, 数量:1, 买卖方向:SELL
2026-04-10 01:19:33,269 - INFO - 2020-10-27 16:00:00-持仓: 0，浮动盈亏: 0.0, 合约：CFFEX.IC2011， 剩余天数: 24
2026-04-10 01:19:34,130 - INFO - 2020-10-28 16:00:00-持仓: 0，浮动盈亏: 0.0, 合约：CFFEX.IC2011， 剩余天数: 23
2026-04-10 01:19:35,060 - INFO - 2020-10-29 16:00:00-持仓: 0，浮动盈亏: 0.0, 合约：CFFEX.IC2011， 剩余天数: 22
2026-04-10 01:19:36,523 - INFO - 2020-11-01 16:00:00-持仓: 0，浮动盈亏: 0.0, 合约：CFFEX.IC2011， 剩余天数: 21
2026-04-10 01:19:37,918 - INFO - 2020-11-02 16:00:00-持仓: 0，浮动盈亏: 0.0, 合约：CFFEX.IC2011， 剩余天数: 18
2026-04-10 01:19:38,783 - INFO - 2020-11-03 16:00:00-持仓: 0，浮动盈亏: 0.0, 合约：CFFEX.IC2011， 剩余天数: 17
2026-04-10 01:19:39,622 - INFO - 2020-11-04 16:00:00-持仓: 0，浮动盈亏: 0.0, 合约：CFFEX.IC2011， 剩余天数: 16
2026-04-10 01:19:40,481 - INFO - 2020-11-05 16:00:00-持仓: 0，浮动盈亏: 0.0, 合约：CFFEX.IC2011， 剩余天数: 15
2026-04-10 01:19:41,343 - INFO - 2020-11-08 16:00:00-持仓: 0，浮动盈亏: 0.0, 合约：CFFEX.IC2011， 剩余天数: 14
2026-04-10 01:19:42,196 - INFO - 🔍【贴水监控】2020-11-09 16:00:00 当前年化贴水 26.11% 处于历史极高分位: 96.7%
2026-04-10 01:19:42,197 - INFO - 2020-11-09 16:00:00-持仓: 0，浮动盈亏: 0.0, 合约：CFFEX.IC2011， 剩余天数: 11
2026-04-10 01:19:43,055 - INFO - 🔍【贴水监控】2020-11-10 16:00:00 当前年化贴水 17.90% 处于历史极高分位: 91.8%
2026-04-10 01:19:43,056 - INFO - 2020-11-10 16:00:00-持仓: 0，浮动盈亏: 0.0, 合约：CFFEX.IC2011， 剩余天数: 10
2026-04-10 01:19:43,907 - INFO - 2020-11-11 16:00:00-持仓: 0，浮动盈亏: 0.0, 合约：CFFEX.IC2011， 剩余天数: 9
2026-04-10 01:19:44,742 - INFO - 🔍【贴水监控】2020-11-12 16:00:00 当前年化贴水 23.49% 处于历史极高分位: 95.9%
2026-04-10 01:19:44,743 - INFO - 2020-11-12 16:00:00-持仓: 0，浮动盈亏: 0.0, 合约：CFFEX.IC2011， 剩余天数: 8
2026-04-10 01:19:45,614 - INFO - 2020-11-15 16:00:00-持仓: 0，浮动盈亏: 0.0, 合约：CFFEX.IC2011， 剩余天数: 7
2026-04-10 01:19:46,475 - INFO - 🔍【贴水监控】2020-11-16 16:00:00 当前年化贴水 43.72% 处于历史极高分位: 99.3%
2026-04-10 01:19:46,475 - INFO - 2020-11-16 16:00:00-持仓: 0，浮动盈亏: 0.0, 合约：CFFEX.IC2011， 剩余天数: 4
2026-04-10 01:19:47,337 - INFO - 2020-11-17 16:00:00-持仓: 0，浮动盈亏: 0.0, 合约：CFFEX.IC2011， 剩余天数: 3
2026-04-10 01:19:48,414 - INFO - 【主力切换】CFFEX.IC2011 → CFFEX.IC2012  | 时间: 2020-11-18 18:00:00.000000
2026-04-10 01:19:48,424 - DEBUG - websocket send data
2026-04-10 01:19:48,660 - DEBUG - websocket received data
2026-04-10 01:19:48,661 - DEBUG - websocket send data
2026-04-10 01:19:48,661 - DEBUG - websocket send data
2026-04-10 01:19:48,662 - DEBUG - websocket send data
2026-04-10 01:19:48,890 - DEBUG - websocket received data
2026-04-10 01:19:48,890 - DEBUG - websocket send data
2026-04-10 01:19:49,123 - DEBUG - websocket received data
2026-04-10 01:19:49,124 - DEBUG - websocket send data
2026-04-10 01:19:49,124 - DEBUG - websocket send data
2026-04-10 01:19:49,125 - DEBUG - websocket send data
2026-04-10 01:19:49,631 - DEBUG - websocket received data
2026-04-10 01:19:49,632 - DEBUG - websocket send data
2026-04-10 01:19:49,862 - DEBUG - websocket received data
2026-04-10 01:19:49,863 - DEBUG - websocket send data
2026-04-10 01:19:49,864 - DEBUG - websocket send data
2026-04-10 01:19:49,864 - DEBUG - websocket send data
2026-04-10 01:19:50,097 - DEBUG - websocket received data
2026-04-10 01:19:50,098 - DEBUG - websocket send data
2026-04-10 01:19:50,336 - DEBUG - websocket received data
2026-04-10 01:19:50,393 - DEBUG - websocket send data
2026-04-10 01:19:50,753 - DEBUG - websocket received data
2026-04-10 01:19:50,850 - DEBUG - websocket send data
2026-04-10 01:19:51,205 - DEBUG - websocket received data
2026-04-10 01:19:51,304 - DEBUG - websocket send data
2026-04-10 01:19:51,661 - DEBUG - websocket received data
2026-04-10 01:19:51,754 - DEBUG - websocket send data
2026-04-10 01:19:52,037 - DEBUG - websocket received data
2026-04-10 01:19:52,350 - DEBUG - websocket send data
2026-04-10 01:19:52,351 - DEBUG - websocket send data
2026-04-10 01:19:52,706 - DEBUG - websocket received data
2026-04-10 01:19:52,801 - DEBUG - websocket send data
2026-04-10 01:19:53,146 - DEBUG - websocket received data
2026-04-10 01:19:53,243 - DEBUG - websocket send data
2026-04-10 01:19:53,254 - DEBUG - websocket send data
2026-04-10 01:19:54,080 - INFO - 🚨【贴水报警】合约: CFFEX.IC2012 时间: 2020-11-18 16:00:00 | 期货收盘: 6255.20 | 指数收盘: 6328.08 | 年化贴水: 14.01 (分位: 85.6%) | 动态阈值: 10.64 | 指数SMA(20): 6281.96
2026-04-10 01:19:54,080 - INFO - ✅ 已下达【买入 1 手】指令，等待成交...
2026-04-10 01:19:54,094 - DEBUG - websocket received data
2026-04-10 01:19:54,150 - DEBUG - websocket send data
    INFO - 模拟交易下单 bigo, PYSDK_target_cdcfb2c135dc9ddc3127d3d38ac5c2d5: 时间: 2020-11-19 09:30:00.000000, 合约: CFFEX.IC2012, 开平: OPEN, 方向: BUY, 手数: 1, 价格: 6260.2
2026-04-10 01:19:54,151 - DEBUG - insert order
    INFO - 模拟交易委托单 bigo, PYSDK_target_cdcfb2c135dc9ddc3127d3d38ac5c2d5: 全部成交
2026-04-10 01:19:54,151 - DEBUG - insert order
2026-04-10 01:19:54,152 - INFO - --- 交易成功通知 ---
2026-04-10 01:19:54,152 - INFO - Trade时间:2020-11-19 01:30:00.000000, 价格:6260.2, 数量:1, 买卖方向:BUY
2026-04-10 01:19:54,152 - INFO - 目标持仓已达成，查询结束。
2026-04-10 01:19:56,583 - DEBUG - websocket send data
2026-04-10 01:19:56,583 - DEBUG - websocket send data
2026-04-10 01:19:56,832 - DEBUG - websocket received data
2026-04-10 01:19:56,887 - DEBUG - websocket send data
2026-04-10 01:19:57,131 - DEBUG - websocket received data
2026-04-10 01:19:57,187 - DEBUG - websocket send data
2026-04-10 01:19:59,770 - INFO - 💰【止盈平仓】合约: CFFEX.IC2012 达到止盈条件 (修复率: 58.16%)，触发平仓。
    INFO - 模拟交易下单 bigo, PYSDK_target_fe01ddcabc99339b7c84c455183d35bd: 时间: 2020-11-26 09:30:00.000000, 合约: CFFEX.IC2012, 开平: CLOSE, 方向: SELL, 手数: 1, 价格: 6325.0
2026-04-10 01:19:59,776 - DEBUG - insert order
    INFO - 模拟交易委托单 bigo, PYSDK_target_fe01ddcabc99339b7c84c455183d35bd: 全部成交
2026-04-10 01:19:59,776 - DEBUG - insert order
2026-04-10 01:19:59,777 - INFO - --- 交易成功通知 ---
2026-04-10 01:19:59,778 - INFO - Trade时间:2020-11-26 01:30:00.000000, 价格:6325.0, 数量:1, 买卖方向:SELL
2026-04-10 01:20:01,239 - INFO - 2020-11-26 16:00:00-持仓: 0，浮动盈亏: 0.0, 合约：CFFEX.IC2012， 剩余天数: 22
2026-04-10 01:20:02,793 - INFO - 2020-11-29 16:00:00-持仓: 0，浮动盈亏: 0.0, 合约：CFFEX.IC2012， 剩余天数: 21
2026-04-10 01:20:03,638 - INFO - 2020-11-30 16:00:00-持仓: 0，浮动盈亏: 0.0, 合约：CFFEX.IC2012， 剩余天数: 18
2026-04-10 01:20:04,514 - INFO - 2020-12-01 16:00:00-持仓: 0，浮动盈亏: 0.0, 合约：CFFEX.IC2012， 剩余天数: 17
2026-04-10 01:20:04,743 - DEBUG - websocket send data
2026-04-10 01:20:05,108 - DEBUG - websocket received data
2026-04-10 01:20:05,218 - DEBUG - websocket send data
2026-04-10 01:20:05,536 - INFO - 2020-12-02 16:00:00-持仓: 0，浮动盈亏: 0.0, 合约：CFFEX.IC2012， 剩余天数: 16
2026-04-10 01:20:05,585 - DEBUG - websocket received data
2026-04-10 01:20:05,684 - DEBUG - websocket send data
2026-04-10 01:20:06,052 - DEBUG - websocket received data
2026-04-10 01:20:06,174 - DEBUG - websocket send data
2026-04-10 01:20:06,466 - DEBUG - websocket received data
2026-04-10 01:20:06,538 - DEBUG - websocket send data
2026-04-10 01:20:06,766 - INFO - 2020-12-03 16:00:00-持仓: 0，浮动盈亏: 0.0, 合约：CFFEX.IC2012， 剩余天数: 15
2026-04-10 01:20:07,646 - INFO - 2020-12-06 16:00:00-持仓: 0，浮动盈亏: 0.0, 合约：CFFEX.IC2012， 剩余天数: 14
2026-04-10 01:20:08,539 - INFO - 2020-12-07 16:00:00-持仓: 0，浮动盈亏: 0.0, 合约：CFFEX.IC2012， 剩余天数: 11
2026-04-10 01:20:09,421 - INFO - 2020-12-08 16:00:00-持仓: 0，浮动盈亏: 0.0, 合约：CFFEX.IC2012， 剩余天数: 10
2026-04-10 01:20:10,303 - INFO - 2020-12-09 16:00:00-持仓: 0，浮动盈亏: 0.0, 合约：CFFEX.IC2012， 剩余天数: 9
2026-04-10 01:20:11,196 - INFO - 2020-12-10 16:00:00-持仓: 0，浮动盈亏: 0.0, 合约：CFFEX.IC2012， 剩余天数: 8
2026-04-10 01:20:12,059 - INFO - 2020-12-13 16:00:00-持仓: 0，浮动盈亏: 0.0, 合约：CFFEX.IC2012， 剩余天数: 7
2026-04-10 01:20:13,185 - INFO - 🔍【贴水监控】2020-12-14 16:00:00 当前年化贴水 17.08% 处于历史极高分位: 90.7%
2026-04-10 01:20:13,187 - INFO - 2020-12-14 16:00:00-持仓: 0，浮动盈亏: 0.0, 合约：CFFEX.IC2012， 剩余天数: 4
2026-04-10 01:20:14,614 - INFO - 2020-12-15 16:00:00-持仓: 0，浮动盈亏: 0.0, 合约：CFFEX.IC2012， 剩余天数: 3
2026-04-10 01:20:15,780 - INFO - 2020-12-16 16:00:00-持仓: 0，浮动盈亏: 0.0, 合约：CFFEX.IC2012， 剩余天数: 2
2026-04-10 01:20:16,639 - INFO - 【主力切换】CFFEX.IC2012 → CFFEX.IC2101  | 时间: 2020-12-17 18:00:00.000000
2026-04-10 01:20:16,646 - DEBUG - websocket send data
2026-04-10 01:20:16,894 - DEBUG - websocket received data
2026-04-10 01:20:16,896 - DEBUG - websocket send data
2026-04-10 01:20:16,896 - DEBUG - websocket send data
2026-04-10 01:20:16,897 - DEBUG - websocket send data
2026-04-10 01:20:17,134 - DEBUG - websocket received data
2026-04-10 01:20:17,135 - DEBUG - websocket send data
2026-04-10 01:20:18,010 - DEBUG - websocket received data
2026-04-10 01:20:18,011 - DEBUG - websocket send data
2026-04-10 01:20:18,011 - DEBUG - websocket send data
2026-04-10 01:20:18,012 - DEBUG - websocket send data
2026-04-10 01:20:18,243 - DEBUG - websocket received data
2026-04-10 01:20:18,244 - DEBUG - websocket send data
2026-04-10 01:20:19,138 - DEBUG - websocket received data
2026-04-10 01:20:19,139 - DEBUG - websocket send data
2026-04-10 01:20:19,139 - DEBUG - websocket send data
2026-04-10 01:20:19,139 - DEBUG - websocket send data
2026-04-10 01:20:20,262 - DEBUG - websocket received data
2026-04-10 01:20:20,262 - DEBUG - websocket send data
2026-04-10 01:20:20,495 - DEBUG - websocket received data
2026-04-10 01:20:20,558 - DEBUG - websocket send data
2026-04-10 01:20:20,916 - DEBUG - websocket received data
2026-04-10 01:20:21,030 - DEBUG - websocket send data
2026-04-10 01:20:21,330 - DEBUG - websocket received data
2026-04-10 01:20:21,547 - DEBUG - websocket send data
2026-04-10 01:20:21,547 - DEBUG - websocket send data
2026-04-10 01:20:21,893 - DEBUG - websocket received data
2026-04-10 01:20:21,943 - DEBUG - websocket send data
2026-04-10 01:20:22,242 - DEBUG - websocket received data
2026-04-10 01:20:22,272 - DEBUG - websocket send data
2026-04-10 01:20:22,278 - DEBUG - websocket send data
2026-04-10 01:20:22,720 - INFO - 2020-12-17 16:00:00-持仓: 0，浮动盈亏: nan, 合约：CFFEX.IC2101， 剩余天数: 29
2026-04-10 01:20:22,730 - DEBUG - websocket received data
2026-04-10 01:20:22,731 - DEBUG - websocket send data
2026-04-10 01:20:23,746 - DEBUG - websocket send data
2026-04-10 01:20:23,746 - DEBUG - websocket send data
2026-04-10 01:20:23,792 - INFO - 2020-12-20 16:00:00-持仓: 0，浮动盈亏: nan, 合约：CFFEX.IC2101， 剩余天数: 28
2026-04-10 01:20:23,977 - DEBUG - websocket received data
2026-04-10 01:20:23,978 - DEBUG - websocket send data
2026-04-10 01:20:24,211 - DEBUG - websocket received data
2026-04-10 01:20:24,213 - DEBUG - websocket send data
2026-04-10 01:20:24,574 - INFO - 2020-12-21 16:00:00-持仓: 0，浮动盈亏: nan, 合约：CFFEX.IC2101， 剩余天数: 25
2026-04-10 01:20:25,311 - INFO - 2020-12-22 16:00:00-持仓: 0，浮动盈亏: nan, 合约：CFFEX.IC2101， 剩余天数: 24
2026-04-10 01:20:26,592 - INFO - 2020-12-23 16:00:00-持仓: 0，浮动盈亏: nan, 合约：CFFEX.IC2101， 剩余天数: 23
2026-04-10 01:20:27,923 - INFO - 2020-12-24 16:00:00-持仓: 0，浮动盈亏: nan, 合约：CFFEX.IC2101， 剩余天数: 22
2026-04-10 01:20:28,776 - INFO - 2020-12-27 16:00:00-持仓: 0，浮动盈亏: nan, 合约：CFFEX.IC2101， 剩余天数: 21
2026-04-10 01:20:29,616 - INFO - 2020-12-28 16:00:00-持仓: 0，浮动盈亏: nan, 合约：CFFEX.IC2101， 剩余天数: 18
2026-04-10 01:20:30,356 - INFO - 2020-12-29 16:00:00-持仓: 0，浮动盈亏: nan, 合约：CFFEX.IC2101， 剩余天数: 17
2026-04-10 01:20:31,109 - INFO - 2020-12-30 16:00:00-持仓: 0，浮动盈亏: nan, 合约：CFFEX.IC2101， 剩余天数: 16
2026-04-10 01:20:31,828 - INFO - 2021-01-03 16:00:00-持仓: 0，浮动盈亏: nan, 合约：CFFEX.IC2101， 剩余天数: 14
2026-04-10 01:20:32,576 - INFO - 🔍【贴水监控】2021-01-04 16:00:00 当前年化贴水 18.28% 处于历史极高分位: 92.0%
2026-04-10 01:20:32,577 - INFO - 🚨【贴水报警】合约: CFFEX.IC2101 时间: 2021-01-04 16:00:00 | 期货收盘: 6434.60 | 指数收盘: 6470.25 | 年化贴水: 18.28 (分位: 92.0%) | 动态阈值: 10.64 | 指数SMA(20): 6304.75
2026-04-10 01:20:32,577 - INFO - ✅ 已下达【买入 1 手】指令，等待成交...
    INFO - 模拟交易下单 bigo, PYSDK_target_81f231d99f48f4a3a7f654a82bc3d3ed: 时间: 2021-01-05 09:30:00.000000, 合约: CFFEX.IC2101, 开平: OPEN, 方向: BUY, 手数: 1, 价格: 6434.599999999999
2026-04-10 01:20:32,581 - DEBUG - insert order
    INFO - 模拟交易委托单 bigo, PYSDK_target_81f231d99f48f4a3a7f654a82bc3d3ed: 全部成交
2026-04-10 01:20:32,581 - DEBUG - insert order
2026-04-10 01:20:32,582 - INFO - --- 交易成功通知 ---
2026-04-10 01:20:32,582 - INFO - Trade时间:2021-01-05 01:30:00.000000, 价格:6434.599999999999, 数量:1, 买卖方向:BUY
2026-04-10 01:20:32,582 - INFO - 目标持仓已达成，查询结束。
2026-04-10 01:20:33,623 - INFO - 🔍【贴水监控】2021-01-05 16:00:00 当前年化贴水 34.51% 处于历史极高分位: 98.4%
2026-04-10 01:20:34,799 - INFO - 🔍【贴水监控】2021-01-06 16:00:00 当前年化贴水 24.05% 处于历史极高分位: 96.2%
2026-04-10 01:20:37,005 - INFO - 💰【止盈平仓】合约: CFFEX.IC2101 达到止盈条件 (修复率: 105.00%)，触发平仓。
    INFO - 模拟交易下单 bigo, PYSDK_target_83491f6663e5f63883142b6eceaf5a7a: 时间: 2021-01-11 09:30:00.000000, 合约: CFFEX.IC2101, 开平: CLOSE, 方向: SELL, 手数: 1, 价格: 6556.8
2026-04-10 01:20:37,010 - DEBUG - insert order
    INFO - 模拟交易委托单 bigo, PYSDK_target_83491f6663e5f63883142b6eceaf5a7a: 全部成交
2026-04-10 01:20:37,010 - DEBUG - insert order
2026-04-10 01:20:37,011 - INFO - --- 交易成功通知 ---
2026-04-10 01:20:37,011 - INFO - Trade时间:2021-01-11 01:30:00.000000, 价格:6556.8, 数量:1, 买卖方向:SELL
2026-04-10 01:20:37,870 - INFO - 2021-01-11 16:00:00-持仓: 0，浮动盈亏: 0.0, 合约：CFFEX.IC2101， 剩余天数: 4
2026-04-10 01:20:39,301 - INFO - 🔍【贴水监控】2021-01-12 16:00:00 当前年化贴水 62.10% 处于历史极高分位: 99.8%
2026-04-10 01:20:39,302 - INFO - 2021-01-12 16:00:00-持仓: 0，浮动盈亏: 0.0, 合约：CFFEX.IC2101， 剩余天数: 3
2026-04-10 01:20:40,844 - INFO - 🔍【贴水监控】2021-01-13 16:00:00 当前年化贴水 24.22% 处于历史极高分位: 96.4%
2026-04-10 01:20:40,845 - INFO - 2021-01-13 16:00:00-持仓: 0，浮动盈亏: 0.0, 合约：CFFEX.IC2101， 剩余天数: 2
2026-04-10 01:20:41,783 - INFO - 【主力切换】CFFEX.IC2101 → CFFEX.IC2102  | 时间: 2021-01-14 18:00:00.000000
2026-04-10 01:20:41,790 - DEBUG - websocket send data
2026-04-10 01:20:42,024 - DEBUG - websocket received data
2026-04-10 01:20:42,025 - DEBUG - websocket send data
2026-04-10 01:20:42,025 - DEBUG - websocket send data
2026-04-10 01:20:42,026 - DEBUG - websocket send data
2026-04-10 01:20:42,250 - DEBUG - websocket received data
2026-04-10 01:20:42,251 - DEBUG - websocket send data
2026-04-10 01:20:42,484 - DEBUG - websocket received data
2026-04-10 01:20:42,485 - DEBUG - websocket send data
2026-04-10 01:20:42,486 - DEBUG - websocket send data
2026-04-10 01:20:42,486 - DEBUG - websocket send data
2026-04-10 01:20:42,718 - DEBUG - websocket received data
2026-04-10 01:20:42,718 - DEBUG - websocket send data
2026-04-10 01:20:42,939 - DEBUG - websocket received data
2026-04-10 01:20:42,940 - DEBUG - websocket send data
2026-04-10 01:20:42,941 - DEBUG - websocket send data
2026-04-10 01:20:42,941 - DEBUG - websocket send data
2026-04-10 01:20:43,173 - DEBUG - websocket received data
2026-04-10 01:20:43,173 - DEBUG - websocket send data
2026-04-10 01:20:44,047 - DEBUG - websocket received data
2026-04-10 01:20:44,048 - DEBUG - websocket send data
2026-04-10 01:20:44,384 - DEBUG - websocket received data
2026-04-10 01:20:44,439 - DEBUG - websocket send data
2026-04-10 01:20:44,714 - DEBUG - websocket received data
2026-04-10 01:20:44,845 - DEBUG - websocket send data
2026-04-10 01:20:44,845 - DEBUG - websocket send data
2026-04-10 01:20:45,183 - DEBUG - websocket received data
2026-04-10 01:20:45,226 - DEBUG - websocket send data
2026-04-10 01:20:45,530 - DEBUG - websocket received data
2026-04-10 01:20:45,558 - DEBUG - websocket send data
2026-04-10 01:20:45,564 - DEBUG - websocket send data
2026-04-10 01:20:45,955 - INFO - 2021-01-14 16:00:00-持仓: 0，浮动盈亏: nan, 合约：CFFEX.IC2102， 剩余天数: 36
2026-04-10 01:20:45,965 - DEBUG - websocket received data
2026-04-10 01:20:45,966 - DEBUG - websocket send data
2026-04-10 01:20:46,940 - DEBUG - websocket send data
2026-04-10 01:20:46,941 - DEBUG - websocket send data
2026-04-10 01:20:46,992 - INFO - 2021-01-17 16:00:00-持仓: 0，浮动盈亏: nan, 合约：CFFEX.IC2102， 剩余天数: 35
2026-04-10 01:20:47,170 - DEBUG - websocket received data
2026-04-10 01:20:47,171 - DEBUG - websocket send data
2026-04-10 01:20:47,406 - DEBUG - websocket received data
2026-04-10 01:20:47,407 - DEBUG - websocket send data
2026-04-10 01:20:47,750 - INFO - 🚨【贴水报警】合约: CFFEX.IC2102 时间: 2021-01-18 16:00:00 | 期货收盘: 6443.60 | 指数收盘: 6510.48 | 年化贴水: 11.72 (分位: 78.7%) | 动态阈值: 10.64 | 指数SMA(20): 6407.32
2026-04-10 01:20:47,750 - INFO - ✅ 已下达【买入 1 手】指令，等待成交...
    INFO - 模拟交易下单 bigo, PYSDK_target_bdc3b7955d48bad1fd32ea98af52d6cb: 时间: 2021-01-19 09:30:00.000000, 合约: CFFEX.IC2102, 开平: OPEN, 方向: BUY, 手数: 1, 价格: 6442.4
2026-04-10 01:20:47,754 - DEBUG - insert order
    INFO - 模拟交易委托单 bigo, PYSDK_target_bdc3b7955d48bad1fd32ea98af52d6cb: 全部成交
2026-04-10 01:20:47,754 - DEBUG - insert order
2026-04-10 01:20:47,756 - INFO - --- 交易成功通知 ---
2026-04-10 01:20:47,756 - INFO - Trade时间:2021-01-19 01:30:00.000000, 价格:6442.4, 数量:1, 买卖方向:BUY
2026-04-10 01:20:47,756 - INFO - 目标持仓已达成，查询结束。
2026-04-10 01:20:54,327 - INFO - 🔍【贴水监控】2021-01-25 16:00:00 当前年化贴水 17.23% 处于历史极高分位: 90.8%
2026-04-10 01:20:58,605 - DEBUG - websocket send data
2026-04-10 01:20:58,732 - INFO - 💰【止盈平仓】合约: CFFEX.IC2102 达到止盈条件 (修复率: 61.06%)，触发平仓。
    INFO - 模拟交易下单 bigo, PYSDK_target_412409efb07c1b166b406534c511f716: 时间: 2021-02-01 09:30:00.000000, 合约: CFFEX.IC2102, 开平: CLOSE, 方向: SELL, 手数: 1, 价格: 6321.8
2026-04-10 01:20:58,737 - DEBUG - insert order
    INFO - 模拟交易委托单 bigo, PYSDK_target_412409efb07c1b166b406534c511f716: 全部成交
2026-04-10 01:20:58,737 - DEBUG - insert order
2026-04-10 01:20:58,739 - INFO - --- 交易成功通知 ---
2026-04-10 01:20:58,739 - INFO - Trade时间:2021-02-01 01:30:00.000000, 价格:6321.8, 数量:1, 买卖方向:SELL
2026-04-10 01:20:58,951 - DEBUG - websocket received data
2026-04-10 01:20:59,003 - DEBUG - websocket send data
2026-04-10 01:20:59,350 - DEBUG - websocket received data
2026-04-10 01:20:59,394 - DEBUG - websocket send data
2026-04-10 01:20:59,734 - DEBUG - websocket received data
2026-04-10 01:20:59,776 - DEBUG - websocket send data
2026-04-10 01:20:59,841 - INFO - 2021-02-01 16:00:00-持仓: 0，浮动盈亏: 0.0, 合约：CFFEX.IC2102， 剩余天数: 18
2026-04-10 01:21:00,046 - DEBUG - websocket received data
2026-04-10 01:21:00,064 - DEBUG - websocket send data
2026-04-10 01:21:00,784 - INFO - 🔍【贴水监控】2021-02-02 16:00:00 当前年化贴水 17.17% 处于历史极高分位: 90.7%
2026-04-10 01:21:00,785 - INFO - 2021-02-02 16:00:00-持仓: 0，浮动盈亏: 0.0, 合约：CFFEX.IC2102， 剩余天数: 17
2026-04-10 01:21:01,732 - INFO - 2021-02-03 16:00:00-持仓: 0，浮动盈亏: 0.0, 合约：CFFEX.IC2102， 剩余天数: 16
2026-04-10 01:21:02,651 - INFO - 2021-02-04 16:00:00-持仓: 0，浮动盈亏: 0.0, 合约：CFFEX.IC2102， 剩余天数: 15
2026-04-10 01:21:03,601 - INFO - 2021-02-07 16:00:00-持仓: 0，浮动盈亏: 0.0, 合约：CFFEX.IC2102， 剩余天数: 14
2026-04-10 01:21:05,169 - INFO - 2021-02-08 16:00:00-持仓: 0，浮动盈亏: 0.0, 合约：CFFEX.IC2102， 剩余天数: 11
2026-04-10 01:21:06,582 - INFO - 2021-02-09 16:00:00-持仓: 0，浮动盈亏: 0.0, 合约：CFFEX.IC2102， 剩余天数: 10
2026-04-10 01:21:07,540 - INFO - 🔍【贴水监控】2021-02-17 16:00:00 当前年化贴水 74.87% 处于历史极高分位: 99.9%
2026-04-10 01:21:07,542 - INFO - 2021-02-17 16:00:00-持仓: 0，浮动盈亏: 0.0, 合约：CFFEX.IC2102， 剩余天数: 2
2026-04-10 01:21:08,497 - INFO - 【主力切换】CFFEX.IC2102 → CFFEX.IC2103  | 时间: 2021-02-18 18:00:00.000000
2026-04-10 01:21:08,504 - DEBUG - websocket send data
2026-04-10 01:21:08,732 - DEBUG - websocket received data
2026-04-10 01:21:08,733 - DEBUG - websocket send data
2026-04-10 01:21:08,733 - DEBUG - websocket send data
2026-04-10 01:21:08,734 - DEBUG - websocket send data
2026-04-10 01:21:09,240 - DEBUG - websocket received data
2026-04-10 01:21:09,241 - DEBUG - websocket send data
2026-04-10 01:21:09,741 - DEBUG - websocket received data
2026-04-10 01:21:09,742 - DEBUG - websocket send data
2026-04-10 01:21:09,743 - DEBUG - websocket send data
2026-04-10 01:21:09,743 - DEBUG - websocket send data
2026-04-10 01:21:09,967 - DEBUG - websocket received data
2026-04-10 01:21:09,968 - DEBUG - websocket send data
2026-04-10 01:21:10,192 - DEBUG - websocket received data
2026-04-10 01:21:10,193 - DEBUG - websocket send data
2026-04-10 01:21:10,194 - DEBUG - websocket send data
2026-04-10 01:21:10,195 - DEBUG - websocket send data
2026-04-10 01:21:10,426 - DEBUG - websocket received data
2026-04-10 01:21:10,427 - DEBUG - websocket send data
2026-04-10 01:21:10,657 - DEBUG - websocket received data
2026-04-10 01:21:10,657 - DEBUG - websocket send data
2026-04-10 01:21:10,996 - DEBUG - websocket received data
2026-04-10 01:21:11,041 - DEBUG - websocket send data
2026-04-10 01:21:11,382 - DEBUG - websocket received data
2026-04-10 01:21:11,424 - DEBUG - websocket send data
2026-04-10 01:21:11,749 - DEBUG - websocket received data
2026-04-10 01:21:11,791 - DEBUG - websocket send data
2026-04-10 01:21:12,053 - DEBUG - websocket received data
2026-04-10 01:21:12,312 - DEBUG - websocket send data
2026-04-10 01:21:12,312 - DEBUG - websocket send data
2026-04-10 01:21:12,657 - DEBUG - websocket received data
2026-04-10 01:21:12,701 - DEBUG - websocket send data
2026-04-10 01:21:12,999 - DEBUG - websocket received data
2026-04-10 01:21:13,032 - DEBUG - websocket send data
2026-04-10 01:21:13,043 - DEBUG - websocket send data
2026-04-10 01:21:13,916 - INFO - 🔍【贴水监控】2021-02-18 16:00:00 当前年化贴水 18.85% 处于历史极高分位: 92.8%
2026-04-10 01:21:13,917 - INFO - 🚨【贴水报警】合约: CFFEX.IC2103 时间: 2021-02-18 16:00:00 | 期货收盘: 6501.40 | 指数收盘: 6600.25 | 年化贴水: 18.85 (分位: 92.8%) | 动态阈值: 10.64 | 指数SMA(20): 6480.98
2026-04-10 01:21:13,917 - INFO - ✅ 已下达【买入 1 手】指令，等待成交...
2026-04-10 01:21:13,931 - DEBUG - websocket received data
2026-04-10 01:21:13,934 - DEBUG - websocket send data
    INFO - 模拟交易下单 bigo, PYSDK_target_5754efd8a5cdd802dc4a43e5232c88be: 时间: 2021-02-19 09:30:00.000000, 合约: CFFEX.IC2103, 开平: OPEN, 方向: BUY, 手数: 1, 价格: 6500.2
2026-04-10 01:21:13,936 - DEBUG - insert order
    INFO - 模拟交易委托单 bigo, PYSDK_target_5754efd8a5cdd802dc4a43e5232c88be: 全部成交
2026-04-10 01:21:13,936 - DEBUG - insert order
2026-04-10 01:21:13,937 - INFO - --- 交易成功通知 ---
2026-04-10 01:21:13,938 - INFO - Trade时间:2021-02-19 01:30:00.000000, 价格:6500.2, 数量:1, 买卖方向:BUY
2026-04-10 01:21:13,938 - INFO - 目标持仓已达成，查询结束。
2026-04-10 01:21:18,427 - DEBUG - websocket send data
2026-04-10 01:21:18,427 - DEBUG - websocket send data
2026-04-10 01:21:18,663 - DEBUG - websocket received data
2026-04-10 01:21:18,665 - DEBUG - websocket send data
2026-04-10 01:21:18,891 - DEBUG - websocket received data
2026-04-10 01:21:18,893 - DEBUG - websocket send data
2026-04-10 01:21:22,046 - INFO - 💰【止盈平仓】合约: CFFEX.IC2103 达到止盈条件 (修复率: 50.50%)，触发平仓。
    INFO - 模拟交易下单 bigo, PYSDK_target_ac6b2cab45e98082627bd7ba8ef7cc79: 时间: 2021-02-25 09:30:00.000000, 合约: CFFEX.IC2103, 开平: CLOSE, 方向: SELL, 手数: 1, 价格: 6562.0
2026-04-10 01:21:22,051 - DEBUG - insert order
    INFO - 模拟交易委托单 bigo, PYSDK_target_ac6b2cab45e98082627bd7ba8ef7cc79: 全部成交
2026-04-10 01:21:22,051 - DEBUG - insert order
2026-04-10 01:21:22,052 - INFO - --- 交易成功通知 ---
2026-04-10 01:21:22,052 - INFO - Trade时间:2021-02-25 01:30:00.000000, 价格:6562.0, 数量:1, 买卖方向:SELL
2026-04-10 01:21:22,960 - INFO - 2021-02-25 16:00:00-持仓: 0，浮动盈亏: 0.0, 合约：CFFEX.IC2103， 剩余天数: 22
2026-04-10 01:21:23,883 - INFO - 2021-02-28 16:00:00-持仓: 0，浮动盈亏: 0.0, 合约：CFFEX.IC2103， 剩余天数: 21
2026-04-10 01:21:24,801 - INFO - 🔍【贴水监控】2021-03-01 16:00:00 当前年化贴水 21.80% 处于历史极高分位: 95.4%
2026-04-10 01:21:24,802 - INFO - 2021-03-01 16:00:00-持仓: 0，浮动盈亏: 0.0, 合约：CFFEX.IC2103， 剩余天数: 18
2026-04-10 01:21:25,749 - INFO - 2021-03-02 16:00:00-持仓: 0，浮动盈亏: 0.0, 合约：CFFEX.IC2103， 剩余天数: 17
2026-04-10 01:21:26,786 - INFO - 🔍【贴水监控】2021-03-03 16:00:00 当前年化贴水 19.91% 处于历史极高分位: 93.9%
2026-04-10 01:21:26,787 - INFO - 2021-03-03 16:00:00-持仓: 0，浮动盈亏: 0.0, 合约：CFFEX.IC2103， 剩余天数: 16
2026-04-10 01:21:27,718 - INFO - 2021-03-04 16:00:00-持仓: 0，浮动盈亏: 0.0, 合约：CFFEX.IC2103， 剩余天数: 15
2026-04-10 01:21:28,645 - INFO - 2021-03-07 16:00:00-持仓: 0，浮动盈亏: 0.0, 合约：CFFEX.IC2103， 剩余天数: 14
2026-04-10 01:21:29,894 - INFO - 2021-03-08 16:00:00-持仓: 0，浮动盈亏: 0.0, 合约：CFFEX.IC2103， 剩余天数: 11
2026-04-10 01:21:31,489 - INFO - 2021-03-09 16:00:00-持仓: 0，浮动盈亏: 0.0, 合约：CFFEX.IC2103， 剩余天数: 10
2026-04-10 01:21:32,611 - INFO - 2021-03-10 16:00:00-持仓: 0，浮动盈亏: 0.0, 合约：CFFEX.IC2103， 剩余天数: 9
2026-04-10 01:21:33,554 - INFO - 2021-03-11 16:00:00-持仓: 0，浮动盈亏: 0.0, 合约：CFFEX.IC2103， 剩余天数: 8
2026-04-10 01:21:34,535 - INFO - 2021-03-14 16:00:00-持仓: 0，浮动盈亏: 0.0, 合约：CFFEX.IC2103， 剩余天数: 7
2026-04-10 01:21:35,490 - INFO - 2021-03-15 16:00:00-持仓: 0，浮动盈亏: 0.0, 合约：CFFEX.IC2103， 剩余天数: 4
2026-04-10 01:21:36,425 - INFO - 🔍【贴水监控】2021-03-16 16:00:00 当前年化贴水 32.07% 处于历史极高分位: 98.0%
2026-04-10 01:21:36,426 - INFO - 2021-03-16 16:00:00-持仓: 0，浮动盈亏: 0.0, 合约：CFFEX.IC2103， 剩余天数: 3
2026-04-10 01:21:37,388 - INFO - 🔍【贴水监控】2021-03-17 16:00:00 当前年化贴水 36.29% 处于历史极高分位: 98.7%
2026-04-10 01:21:37,389 - INFO - 2021-03-17 16:00:00-持仓: 0，浮动盈亏: 0.0, 合约：CFFEX.IC2103， 剩余天数: 2
2026-04-10 01:21:38,326 - INFO - 【主力切换】CFFEX.IC2103 → CFFEX.IC2104  | 时间: 2021-03-18 18:00:00.000000
2026-04-10 01:21:38,332 - DEBUG - websocket send data
2026-04-10 01:21:38,563 - DEBUG - websocket received data
2026-04-10 01:21:38,564 - DEBUG - websocket send data
2026-04-10 01:21:38,564 - DEBUG - websocket send data
2026-04-10 01:21:38,564 - DEBUG - websocket send data
2026-04-10 01:21:38,785 - DEBUG - websocket received data
2026-04-10 01:21:38,786 - DEBUG - websocket send data
2026-04-10 01:21:39,006 - DEBUG - websocket received data
2026-04-10 01:21:39,007 - DEBUG - websocket send data
2026-04-10 01:21:39,007 - DEBUG - websocket send data
2026-04-10 01:21:39,007 - DEBUG - websocket send data
2026-04-10 01:21:39,239 - DEBUG - websocket received data
2026-04-10 01:21:39,239 - DEBUG - websocket send data
2026-04-10 01:21:39,459 - DEBUG - websocket received data
2026-04-10 01:21:39,460 - DEBUG - websocket send data
2026-04-10 01:21:39,460 - DEBUG - websocket send data
2026-04-10 01:21:39,461 - DEBUG - websocket send data
2026-04-10 01:21:39,680 - DEBUG - websocket received data
2026-04-10 01:21:39,680 - DEBUG - websocket send data
2026-04-10 01:21:39,924 - DEBUG - websocket received data
2026-04-10 01:21:39,992 - DEBUG - websocket send data
2026-04-10 01:21:40,338 - DEBUG - websocket received data
2026-04-10 01:21:40,446 - DEBUG - websocket send data
2026-04-10 01:21:40,748 - DEBUG - websocket received data
2026-04-10 01:21:40,982 - DEBUG - websocket send data
2026-04-10 01:21:40,983 - DEBUG - websocket send data
2026-04-10 01:21:41,329 - DEBUG - websocket received data
2026-04-10 01:21:41,438 - DEBUG - websocket send data
2026-04-10 01:21:41,754 - DEBUG - websocket received data
2026-04-10 01:21:41,863 - DEBUG - websocket send data
2026-04-10 01:21:41,872 - DEBUG - websocket send data
2026-04-10 01:21:42,625 - INFO - 2021-03-18 16:00:00-持仓: 0，浮动盈亏: nan, 合约：CFFEX.IC2104， 剩余天数: 29
2026-04-10 01:21:42,638 - DEBUG - websocket received data
2026-04-10 01:21:42,640 - DEBUG - websocket send data
2026-04-10 01:21:44,451 - DEBUG - websocket send data
2026-04-10 01:21:44,451 - DEBUG - websocket send data
2026-04-10 01:21:44,528 - INFO - 2021-03-21 16:00:00-持仓: 0，浮动盈亏: nan, 合约：CFFEX.IC2104， 剩余天数: 28
2026-04-10 01:21:44,674 - DEBUG - websocket received data
2026-04-10 01:21:44,675 - DEBUG - websocket send data
2026-04-10 01:21:45,330 - DEBUG - websocket received data
2026-04-10 01:21:45,331 - DEBUG - websocket send data
2026-04-10 01:21:45,392 - INFO - 2021-03-22 16:00:00-持仓: 0，浮动盈亏: nan, 合约：CFFEX.IC2104， 剩余天数: 25
2026-04-10 01:21:46,162 - INFO - 2021-03-23 16:00:00-持仓: 0，浮动盈亏: nan, 合约：CFFEX.IC2104， 剩余天数: 24
2026-04-10 01:21:46,934 - INFO - 2021-03-24 16:00:00-持仓: 0，浮动盈亏: nan, 合约：CFFEX.IC2104， 剩余天数: 23
2026-04-10 01:21:47,724 - INFO - 2021-03-25 16:00:00-持仓: 0，浮动盈亏: nan, 合约：CFFEX.IC2104， 剩余天数: 22
2026-04-10 01:21:48,538 - INFO - 2021-03-28 16:00:00-持仓: 0，浮动盈亏: nan, 合约：CFFEX.IC2104， 剩余天数: 21
2026-04-10 01:21:49,331 - INFO - 2021-03-29 16:00:00-持仓: 0，浮动盈亏: nan, 合约：CFFEX.IC2104， 剩余天数: 18
2026-04-10 01:21:50,095 - INFO - 🚨【贴水报警】合约: CFFEX.IC2104 时间: 2021-03-30 16:00:00 | 期货收盘: 6242.00 | 指数收盘: 6277.70 | 年化贴水: 12.21 (分位: 80.3%) | 动态阈值: 10.64 | 指数SMA(20): 6231.65
2026-04-10 01:21:50,095 - INFO - ✅ 已下达【买入 1 手】指令，等待成交...
    INFO - 模拟交易下单 bigo, PYSDK_target_8db1a1cbd493fc43cdf69e3de5f7d807: 时间: 2021-03-31 09:30:00.000000, 合约: CFFEX.IC2104, 开平: OPEN, 方向: BUY, 手数: 1, 价格: 6242.2
2026-04-10 01:21:50,100 - DEBUG - insert order
    INFO - 模拟交易委托单 bigo, PYSDK_target_8db1a1cbd493fc43cdf69e3de5f7d807: 全部成交
2026-04-10 01:21:50,100 - DEBUG - insert order
2026-04-10 01:21:50,101 - INFO - --- 交易成功通知 ---
2026-04-10 01:21:50,101 - INFO - Trade时间:2021-03-31 01:30:00.000000, 价格:6242.2, 数量:1, 买卖方向:BUY
2026-04-10 01:21:50,101 - INFO - 目标持仓已达成，查询结束。
2026-04-10 01:21:51,211 - INFO - 💰【止盈平仓】合约: CFFEX.IC2104 达到止盈条件 (修复率: 55.20%)，触发平仓。
    INFO - 模拟交易下单 bigo, PYSDK_target_c3a30f77d660da4038101a8eeb81293f: 时间: 2021-04-01 09:30:00.000000, 合约: CFFEX.IC2104, 开平: CLOSE, 方向: SELL, 手数: 1, 价格: 6239.2
2026-04-10 01:21:51,217 - DEBUG - insert order
    INFO - 模拟交易委托单 bigo, PYSDK_target_c3a30f77d660da4038101a8eeb81293f: 全部成交
2026-04-10 01:21:51,218 - DEBUG - insert order
2026-04-10 01:21:51,219 - INFO - --- 交易成功通知 ---
2026-04-10 01:21:51,219 - INFO - Trade时间:2021-04-01 01:30:00.000000, 价格:6239.2, 数量:1, 买卖方向:SELL
2026-04-10 01:21:52,263 - INFO - 2021-04-01 16:00:00-持仓: 0，浮动盈亏: 0.0, 合约：CFFEX.IC2104， 剩余天数: 15
2026-04-10 01:21:53,206 - INFO - 2021-04-05 16:00:00-持仓: 0，浮动盈亏: 0.0, 合约：CFFEX.IC2104， 剩余天数: 11
2026-04-10 01:21:54,166 - INFO - 🔍【贴水监控】2021-04-06 16:00:00 当前年化贴水 18.84% 处于历史极高分位: 92.7%
2026-04-10 01:21:54,167 - INFO - 2021-04-06 16:00:00-持仓: 0，浮动盈亏: 0.0, 合约：CFFEX.IC2104， 剩余天数: 10
2026-04-10 01:21:54,747 - DEBUG - websocket send data
2026-04-10 01:21:55,091 - DEBUG - websocket received data
2026-04-10 01:21:55,185 - DEBUG - websocket send data
2026-04-10 01:21:55,539 - DEBUG - websocket received data
2026-04-10 01:21:55,626 - DEBUG - websocket send data
2026-04-10 01:21:55,729 - INFO - 🔍【贴水监控】2021-04-07 16:00:00 当前年化贴水 20.19% 处于历史极高分位: 94.1%
2026-04-10 01:21:55,730 - INFO - 2021-04-07 16:00:00-持仓: 0，浮动盈亏: 0.0, 合约：CFFEX.IC2104， 剩余天数: 9
2026-04-10 01:21:55,972 - DEBUG - websocket received data
2026-04-10 01:21:56,055 - DEBUG - websocket send data
2026-04-10 01:21:56,319 - DEBUG - websocket received data
2026-04-10 01:21:56,348 - DEBUG - websocket send data
2026-04-10 01:21:57,491 - INFO - 2021-04-08 16:00:00-持仓: 0，浮动盈亏: 0.0, 合约：CFFEX.IC2104， 剩余天数: 8
2026-04-10 01:21:58,426 - INFO - 2021-04-11 16:00:00-持仓: 0，浮动盈亏: 0.0, 合约：CFFEX.IC2104， 剩余天数: 7
2026-04-10 01:21:59,365 - INFO - 2021-04-12 16:00:00-持仓: 0，浮动盈亏: 0.0, 合约：CFFEX.IC2104， 剩余天数: 4
2026-04-10 01:22:00,335 - INFO - 2021-04-13 16:00:00-持仓: 0，浮动盈亏: 0.0, 合约：CFFEX.IC2104， 剩余天数: 3
2026-04-10 01:22:01,277 - INFO - 【主力切换】CFFEX.IC2104 → CFFEX.IC2105  | 时间: 2021-04-14 18:00:00.000000
2026-04-10 01:22:01,283 - DEBUG - websocket send data
2026-04-10 01:22:01,509 - DEBUG - websocket received data
2026-04-10 01:22:01,510 - DEBUG - websocket send data
2026-04-10 01:22:01,511 - DEBUG - websocket send data
2026-04-10 01:22:01,511 - DEBUG - websocket send data
2026-04-10 01:22:01,742 - DEBUG - websocket received data
2026-04-10 01:22:01,743 - DEBUG - websocket send data
2026-04-10 01:22:01,963 - DEBUG - websocket received data
2026-04-10 01:22:01,964 - DEBUG - websocket send data
2026-04-10 01:22:01,965 - DEBUG - websocket send data
2026-04-10 01:22:01,965 - DEBUG - websocket send data
2026-04-10 01:22:02,189 - DEBUG - websocket received data
2026-04-10 01:22:02,189 - DEBUG - websocket send data
2026-04-10 01:22:02,420 - DEBUG - websocket received data
2026-04-10 01:22:02,421 - DEBUG - websocket send data
2026-04-10 01:22:02,422 - DEBUG - websocket send data
2026-04-10 01:22:02,422 - DEBUG - websocket send data
2026-04-10 01:22:02,645 - DEBUG - websocket received data
2026-04-10 01:22:02,646 - DEBUG - websocket send data
2026-04-10 01:22:02,863 - DEBUG - websocket received data
2026-04-10 01:22:02,863 - DEBUG - websocket send data
2026-04-10 01:22:03,192 - DEBUG - websocket received data
2026-04-10 01:22:03,234 - DEBUG - websocket send data
2026-04-10 01:22:03,489 - DEBUG - websocket received data
2026-04-10 01:22:03,601 - DEBUG - websocket send data
2026-04-10 01:22:03,601 - DEBUG - websocket send data
2026-04-10 01:22:03,929 - DEBUG - websocket received data
2026-04-10 01:22:03,994 - DEBUG - websocket send data
2026-04-10 01:22:04,326 - DEBUG - websocket received data
2026-04-10 01:22:04,365 - DEBUG - websocket send data
2026-04-10 01:22:04,371 - DEBUG - websocket send data
2026-04-10 01:22:04,721 - INFO - 2021-04-14 16:00:00-持仓: 0，浮动盈亏: nan, 合约：CFFEX.IC2105， 剩余天数: 37
2026-04-10 01:22:04,728 - DEBUG - websocket received data
2026-04-10 01:22:04,730 - DEBUG - websocket send data
2026-04-10 01:22:05,779 - INFO - 2021-04-15 16:00:00-持仓: 0，浮动盈亏: nan, 合约：CFFEX.IC2105， 剩余天数: 36
2026-04-10 01:22:06,816 - DEBUG - websocket send data
2026-04-10 01:22:06,816 - DEBUG - websocket send data
2026-04-10 01:22:06,866 - INFO - 2021-04-18 16:00:00-持仓: 0，浮动盈亏: nan, 合约：CFFEX.IC2105， 剩余天数: 35
2026-04-10 01:22:07,049 - DEBUG - websocket received data
2026-04-10 01:22:07,049 - DEBUG - websocket send data
2026-04-10 01:22:07,283 - DEBUG - websocket received data
2026-04-10 01:22:07,283 - DEBUG - websocket send data
2026-04-10 01:22:07,793 - INFO - 2021-04-19 16:00:00-持仓: 0，浮动盈亏: nan, 合约：CFFEX.IC2105， 剩余天数: 32
2026-04-10 01:22:09,108 - INFO - 2021-04-20 16:00:00-持仓: 0，浮动盈亏: nan, 合约：CFFEX.IC2105， 剩余天数: 31
2026-04-10 01:22:10,306 - INFO - 2021-04-21 16:00:00-持仓: 0，浮动盈亏: nan, 合约：CFFEX.IC2105， 剩余天数: 30
2026-04-10 01:22:11,086 - INFO - 2021-04-22 16:00:00-持仓: 0，浮动盈亏: nan, 合约：CFFEX.IC2105， 剩余天数: 29
2026-04-10 01:22:11,846 - INFO - 2021-04-25 16:00:00-持仓: 0，浮动盈亏: nan, 合约：CFFEX.IC2105， 剩余天数: 28
2026-04-10 01:22:12,638 - INFO - 2021-04-26 16:00:00-持仓: 0，浮动盈亏: nan, 合约：CFFEX.IC2105， 剩余天数: 25
2026-04-10 01:22:13,473 - INFO - 2021-04-27 16:00:00-持仓: 0，浮动盈亏: nan, 合约：CFFEX.IC2105， 剩余天数: 24
2026-04-10 01:22:14,254 - INFO - 2021-04-28 16:00:00-持仓: 0，浮动盈亏: nan, 合约：CFFEX.IC2105， 剩余天数: 23
2026-04-10 01:22:15,047 - INFO - 2021-04-29 16:00:00-持仓: 0，浮动盈亏: nan, 合约：CFFEX.IC2105， 剩余天数: 22
2026-04-10 01:22:15,873 - INFO - 2021-05-05 16:00:00-持仓: 0，浮动盈亏: nan, 合约：CFFEX.IC2105， 剩余天数: 16
2026-04-10 01:22:16,751 - INFO - 🚨【贴水报警】合约: CFFEX.IC2105 时间: 2021-05-06 16:00:00 | 期货收盘: 6473.20 | 指数收盘: 6505.58 | 年化贴水: 12.11 (分位: 80.1%) | 动态阈值: 10.64 | 指数SMA(20): 6395.15
2026-04-10 01:22:16,751 - INFO - ✅ 已下达【买入 1 手】指令，等待成交...
    INFO - 模拟交易下单 bigo, PYSDK_target_84f31dfd100fbb1885bdc2d4e65ff34f: 时间: 2021-05-07 09:30:00.000000, 合约: CFFEX.IC2105, 开平: OPEN, 方向: BUY, 手数: 1, 价格: 6473.4
2026-04-10 01:22:16,755 - DEBUG - insert order
    INFO - 模拟交易委托单 bigo, PYSDK_target_84f31dfd100fbb1885bdc2d4e65ff34f: 全部成交
2026-04-10 01:22:16,755 - DEBUG - insert order
2026-04-10 01:22:16,756 - INFO - --- 交易成功通知 ---
2026-04-10 01:22:16,756 - INFO - Trade时间:2021-05-07 01:30:00.000000, 价格:6473.4, 数量:1, 买卖方向:BUY
2026-04-10 01:22:16,756 - INFO - 目标持仓已达成，查询结束。
2026-04-10 01:22:17,897 - INFO - 💰【止盈平仓】合约: CFFEX.IC2105 达到止盈条件 (修复率: 51.29%)，触发平仓。
    INFO - 模拟交易下单 bigo, PYSDK_target_56562800602ae4528907aaa3590cb420: 时间: 2021-05-10 09:30:00.000000, 合约: CFFEX.IC2105, 开平: CLOSE, 方向: SELL, 手数: 1, 价格: 6444.8
2026-04-10 01:22:17,903 - DEBUG - insert order
    INFO - 模拟交易委托单 bigo, PYSDK_target_56562800602ae4528907aaa3590cb420: 全部成交
2026-04-10 01:22:17,903 - DEBUG - insert order
2026-04-10 01:22:17,904 - INFO - --- 交易成功通知 ---
2026-04-10 01:22:17,904 - INFO - Trade时间:2021-05-10 01:30:00.000000, 价格:6444.8, 数量:1, 买卖方向:SELL
2026-04-10 01:22:18,939 - INFO - 2021-05-10 16:00:00-持仓: 0，浮动盈亏: 0.0, 合约：CFFEX.IC2105， 剩余天数: 11
2026-04-10 01:22:19,998 - INFO - 2021-05-11 16:00:00-持仓: 0，浮动盈亏: 0.0, 合约：CFFEX.IC2105， 剩余天数: 10
2026-04-10 01:22:21,521 - INFO - 2021-05-12 16:00:00-持仓: 0，浮动盈亏: 0.0, 合约：CFFEX.IC2105， 剩余天数: 9
2026-04-10 01:22:23,045 - INFO - 2021-05-13 16:00:00-持仓: 0，浮动盈亏: 0.0, 合约：CFFEX.IC2105， 剩余天数: 8
2026-04-10 01:22:24,025 - INFO - 2021-05-16 16:00:00-持仓: 0，浮动盈亏: 0.0, 合约：CFFEX.IC2105， 剩余天数: 7
2026-04-10 01:22:24,981 - INFO - 2021-05-17 16:00:00-持仓: 0，浮动盈亏: 0.0, 合约：CFFEX.IC2105， 剩余天数: 4
2026-04-10 01:22:25,956 - INFO - 2021-05-18 16:00:00-持仓: 0，浮动盈亏: 0.0, 合约：CFFEX.IC2105， 剩余天数: 3
2026-04-10 01:22:26,978 - INFO - 【主力切换】CFFEX.IC2105 → CFFEX.IC2106  | 时间: 2021-05-19 18:00:00.000000
2026-04-10 01:22:26,985 - DEBUG - websocket send data
2026-04-10 01:22:27,210 - DEBUG - websocket received data
2026-04-10 01:22:27,211 - DEBUG - websocket send data
2026-04-10 01:22:27,212 - DEBUG - websocket send data
2026-04-10 01:22:27,212 - DEBUG - websocket send data
2026-04-10 01:22:27,431 - DEBUG - websocket received data
2026-04-10 01:22:27,432 - DEBUG - websocket send data
2026-04-10 01:22:28,087 - DEBUG - websocket received data
2026-04-10 01:22:28,089 - DEBUG - websocket send data
2026-04-10 01:22:28,089 - DEBUG - websocket send data
2026-04-10 01:22:28,090 - DEBUG - websocket send data
2026-04-10 01:22:28,321 - DEBUG - websocket received data
2026-04-10 01:22:28,322 - DEBUG - websocket send data
2026-04-10 01:22:28,542 - DEBUG - websocket received data
2026-04-10 01:22:28,543 - DEBUG - websocket send data
2026-04-10 01:22:28,543 - DEBUG - websocket send data
2026-04-10 01:22:28,543 - DEBUG - websocket send data
2026-04-10 01:22:28,766 - DEBUG - websocket received data
2026-04-10 01:22:28,766 - DEBUG - websocket send data
2026-04-10 01:22:28,996 - DEBUG - websocket received data
2026-04-10 01:22:28,996 - DEBUG - websocket send data
2026-04-10 01:22:29,334 - DEBUG - websocket received data
2026-04-10 01:22:29,376 - DEBUG - websocket send data
2026-04-10 01:22:29,709 - DEBUG - websocket received data
2026-04-10 01:22:29,753 - DEBUG - websocket send data
2026-04-10 01:22:30,091 - DEBUG - websocket received data
2026-04-10 01:22:30,150 - DEBUG - websocket send data
2026-04-10 01:22:30,409 - DEBUG - websocket received data
2026-04-10 01:22:30,671 - DEBUG - websocket send data
2026-04-10 01:22:30,671 - DEBUG - websocket send data
2026-04-10 01:22:31,006 - DEBUG - websocket received data
2026-04-10 01:22:31,049 - DEBUG - websocket send data
2026-04-10 01:22:31,355 - DEBUG - websocket received data
2026-04-10 01:22:31,385 - DEBUG - websocket send data
2026-04-10 01:22:31,396 - DEBUG - websocket send data
2026-04-10 01:22:32,281 - INFO - 2021-05-19 16:00:00-持仓: 0，浮动盈亏: nan, 合约：CFFEX.IC2106， 剩余天数: 30
2026-04-10 01:22:32,294 - DEBUG - websocket received data
2026-04-10 01:22:32,295 - DEBUG - websocket send data
2026-04-10 01:22:33,610 - INFO - 2021-05-20 16:00:00-持仓: 0，浮动盈亏: nan, 合约：CFFEX.IC2106， 剩余天数: 29
2026-04-10 01:22:35,308 - DEBUG - websocket send data
2026-04-10 01:22:35,309 - DEBUG - websocket send data
2026-04-10 01:22:35,390 - INFO - 2021-05-23 16:00:00-持仓: 0，浮动盈亏: nan, 合约：CFFEX.IC2106， 剩余天数: 28
2026-04-10 01:22:35,533 - DEBUG - websocket received data
2026-04-10 01:22:35,535 - DEBUG - websocket send data
2026-04-10 01:22:36,190 - DEBUG - websocket received data
2026-04-10 01:22:36,190 - DEBUG - websocket send data
2026-04-10 01:22:36,242 - INFO - 2021-05-24 16:00:00-持仓: 0，浮动盈亏: nan, 合约：CFFEX.IC2106， 剩余天数: 25
2026-04-10 01:22:37,073 - INFO - 2021-05-25 16:00:00-持仓: 0，浮动盈亏: nan, 合约：CFFEX.IC2106， 剩余天数: 24
2026-04-10 01:22:37,847 - INFO - 2021-05-26 16:00:00-持仓: 0，浮动盈亏: nan, 合约：CFFEX.IC2106， 剩余天数: 23
2026-04-10 01:22:38,628 - INFO - 2021-05-27 16:00:00-持仓: 0，浮动盈亏: nan, 合约：CFFEX.IC2106， 剩余天数: 22
2026-04-10 01:22:39,389 - INFO - 2021-05-30 16:00:00-持仓: 0，浮动盈亏: nan, 合约：CFFEX.IC2106， 剩余天数: 21
2026-04-10 01:22:40,195 - INFO - 🚨【贴水报警】合约: CFFEX.IC2106 时间: 2021-05-31 16:00:00 | 期货收盘: 6670.40 | 指数收盘: 6718.64 | 年化贴水: 14.56 (分位: 86.3%) | 动态阈值: 10.64 | 指数SMA(20): 6563.02
2026-04-10 01:22:40,195 - INFO - ✅ 已下达【买入 1 手】指令，等待成交...
    INFO - 模拟交易下单 bigo, PYSDK_target_0219f623419a73ebb90b9a7cc386299c: 时间: 2021-06-01 09:30:00.000000, 合约: CFFEX.IC2106, 开平: OPEN, 方向: BUY, 手数: 1, 价格: 6669.4
2026-04-10 01:22:40,199 - DEBUG - insert order
    INFO - 模拟交易委托单 bigo, PYSDK_target_0219f623419a73ebb90b9a7cc386299c: 全部成交
2026-04-10 01:22:40,200 - DEBUG - insert order
2026-04-10 01:22:40,201 - INFO - --- 交易成功通知 ---
2026-04-10 01:22:40,201 - INFO - Trade时间:2021-06-01 01:30:00.000000, 价格:6669.4, 数量:1, 买卖方向:BUY
2026-04-10 01:22:40,201 - INFO - 目标持仓已达成，查询结束。
2026-04-10 01:22:41,349 - INFO - 🔍【贴水监控】2021-06-01 16:00:00 当前年化贴水 20.86% 处于历史极高分位: 94.7%
2026-04-10 01:22:46,559 - INFO - 🔍【贴水监控】2021-06-07 16:00:00 当前年化贴水 30.14% 处于历史极高分位: 97.4%
2026-04-10 01:22:48,509 - INFO - 🔍【贴水监控】2021-06-08 16:00:00 当前年化贴水 18.88% 处于历史极高分位: 92.9%
2026-04-10 01:22:48,799 - DEBUG - websocket send data
2026-04-10 01:22:49,153 - DEBUG - websocket received data
2026-04-10 01:22:49,260 - DEBUG - websocket send data
2026-04-10 01:22:49,636 - DEBUG - websocket received data
2026-04-10 01:22:49,738 - DEBUG - websocket send data
2026-04-10 01:22:49,997 - INFO - 🔍【贴水监控】2021-06-09 16:00:00 当前年化贴水 20.38% 处于历史极高分位: 94.3%
2026-04-10 01:22:50,092 - DEBUG - websocket received data
2026-04-10 01:22:50,211 - DEBUG - websocket send data
2026-04-10 01:22:50,483 - DEBUG - websocket received data
2026-04-10 01:22:50,559 - DEBUG - websocket send data
2026-04-10 01:22:52,615 - INFO - 💰【止盈平仓】合约: CFFEX.IC2106 达到止盈条件 (修复率: 108.38%)，触发平仓。
    INFO - 模拟交易下单 bigo, PYSDK_target_342e82d9823521eb1a64b51f8e92bb69: 时间: 2021-06-15 09:30:00.000000, 合约: CFFEX.IC2106, 开平: CLOSE, 方向: SELL, 手数: 1, 价格: 6732.8
2026-04-10 01:22:52,620 - DEBUG - insert order
    INFO - 模拟交易委托单 bigo, PYSDK_target_342e82d9823521eb1a64b51f8e92bb69: 全部成交
2026-04-10 01:22:52,620 - DEBUG - insert order
2026-04-10 01:22:52,621 - INFO - --- 交易成功通知 ---
2026-04-10 01:22:52,621 - INFO - Trade时间:2021-06-15 01:30:00.000000, 价格:6732.8, 数量:1, 买卖方向:SELL
2026-04-10 01:22:53,584 - INFO - 2021-06-15 16:00:00-持仓: 0，浮动盈亏: 0.0, 合约：CFFEX.IC2106， 剩余天数: 3
2026-04-10 01:22:54,563 - INFO - 【主力切换】CFFEX.IC2106 → CFFEX.IC2107  | 时间: 2021-06-16 18:00:00.000000
2026-04-10 01:22:54,569 - DEBUG - websocket send data
2026-04-10 01:22:54,803 - DEBUG - websocket received data
2026-04-10 01:22:54,805 - DEBUG - websocket send data
2026-04-10 01:22:54,805 - DEBUG - websocket send data
2026-04-10 01:22:54,805 - DEBUG - websocket send data
2026-04-10 01:22:55,039 - DEBUG - websocket received data
2026-04-10 01:22:55,039 - DEBUG - websocket send data
2026-04-10 01:22:55,258 - DEBUG - websocket received data
2026-04-10 01:22:55,259 - DEBUG - websocket send data
2026-04-10 01:22:55,260 - DEBUG - websocket send data
2026-04-10 01:22:55,260 - DEBUG - websocket send data
2026-04-10 01:22:55,493 - DEBUG - websocket received data
2026-04-10 01:22:55,493 - DEBUG - websocket send data
2026-04-10 01:22:55,727 - DEBUG - websocket received data
2026-04-10 01:22:55,728 - DEBUG - websocket send data
2026-04-10 01:22:55,729 - DEBUG - websocket send data
2026-04-10 01:22:55,729 - DEBUG - websocket send data
2026-04-10 01:22:55,949 - DEBUG - websocket received data
2026-04-10 01:22:55,949 - DEBUG - websocket send data
2026-04-10 01:22:56,192 - DEBUG - websocket received data
2026-04-10 01:22:56,252 - DEBUG - websocket send data
2026-04-10 01:22:56,592 - DEBUG - websocket received data
2026-04-10 01:22:56,695 - DEBUG - websocket send data
2026-04-10 01:22:56,982 - DEBUG - websocket received data
2026-04-10 01:22:57,151 - DEBUG - websocket send data
2026-04-10 01:22:57,151 - DEBUG - websocket send data
2026-04-10 01:22:57,495 - DEBUG - websocket received data
2026-04-10 01:22:57,595 - DEBUG - websocket send data
2026-04-10 01:22:57,916 - DEBUG - websocket received data
2026-04-10 01:22:58,016 - DEBUG - websocket send data
2026-04-10 01:22:58,021 - DEBUG - websocket send data
2026-04-10 01:22:58,381 - INFO - 2021-06-16 16:00:00-持仓: 0，浮动盈亏: nan, 合约：CFFEX.IC2107， 剩余天数: 30
2026-04-10 01:22:58,397 - DEBUG - websocket received data
2026-04-10 01:22:58,514 - DEBUG - websocket send data
2026-04-10 01:23:00,253 - INFO - 2021-06-17 16:00:00-持仓: 0，浮动盈亏: nan, 合约：CFFEX.IC2107， 剩余天数: 29
2026-04-10 01:23:01,692 - DEBUG - websocket send data
2026-04-10 01:23:01,692 - DEBUG - websocket send data
2026-04-10 01:23:01,737 - INFO - 2021-06-20 16:00:00-持仓: 0，浮动盈亏: nan, 合约：CFFEX.IC2107， 剩余天数: 28
2026-04-10 01:23:01,930 - DEBUG - websocket received data
2026-04-10 01:23:01,990 - DEBUG - websocket send data
2026-04-10 01:23:02,233 - DEBUG - websocket received data
2026-04-10 01:23:02,288 - DEBUG - websocket send data
2026-04-10 01:23:02,640 - INFO - 🚨【贴水报警】合约: CFFEX.IC2107 时间: 2021-06-21 16:00:00 | 期货收盘: 6663.40 | 指数收盘: 6723.30 | 年化贴水: 13.01 (分位: 82.8%) | 动态阈值: 10.64 | 指数SMA(20): 6681.87
2026-04-10 01:23:02,640 - INFO - ✅ 已下达【买入 1 手】指令，等待成交...
    INFO - 模拟交易下单 bigo, PYSDK_target_10e65e3a1b63b8baf6d553468d6ec0f2: 时间: 2021-06-22 09:30:00.000000, 合约: CFFEX.IC2107, 开平: OPEN, 方向: BUY, 手数: 1, 价格: 6661.2
2026-04-10 01:23:02,644 - DEBUG - insert order
    INFO - 模拟交易委托单 bigo, PYSDK_target_10e65e3a1b63b8baf6d553468d6ec0f2: 全部成交
2026-04-10 01:23:02,644 - DEBUG - insert order
2026-04-10 01:23:02,646 - INFO - --- 交易成功通知 ---
2026-04-10 01:23:02,646 - INFO - Trade时间:2021-06-22 01:30:00.000000, 价格:6661.2, 数量:1, 买卖方向:BUY
2026-04-10 01:23:02,646 - INFO - 目标持仓已达成，查询结束。
2026-04-10 01:23:06,212 - INFO - 💰【止盈平仓】合约: CFFEX.IC2107 达到止盈条件 (修复率: 67.74%)，触发平仓。
    INFO - 模拟交易下单 bigo, PYSDK_target_dbf63ceb95ea60c69dafbbc0ef36b815: 时间: 2021-06-25 09:30:00.000000, 合约: CFFEX.IC2107, 开平: CLOSE, 方向: SELL, 手数: 1, 价格: 6729.8
2026-04-10 01:23:06,217 - DEBUG - insert order
    INFO - 模拟交易委托单 bigo, PYSDK_target_dbf63ceb95ea60c69dafbbc0ef36b815: 全部成交
2026-04-10 01:23:06,218 - DEBUG - insert order
2026-04-10 01:23:06,219 - INFO - --- 交易成功通知 ---
2026-04-10 01:23:06,219 - INFO - Trade时间:2021-06-25 01:30:00.000000, 价格:6729.8, 数量:1, 买卖方向:SELL
2026-04-10 01:23:07,214 - INFO - 2021-06-27 16:00:00-持仓: 0，浮动盈亏: 0.0, 合约：CFFEX.IC2107， 剩余天数: 21
2026-04-10 01:23:08,211 - INFO - 2021-06-28 16:00:00-持仓: 0，浮动盈亏: 0.0, 合约：CFFEX.IC2107， 剩余天数: 18
2026-04-10 01:23:09,200 - INFO - 2021-06-29 16:00:00-持仓: 0，浮动盈亏: 0.0, 合约：CFFEX.IC2107， 剩余天数: 17
2026-04-10 01:23:10,153 - INFO - 2021-06-30 16:00:00-持仓: 0，浮动盈亏: 0.0, 合约：CFFEX.IC2107， 剩余天数: 16
2026-04-10 01:23:11,130 - INFO - 2021-07-01 16:00:00-持仓: 0，浮动盈亏: 0.0, 合约：CFFEX.IC2107， 剩余天数: 15
2026-04-10 01:23:12,829 - INFO - 2021-07-04 16:00:00-持仓: 0，浮动盈亏: 0.0, 合约：CFFEX.IC2107， 剩余天数: 14
2026-04-10 01:23:14,336 - INFO - 🔍【贴水监控】2021-07-05 16:00:00 当前年化贴水 20.01% 处于历史极高分位: 94.0%
2026-04-10 01:23:14,337 - INFO - 2021-07-05 16:00:00-持仓: 0，浮动盈亏: 0.0, 合约：CFFEX.IC2107， 剩余天数: 11
2026-04-10 01:23:15,314 - INFO - 2021-07-06 16:00:00-持仓: 0，浮动盈亏: 0.0, 合约：CFFEX.IC2107， 剩余天数: 10
2026-04-10 01:23:16,298 - INFO - 2021-07-07 16:00:00-持仓: 0，浮动盈亏: 0.0, 合约：CFFEX.IC2107， 剩余天数: 9
2026-04-10 01:23:17,236 - INFO - 2021-07-08 16:00:00-持仓: 0，浮动盈亏: 0.0, 合约：CFFEX.IC2107， 剩余天数: 8
2026-04-10 01:23:18,209 - INFO - 🔍【贴水监控】2021-07-11 16:00:00 当前年化贴水 31.72% 处于历史极高分位: 98.0%
2026-04-10 01:23:18,210 - INFO - 2021-07-11 16:00:00-持仓: 0，浮动盈亏: 0.0, 合约：CFFEX.IC2107， 剩余天数: 7
2026-04-10 01:23:19,254 - INFO - 🔍【贴水监控】2021-07-12 16:00:00 当前年化贴水 43.64% 处于历史极高分位: 99.2%
2026-04-10 01:23:19,255 - INFO - 2021-07-12 16:00:00-持仓: 0，浮动盈亏: 0.0, 合约：CFFEX.IC2107， 剩余天数: 4
2026-04-10 01:23:20,238 - INFO - 🔍【贴水监控】2021-07-13 16:00:00 当前年化贴水 40.28% 处于历史极高分位: 99.0%
2026-04-10 01:23:20,239 - INFO - 2021-07-13 16:00:00-持仓: 0，浮动盈亏: 0.0, 合约：CFFEX.IC2107， 剩余天数: 3
2026-04-10 01:23:21,208 - INFO - 【主力切换】CFFEX.IC2107 → CFFEX.IC2108  | 时间: 2021-07-14 18:00:00.000000
2026-04-10 01:23:21,215 - DEBUG - websocket send data
2026-04-10 01:23:21,447 - DEBUG - websocket received data
2026-04-10 01:23:21,449 - DEBUG - websocket send data
2026-04-10 01:23:21,450 - DEBUG - websocket send data
2026-04-10 01:23:21,450 - DEBUG - websocket send data
2026-04-10 01:23:21,680 - DEBUG - websocket received data
2026-04-10 01:23:21,681 - DEBUG - websocket send data
2026-04-10 01:23:21,901 - DEBUG - websocket received data
2026-04-10 01:23:21,902 - DEBUG - websocket send data
2026-04-10 01:23:21,902 - DEBUG - websocket send data
2026-04-10 01:23:21,902 - DEBUG - websocket send data
2026-04-10 01:23:22,133 - DEBUG - websocket received data
2026-04-10 01:23:22,134 - DEBUG - websocket send data
2026-04-10 01:23:22,370 - DEBUG - websocket received data
2026-04-10 01:23:22,370 - DEBUG - websocket send data
2026-04-10 01:23:22,371 - DEBUG - websocket send data
2026-04-10 01:23:22,371 - DEBUG - websocket send data
2026-04-10 01:23:22,606 - DEBUG - websocket received data
2026-04-10 01:23:22,664 - DEBUG - websocket send data
2026-04-10 01:23:22,892 - DEBUG - websocket received data
2026-04-10 01:23:22,893 - DEBUG - websocket send data
2026-04-10 01:23:23,225 - DEBUG - websocket received data
2026-04-10 01:23:23,329 - DEBUG - websocket send data
2026-04-10 01:23:23,613 - DEBUG - websocket received data
2026-04-10 01:23:23,796 - DEBUG - websocket send data
2026-04-10 01:23:23,796 - DEBUG - websocket send data
2026-04-10 01:23:24,130 - DEBUG - websocket received data
2026-04-10 01:23:24,216 - DEBUG - websocket send data
2026-04-10 01:23:24,562 - DEBUG - websocket received data
2026-04-10 01:23:24,643 - DEBUG - websocket send data
2026-04-10 01:23:24,884 - DEBUG - websocket received data
2026-04-10 01:23:24,897 - DEBUG - websocket send data
2026-04-10 01:23:24,905 - DEBUG - websocket send data
2026-04-10 01:23:25,565 - INFO - 2021-07-14 16:00:00-持仓: 0，浮动盈亏: nan, 合约：CFFEX.IC2108， 剩余天数: 37
2026-04-10 01:23:25,577 - DEBUG - websocket received data
2026-04-10 01:23:25,579 - DEBUG - websocket send data
2026-04-10 01:23:26,922 - INFO - 2021-07-15 16:00:00-持仓: 0，浮动盈亏: nan, 合约：CFFEX.IC2108， 剩余天数: 36
2026-04-10 01:23:27,977 - DEBUG - websocket send data
2026-04-10 01:23:27,977 - DEBUG - websocket send data
2026-04-10 01:23:28,022 - INFO - 2021-07-18 16:00:00-持仓: 0，浮动盈亏: nan, 合约：CFFEX.IC2108， 剩余天数: 35
2026-04-10 01:23:28,207 - DEBUG - websocket received data
2026-04-10 01:23:28,208 - DEBUG - websocket send data
2026-04-10 01:23:28,432 - DEBUG - websocket received data
2026-04-10 01:23:28,433 - DEBUG - websocket send data
2026-04-10 01:23:28,855 - INFO - 2021-07-19 16:00:00-持仓: 0，浮动盈亏: nan, 合约：CFFEX.IC2108， 剩余天数: 32
2026-04-10 01:23:29,640 - INFO - 2021-07-20 16:00:00-持仓: 0，浮动盈亏: nan, 合约：CFFEX.IC2108， 剩余天数: 31
2026-04-10 01:23:30,453 - INFO - 2021-07-21 16:00:00-持仓: 0，浮动盈亏: nan, 合约：CFFEX.IC2108， 剩余天数: 30
2026-04-10 01:23:31,282 - INFO - 2021-07-22 16:00:00-持仓: 0，浮动盈亏: nan, 合约：CFFEX.IC2108， 剩余天数: 29
2026-04-10 01:23:32,102 - INFO - 2021-07-25 16:00:00-持仓: 0，浮动盈亏: nan, 合约：CFFEX.IC2108， 剩余天数: 28
2026-04-10 01:23:32,918 - INFO - 2021-07-26 16:00:00-持仓: 0，浮动盈亏: nan, 合约：CFFEX.IC2108， 剩余天数: 25
2026-04-10 01:23:33,718 - INFO - 2021-07-27 16:00:00-持仓: 0，浮动盈亏: nan, 合约：CFFEX.IC2108， 剩余天数: 24
2026-04-10 01:23:34,548 - INFO - 2021-07-28 16:00:00-持仓: 0，浮动盈亏: nan, 合约：CFFEX.IC2108， 剩余天数: 23
2026-04-10 01:23:35,362 - INFO - 2021-07-29 16:00:00-持仓: 0，浮动盈亏: nan, 合约：CFFEX.IC2108， 剩余天数: 22
2026-04-10 01:23:36,191 - INFO - 2021-08-01 16:00:00-持仓: 0，浮动盈亏: nan, 合约：CFFEX.IC2108， 剩余天数: 21
2026-04-10 01:23:37,520 - INFO - 2021-08-02 16:00:00-持仓: 0，浮动盈亏: nan, 合约：CFFEX.IC2108， 剩余天数: 18
2026-04-10 01:23:39,037 - INFO - 2021-08-03 16:00:00-持仓: 0，浮动盈亏: nan, 合约：CFFEX.IC2108， 剩余天数: 17
2026-04-10 01:23:39,839 - INFO - 🔍【贴水监控】2021-08-04 16:00:00 当前年化贴水 20.75% 处于历史极高分位: 94.5%
2026-04-10 01:23:39,840 - INFO - 🚨【贴水报警】合约: CFFEX.IC2108 时间: 2021-08-04 16:00:00 | 期货收盘: 6858.00 | 指数收盘: 6920.94 | 年化贴水: 20.75 (分位: 94.5%) | 动态阈值: 10.64 | 指数SMA(20): 6874.52
2026-04-10 01:23:39,840 - INFO - ✅ 已下达【买入 1 手】指令，等待成交...
    INFO - 模拟交易下单 bigo, PYSDK_target_0f90d082d79c562dc7b17472745d667e: 时间: 2021-08-05 09:30:00.000000, 合约: CFFEX.IC2108, 开平: OPEN, 方向: BUY, 手数: 1, 价格: 6855.0
2026-04-10 01:23:39,846 - DEBUG - insert order
    INFO - 模拟交易委托单 bigo, PYSDK_target_0f90d082d79c562dc7b17472745d667e: 全部成交
2026-04-10 01:23:39,846 - DEBUG - insert order
2026-04-10 01:23:39,847 - INFO - --- 交易成功通知 ---
2026-04-10 01:23:39,847 - INFO - Trade时间:2021-08-05 01:30:00.000000, 价格:6855.0, 数量:1, 买卖方向:BUY
2026-04-10 01:23:39,847 - INFO - 目标持仓已达成，查询结束。
2026-04-10 01:23:41,100 - INFO - 🔍【贴水监控】2021-08-05 16:00:00 当前年化贴水 16.86% 处于历史极高分位: 90.3%
2026-04-10 01:23:42,266 - DEBUG - websocket send data
2026-04-10 01:23:42,608 - DEBUG - websocket received data
2026-04-10 01:23:42,657 - DEBUG - websocket send data
2026-04-10 01:23:42,988 - DEBUG - websocket received data
2026-04-10 01:23:43,033 - DEBUG - websocket send data
2026-04-10 01:23:43,375 - DEBUG - websocket received data
2026-04-10 01:23:43,417 - DEBUG - websocket send data
2026-04-10 01:23:43,675 - DEBUG - websocket received data
2026-04-10 01:23:43,691 - DEBUG - websocket send data
2026-04-10 01:23:43,860 - INFO - 🔍【贴水监控】2021-08-09 16:00:00 当前年化贴水 29.62% 处于历史极高分位: 97.1%
2026-04-10 01:23:45,082 - INFO - 🔍【贴水监控】2021-08-10 16:00:00 当前年化贴水 29.91% 处于历史极高分位: 97.3%
2026-04-10 01:23:46,315 - INFO - 🔍【贴水监控】2021-08-11 16:00:00 当前年化贴水 43.36% 处于历史极高分位: 99.1%
2026-04-10 01:23:47,576 - INFO - 🔍【贴水监控】2021-08-12 16:00:00 当前年化贴水 26.89% 处于历史极高分位: 96.8%
2026-04-10 01:23:48,865 - INFO - 💰【止盈平仓】合约: CFFEX.IC2108 达到止盈条件 (修复率: 54.68%)，触发平仓。
    INFO - 模拟交易下单 bigo, PYSDK_target_7e327642a8ae2d9bdf8c91b5493d23e0: 时间: 2021-08-16 09:30:00.000000, 合约: CFFEX.IC2108, 开平: CLOSE, 方向: SELL, 手数: 1, 价格: 7074.0
2026-04-10 01:23:48,870 - DEBUG - insert order
    INFO - 模拟交易委托单 bigo, PYSDK_target_7e327642a8ae2d9bdf8c91b5493d23e0: 全部成交
2026-04-10 01:23:48,870 - DEBUG - insert order
2026-04-10 01:23:48,871 - INFO - --- 交易成功通知 ---
2026-04-10 01:23:48,871 - INFO - Trade时间:2021-08-16 01:30:00.000000, 价格:7074.0, 数量:1, 买卖方向:SELL
2026-04-10 01:23:50,520 - INFO - 2021-08-16 16:00:00-持仓: 0，浮动盈亏: 0.0, 合约：CFFEX.IC2108， 剩余天数: 4
2026-04-10 01:23:52,170 - INFO - 2021-08-17 16:00:00-持仓: 0，浮动盈亏: 0.0, 合约：CFFEX.IC2108， 剩余天数: 3
2026-04-10 01:23:53,230 - INFO - 【主力切换】CFFEX.IC2108 → CFFEX.IC2109  | 时间: 2021-08-18 18:00:00.000000
2026-04-10 01:23:53,236 - DEBUG - websocket send data
2026-04-10 01:23:53,465 - DEBUG - websocket received data
2026-04-10 01:23:53,466 - DEBUG - websocket send data
2026-04-10 01:23:53,466 - DEBUG - websocket send data
2026-04-10 01:23:53,466 - DEBUG - websocket send data
2026-04-10 01:23:53,696 - DEBUG - websocket received data
2026-04-10 01:23:53,697 - DEBUG - websocket send data
2026-04-10 01:23:53,917 - DEBUG - websocket received data
2026-04-10 01:23:53,918 - DEBUG - websocket send data
2026-04-10 01:23:53,918 - DEBUG - websocket send data
2026-04-10 01:23:53,918 - DEBUG - websocket send data
2026-04-10 01:23:54,137 - DEBUG - websocket received data
2026-04-10 01:23:54,138 - DEBUG - websocket send data
2026-04-10 01:23:54,368 - DEBUG - websocket received data
2026-04-10 01:23:54,369 - DEBUG - websocket send data
2026-04-10 01:23:54,370 - DEBUG - websocket send data
2026-04-10 01:23:54,370 - DEBUG - websocket send data
2026-04-10 01:23:54,600 - DEBUG - websocket received data
2026-04-10 01:23:54,601 - DEBUG - websocket send data
2026-04-10 01:23:54,818 - DEBUG - websocket received data
2026-04-10 01:23:54,819 - DEBUG - websocket send data
2026-04-10 01:23:55,165 - DEBUG - websocket received data
2026-04-10 01:23:55,207 - DEBUG - websocket send data
2026-04-10 01:23:55,538 - DEBUG - websocket received data
2026-04-10 01:23:55,579 - DEBUG - websocket send data
2026-04-10 01:23:55,916 - DEBUG - websocket received data
2026-04-10 01:23:55,971 - DEBUG - websocket send data
2026-04-10 01:23:56,228 - DEBUG - websocket received data
2026-04-10 01:23:59,343 - DEBUG - websocket send data
2026-04-10 01:23:59,344 - DEBUG - websocket send data
2026-04-10 01:23:59,684 - DEBUG - websocket received data
2026-04-10 01:23:59,726 - DEBUG - websocket send data
2026-04-10 01:24:00,027 - DEBUG - websocket received data
2026-04-10 01:24:00,077 - DEBUG - websocket send data
2026-04-10 01:24:00,089 - DEBUG - websocket send data
2026-04-10 01:24:00,934 - INFO - 🚨【贴水报警】合约: CFFEX.IC2109 时间: 2021-08-18 16:00:00 | 期货收盘: 6854.80 | 指数收盘: 6917.51 | 年化贴水: 11.03 (分位: 76.7%) | 动态阈值: 10.64 | 指数SMA(20): 6912.66
2026-04-10 01:24:00,934 - INFO - ✅ 已下达【买入 1 手】指令，等待成交...
2026-04-10 01:24:00,952 - DEBUG - websocket received data
2026-04-10 01:24:00,954 - DEBUG - websocket send data
    INFO - 模拟交易下单 bigo, PYSDK_target_1ae5c74380963f6b6791a98586b73356: 时间: 2021-08-19 09:30:00.000000, 合约: CFFEX.IC2109, 开平: OPEN, 方向: BUY, 手数: 1, 价格: 6851.8
2026-04-10 01:24:00,956 - DEBUG - insert order
    INFO - 模拟交易委托单 bigo, PYSDK_target_1ae5c74380963f6b6791a98586b73356: 全部成交
2026-04-10 01:24:00,956 - DEBUG - insert order
2026-04-10 01:24:00,958 - INFO - --- 交易成功通知 ---
2026-04-10 01:24:00,958 - INFO - Trade时间:2021-08-19 01:30:00.000000, 价格:6851.8, 数量:1, 买卖方向:BUY
2026-04-10 01:24:00,958 - INFO - 目标持仓已达成，查询结束。
2026-04-10 01:24:05,046 - DEBUG - websocket send data
2026-04-10 01:24:05,046 - DEBUG - websocket send data
2026-04-10 01:24:05,268 - DEBUG - websocket received data
2026-04-10 01:24:05,269 - DEBUG - websocket send data
2026-04-10 01:24:05,495 - DEBUG - websocket received data
2026-04-10 01:24:05,496 - DEBUG - websocket send data
2026-04-10 01:24:06,307 - INFO - 🔍【贴水监控】2021-08-23 16:00:00 当前年化贴水 17.04% 处于历史极高分位: 90.6%
2026-04-10 01:24:08,744 - INFO - 🔍【贴水监控】2021-08-25 16:00:00 当前年化贴水 19.73% 处于历史极高分位: 93.6%
2026-04-10 01:24:11,150 - INFO - 🔍【贴水监控】2021-08-29 16:00:00 当前年化贴水 17.82% 处于历史极高分位: 91.7%
2026-04-10 01:24:12,351 - INFO - 🔍【贴水监控】2021-08-30 16:00:00 当前年化贴水 21.94% 处于历史极高分位: 95.5%
2026-04-10 01:24:13,586 - INFO - 🔍【贴水监控】2021-08-31 16:00:00 当前年化贴水 29.77% 处于历史极高分位: 97.2%
2026-04-10 01:24:15,225 - INFO - 🔍【贴水监控】2021-09-01 16:00:00 当前年化贴水 23.22% 处于历史极高分位: 95.8%
2026-04-10 01:24:17,280 - INFO - 🔍【贴水监控】2021-09-02 16:00:00 当前年化贴水 30.15% 处于历史极高分位: 97.5%
2026-04-10 01:24:18,559 - INFO - 🔍【贴水监控】2021-09-05 16:00:00 当前年化贴水 25.71% 处于历史极高分位: 96.5%
2026-04-10 01:24:19,775 - INFO - 🔍【贴水监控】2021-09-06 16:00:00 当前年化贴水 42.64% 处于历史极高分位: 99.1%
2026-04-10 01:24:20,981 - INFO - 🔍【贴水监控】2021-09-07 16:00:00 当前年化贴水 23.82% 处于历史极高分位: 95.9%
2026-04-10 01:24:22,182 - INFO - 🔍【贴水监控】2021-09-08 16:00:00 当前年化贴水 29.59% 处于历史极高分位: 97.0%
2026-04-10 01:24:23,397 - INFO - 🔍【贴水监控】2021-09-09 16:00:00 当前年化贴水 37.39% 处于历史极高分位: 98.8%
2026-04-10 01:24:26,004 - INFO - 🔍【贴水监控】2021-09-13 16:00:00 当前年化贴水 66.63% 处于历史极高分位: 99.8%
2026-04-10 01:24:27,289 - INFO - 💰【止盈平仓】合约: CFFEX.IC2109 达到止盈条件 (修复率: 228.09%)，触发平仓。
    INFO - 模拟交易下单 bigo, PYSDK_target_8a6122e78079b1d8b70dac2c06f3056c: 时间: 2021-09-15 09:30:00.000000, 合约: CFFEX.IC2109, 开平: CLOSE, 方向: SELL, 手数: 1, 价格: 7544.2
2026-04-10 01:24:27,298 - DEBUG - insert order
    INFO - 模拟交易委托单 bigo, PYSDK_target_8a6122e78079b1d8b70dac2c06f3056c: 全部成交
2026-04-10 01:24:27,298 - DEBUG - insert order
2026-04-10 01:24:27,300 - INFO - --- 交易成功通知 ---
2026-04-10 01:24:27,300 - INFO - Trade时间:2021-09-15 01:30:00.000000, 价格:7544.2, 数量:1, 买卖方向:SELL
2026-04-10 01:24:29,029 - INFO - 【主力切换】CFFEX.IC2109 → CFFEX.IC2110  | 时间: 2021-09-15 18:00:00.000000
2026-04-10 01:24:29,039 - DEBUG - websocket send data
2026-04-10 01:24:29,271 - DEBUG - websocket received data
2026-04-10 01:24:29,273 - DEBUG - websocket send data
2026-04-10 01:24:29,273 - DEBUG - websocket send data
2026-04-10 01:24:29,274 - DEBUG - websocket send data
2026-04-10 01:24:30,228 - DEBUG - websocket received data
2026-04-10 01:24:30,229 - DEBUG - websocket send data
2026-04-10 01:24:30,460 - DEBUG - websocket received data
2026-04-10 01:24:30,461 - DEBUG - websocket send data
2026-04-10 01:24:30,461 - DEBUG - websocket send data
2026-04-10 01:24:30,461 - DEBUG - websocket send data
2026-04-10 01:24:30,693 - DEBUG - websocket received data
2026-04-10 01:24:30,694 - DEBUG - websocket send data
2026-04-10 01:24:30,915 - DEBUG - websocket received data
2026-04-10 01:24:30,915 - DEBUG - websocket send data
2026-04-10 01:24:30,916 - DEBUG - websocket send data
2026-04-10 01:24:30,916 - DEBUG - websocket send data
2026-04-10 01:24:31,147 - DEBUG - websocket received data
2026-04-10 01:24:31,147 - DEBUG - websocket send data
2026-04-10 01:24:31,388 - DEBUG - websocket received data
2026-04-10 01:24:31,467 - DEBUG - websocket send data
2026-04-10 01:24:31,813 - DEBUG - websocket received data
2026-04-10 01:24:31,923 - DEBUG - websocket send data
2026-04-10 01:24:32,211 - DEBUG - websocket received data
2026-04-10 01:24:32,389 - DEBUG - websocket send data
2026-04-10 01:24:32,389 - DEBUG - websocket send data
2026-04-10 01:24:32,752 - DEBUG - websocket received data
2026-04-10 01:24:32,861 - DEBUG - websocket send data
2026-04-10 01:24:33,123 - DEBUG - websocket received data
2026-04-10 01:24:33,195 - DEBUG - websocket send data
2026-04-10 01:24:33,200 - DEBUG - websocket send data
2026-04-10 01:24:33,597 - INFO - 🚨【贴水报警】合约: CFFEX.IC2110 时间: 2021-09-15 16:00:00 | 期货收盘: 7542.60 | 指数收盘: 7616.88 | 年化贴水: 11.87 (分位: 79.3%) | 动态阈值: 10.64 | 指数SMA(20): 7339.32
2026-04-10 01:24:33,597 - INFO - ✅ 已下达【买入 1 手】指令，等待成交...
2026-04-10 01:24:33,606 - DEBUG - websocket received data
2026-04-10 01:24:33,609 - DEBUG - websocket send data
    INFO - 模拟交易下单 bigo, PYSDK_target_a944bbf968c7d6aed7aa91a5bdaa918b: 时间: 2021-09-16 09:30:00.000000, 合约: CFFEX.IC2110, 开平: OPEN, 方向: BUY, 手数: 1, 价格: 7559.2
2026-04-10 01:24:33,610 - DEBUG - insert order
    INFO - 模拟交易委托单 bigo, PYSDK_target_a944bbf968c7d6aed7aa91a5bdaa918b: 全部成交
2026-04-10 01:24:33,610 - DEBUG - insert order
2026-04-10 01:24:33,611 - INFO - --- 交易成功通知 ---
2026-04-10 01:24:33,611 - INFO - Trade时间:2021-09-16 01:30:00.000000, 价格:7559.2, 数量:1, 买卖方向:BUY
2026-04-10 01:24:33,611 - INFO - 目标持仓已达成，查询结束。
2026-04-10 01:24:36,584 - DEBUG - websocket send data
2026-04-10 01:24:36,584 - DEBUG - websocket send data
2026-04-10 01:24:36,818 - DEBUG - websocket received data
2026-04-10 01:24:36,819 - DEBUG - websocket send data
2026-04-10 01:24:37,051 - DEBUG - websocket received data
2026-04-10 01:24:37,053 - DEBUG - websocket send data
2026-04-10 01:24:39,145 - INFO - 🔍【贴水监控】2021-09-23 16:00:00 当前年化贴水 17.40% 处于历史极高分位: 91.1%
2026-04-10 01:24:40,909 - INFO - 💰【止盈平仓】合约: CFFEX.IC2110 达到止盈条件 (修复率: 87.73%)，触发平仓。
    INFO - 模拟交易下单 bigo, PYSDK_target_e75a0576fa173da384f9ce40cc40cdb4: 时间: 2021-09-27 09:30:00.000000, 合约: CFFEX.IC2110, 开平: CLOSE, 方向: SELL, 手数: 1, 价格: 7389.8
2026-04-10 01:24:40,921 - DEBUG - insert order
    INFO - 模拟交易委托单 bigo, PYSDK_target_e75a0576fa173da384f9ce40cc40cdb4: 全部成交
2026-04-10 01:24:40,921 - DEBUG - insert order
2026-04-10 01:24:40,923 - INFO - --- 交易成功通知 ---
2026-04-10 01:24:40,923 - INFO - Trade时间:2021-09-27 01:30:00.000000, 价格:7389.8, 数量:1, 买卖方向:SELL
2026-04-10 01:24:42,626 - INFO - 2021-09-27 16:00:00-持仓: 0，浮动盈亏: 0.0, 合约：CFFEX.IC2110， 剩余天数: 18
2026-04-10 01:24:43,663 - INFO - 2021-09-28 16:00:00-持仓: 0，浮动盈亏: 0.0, 合约：CFFEX.IC2110， 剩余天数: 17
2026-04-10 01:24:44,672 - INFO - 2021-09-29 16:00:00-持仓: 0，浮动盈亏: 0.0, 合约：CFFEX.IC2110， 剩余天数: 16
2026-04-10 01:24:45,747 - INFO - 2021-10-07 16:00:00-持仓: 0，浮动盈亏: 0.0, 合约：CFFEX.IC2110， 剩余天数: 8
2026-04-10 01:24:46,922 - INFO - 2021-10-10 16:00:00-持仓: 0，浮动盈亏: 0.0, 合约：CFFEX.IC2110， 剩余天数: 7
2026-04-10 01:24:48,014 - INFO - 2021-10-11 16:00:00-持仓: 0，浮动盈亏: 0.0, 合约：CFFEX.IC2110， 剩余天数: 4
2026-04-10 01:24:49,073 - INFO - 2021-10-12 16:00:00-持仓: 0，浮动盈亏: 0.0, 合约：CFFEX.IC2110， 剩余天数: 3
2026-04-10 01:24:50,102 - INFO - 【主力切换】CFFEX.IC2110 → CFFEX.IC2111  | 时间: 2021-10-13 18:00:00.000000
2026-04-10 01:24:50,108 - DEBUG - websocket send data
2026-04-10 01:24:50,337 - DEBUG - websocket received data
2026-04-10 01:24:50,338 - DEBUG - websocket send data
2026-04-10 01:24:50,338 - DEBUG - websocket send data
2026-04-10 01:24:50,339 - DEBUG - websocket send data
2026-04-10 01:24:50,570 - DEBUG - websocket received data
2026-04-10 01:24:50,570 - DEBUG - websocket send data
2026-04-10 01:24:50,801 - DEBUG - websocket received data
2026-04-10 01:24:50,802 - DEBUG - websocket send data
2026-04-10 01:24:50,802 - DEBUG - websocket send data
2026-04-10 01:24:50,802 - DEBUG - websocket send data
2026-04-10 01:24:51,027 - DEBUG - websocket received data
2026-04-10 01:24:51,028 - DEBUG - websocket send data
2026-04-10 01:24:51,259 - DEBUG - websocket received data
2026-04-10 01:24:51,260 - DEBUG - websocket send data
2026-04-10 01:24:51,260 - DEBUG - websocket send data
2026-04-10 01:24:51,261 - DEBUG - websocket send data
2026-04-10 01:24:51,777 - DEBUG - websocket received data
2026-04-10 01:24:51,778 - DEBUG - websocket send data
2026-04-10 01:24:52,004 - DEBUG - websocket received data
2026-04-10 01:24:52,005 - DEBUG - websocket send data
2026-04-10 01:24:52,324 - DEBUG - websocket received data
2026-04-10 01:24:52,461 - DEBUG - websocket send data
2026-04-10 01:24:52,462 - DEBUG - websocket send data
2026-04-10 01:24:53,029 - DEBUG - websocket received data
2026-04-10 01:24:53,112 - DEBUG - websocket send data
2026-04-10 01:24:53,454 - DEBUG - websocket received data
2026-04-10 01:24:53,537 - DEBUG - websocket send data
2026-04-10 01:24:53,785 - DEBUG - websocket received data
2026-04-10 01:24:53,801 - DEBUG - websocket send data
2026-04-10 01:24:53,807 - DEBUG - websocket send data
2026-04-10 01:24:54,222 - INFO - 2021-10-13 16:00:00-持仓: 0，浮动盈亏: nan, 合约：CFFEX.IC2111， 剩余天数: 37
2026-04-10 01:24:54,232 - DEBUG - websocket received data
2026-04-10 01:24:54,234 - DEBUG - websocket send data
2026-04-10 01:24:55,011 - DEBUG - websocket send data
2026-04-10 01:24:55,355 - DEBUG - websocket received data
2026-04-10 01:24:55,398 - DEBUG - websocket send data
2026-04-10 01:24:55,601 - INFO - 2021-10-14 16:00:00-持仓: 0，浮动盈亏: nan, 合约：CFFEX.IC2111， 剩余天数: 36
2026-04-10 01:24:55,733 - DEBUG - websocket received data
2026-04-10 01:24:55,777 - DEBUG - websocket send data
2026-04-10 01:24:56,116 - DEBUG - websocket received data
2026-04-10 01:24:56,160 - DEBUG - websocket send data
2026-04-10 01:24:56,428 - DEBUG - websocket received data
2026-04-10 01:24:56,444 - DEBUG - websocket send data
2026-04-10 01:24:56,899 - DEBUG - websocket send data
2026-04-10 01:24:56,900 - DEBUG - websocket send data
2026-04-10 01:24:56,956 - INFO - 2021-10-17 16:00:00-持仓: 0，浮动盈亏: nan, 合约：CFFEX.IC2111， 剩余天数: 35
2026-04-10 01:24:57,126 - DEBUG - websocket received data
2026-04-10 01:24:57,127 - DEBUG - websocket send data
2026-04-10 01:24:57,361 - DEBUG - websocket received data
2026-04-10 01:24:57,362 - DEBUG - websocket send data
2026-04-10 01:24:57,857 - INFO - 2021-10-18 16:00:00-持仓: 0，浮动盈亏: nan, 合约：CFFEX.IC2111， 剩余天数: 32
2026-04-10 01:24:58,745 - INFO - 2021-10-19 16:00:00-持仓: 0，浮动盈亏: nan, 合约：CFFEX.IC2111， 剩余天数: 31
2026-04-10 01:24:59,603 - INFO - 2021-10-20 16:00:00-持仓: 0，浮动盈亏: nan, 合约：CFFEX.IC2111， 剩余天数: 30
2026-04-10 01:25:00,491 - INFO - 2021-10-21 16:00:00-持仓: 0，浮动盈亏: nan, 合约：CFFEX.IC2111， 剩余天数: 29
2026-04-10 01:25:01,418 - INFO - 2021-10-24 16:00:00-持仓: 0，浮动盈亏: nan, 合约：CFFEX.IC2111， 剩余天数: 28
2026-04-10 01:25:02,358 - INFO - 2021-10-25 16:00:00-持仓: 0，浮动盈亏: nan, 合约：CFFEX.IC2111， 剩余天数: 25
2026-04-10 01:25:03,244 - INFO - 2021-10-26 16:00:00-持仓: 0，浮动盈亏: nan, 合约：CFFEX.IC2111， 剩余天数: 24
2026-04-10 01:25:04,135 - INFO - 2021-10-27 16:00:00-持仓: 0，浮动盈亏: nan, 合约：CFFEX.IC2111， 剩余天数: 23
2026-04-10 01:25:05,378 - INFO - 2021-10-28 16:00:00-持仓: 0，浮动盈亏: nan, 合约：CFFEX.IC2111， 剩余天数: 22
2026-04-10 01:25:06,893 - INFO - 2021-10-31 16:00:00-持仓: 0，浮动盈亏: nan, 合约：CFFEX.IC2111， 剩余天数: 21
2026-04-10 01:25:07,988 - INFO - 2021-11-01 16:00:00-持仓: 0，浮动盈亏: nan, 合约：CFFEX.IC2111， 剩余天数: 18
2026-04-10 01:25:08,873 - INFO - 2021-11-02 16:00:00-持仓: 0，浮动盈亏: nan, 合约：CFFEX.IC2111， 剩余天数: 17
2026-04-10 01:25:09,741 - INFO - 2021-11-03 16:00:00-持仓: 0，浮动盈亏: nan, 合约：CFFEX.IC2111， 剩余天数: 16
2026-04-10 01:25:10,599 - INFO - 2021-11-04 16:00:00-持仓: 0，浮动盈亏: nan, 合约：CFFEX.IC2111， 剩余天数: 15
2026-04-10 01:25:11,482 - INFO - 2021-11-07 16:00:00-持仓: 0，浮动盈亏: nan, 合约：CFFEX.IC2111， 剩余天数: 14
2026-04-10 01:25:12,438 - INFO - 2021-11-08 16:00:00-持仓: 0，浮动盈亏: nan, 合约：CFFEX.IC2111， 剩余天数: 11
2026-04-10 01:25:13,354 - INFO - 2021-11-09 16:00:00-持仓: 0，浮动盈亏: nan, 合约：CFFEX.IC2111， 剩余天数: 10
2026-04-10 01:25:14,238 - INFO - 2021-11-10 16:00:00-持仓: 0，浮动盈亏: nan, 合约：CFFEX.IC2111， 剩余天数: 9
2026-04-10 01:25:15,152 - INFO - 2021-11-11 16:00:00-持仓: 0，浮动盈亏: nan, 合约：CFFEX.IC2111， 剩余天数: 8
2026-04-10 01:25:16,066 - INFO - 2021-11-14 16:00:00-持仓: 0，浮动盈亏: nan, 合约：CFFEX.IC2111， 剩余天数: 7
2026-04-10 01:25:16,780 - DEBUG - websocket received data
2026-04-10 01:25:16,781 - DEBUG - websocket send data
2026-04-10 01:25:16,951 - INFO - 2021-11-15 16:00:00-持仓: 0，浮动盈亏: nan, 合约：CFFEX.IC2111， 剩余天数: 4
2026-04-10 01:25:18,229 - INFO - 2021-11-16 16:00:00-持仓: 0，浮动盈亏: nan, 合约：CFFEX.IC2111， 剩余天数: 3
2026-04-10 01:25:19,896 - INFO - 【主力切换】CFFEX.IC2111 → CFFEX.IC2112  | 时间: 2021-11-17 18:00:00.000000
2026-04-10 01:25:19,906 - DEBUG - websocket send data
2026-04-10 01:25:20,135 - DEBUG - websocket received data
2026-04-10 01:25:20,136 - DEBUG - websocket send data
2026-04-10 01:25:20,137 - DEBUG - websocket send data
2026-04-10 01:25:20,137 - DEBUG - websocket send data
2026-04-10 01:25:20,367 - DEBUG - websocket received data
2026-04-10 01:25:20,368 - DEBUG - websocket send data
2026-04-10 01:25:20,599 - DEBUG - websocket received data
2026-04-10 01:25:20,600 - DEBUG - websocket send data
2026-04-10 01:25:20,600 - DEBUG - websocket send data
2026-04-10 01:25:20,600 - DEBUG - websocket send data
2026-04-10 01:25:20,831 - DEBUG - websocket received data
2026-04-10 01:25:20,831 - DEBUG - websocket send data
2026-04-10 01:25:21,062 - DEBUG - websocket received data
2026-04-10 01:25:21,063 - DEBUG - websocket send data
2026-04-10 01:25:21,064 - DEBUG - websocket send data
2026-04-10 01:25:21,064 - DEBUG - websocket send data
2026-04-10 01:25:21,294 - DEBUG - websocket received data
2026-04-10 01:25:21,295 - DEBUG - websocket send data
2026-04-10 01:25:21,524 - DEBUG - websocket received data
2026-04-10 01:25:21,524 - DEBUG - websocket send data
2026-04-10 01:25:21,868 - DEBUG - websocket received data
2026-04-10 01:25:21,917 - DEBUG - websocket send data
2026-04-10 01:25:22,253 - DEBUG - websocket received data
2026-04-10 01:25:22,300 - DEBUG - websocket send data
2026-04-10 01:25:22,637 - DEBUG - websocket received data
2026-04-10 01:25:22,680 - DEBUG - websocket send data
2026-04-10 01:25:22,946 - DEBUG - websocket received data
2026-04-10 01:25:23,209 - DEBUG - websocket send data
2026-04-10 01:25:23,210 - DEBUG - websocket send data
2026-04-10 01:25:23,547 - DEBUG - websocket received data
2026-04-10 01:25:23,590 - DEBUG - websocket send data
2026-04-10 01:25:23,900 - DEBUG - websocket received data
2026-04-10 01:25:23,936 - DEBUG - websocket send data
2026-04-10 01:25:23,949 - DEBUG - websocket send data
2026-04-10 01:25:24,838 - INFO - 2021-11-17 16:00:00-持仓: 0，浮动盈亏: nan, 合约：CFFEX.IC2112， 剩余天数: 30
2026-04-10 01:25:24,851 - DEBUG - websocket received data
2026-04-10 01:25:24,852 - DEBUG - websocket send data
2026-04-10 01:25:25,819 - INFO - 2021-11-18 16:00:00-持仓: 0，浮动盈亏: nan, 合约：CFFEX.IC2112， 剩余天数: 29
2026-04-10 01:25:26,714 - DEBUG - websocket send data
2026-04-10 01:25:26,715 - DEBUG - websocket send data
2026-04-10 01:25:26,761 - INFO - 2021-11-21 16:00:00-持仓: 0，浮动盈亏: nan, 合约：CFFEX.IC2112， 剩余天数: 28
2026-04-10 01:25:26,947 - DEBUG - websocket received data
2026-04-10 01:25:26,948 - DEBUG - websocket send data
2026-04-10 01:25:27,182 - DEBUG - websocket received data
2026-04-10 01:25:27,183 - DEBUG - websocket send data
2026-04-10 01:25:27,616 - INFO - 2021-11-22 16:00:00-持仓: 0，浮动盈亏: nan, 合约：CFFEX.IC2112， 剩余天数: 25
2026-04-10 01:25:28,466 - INFO - 2021-11-23 16:00:00-持仓: 0，浮动盈亏: nan, 合约：CFFEX.IC2112， 剩余天数: 24
2026-04-10 01:25:29,327 - INFO - 2021-11-24 16:00:00-持仓: 0，浮动盈亏: nan, 合约：CFFEX.IC2112， 剩余天数: 23
2026-04-10 01:25:30,364 - INFO - 2021-11-25 16:00:00-持仓: 0，浮动盈亏: nan, 合约：CFFEX.IC2112， 剩余天数: 22
2026-04-10 01:25:31,814 - INFO - 2021-11-28 16:00:00-持仓: 0，浮动盈亏: nan, 合约：CFFEX.IC2112， 剩余天数: 21
2026-04-10 01:25:33,089 - INFO - 2021-11-29 16:00:00-持仓: 0，浮动盈亏: nan, 合约：CFFEX.IC2112， 剩余天数: 18
2026-04-10 01:25:33,915 - INFO - 2021-11-30 16:00:00-持仓: 0，浮动盈亏: nan, 合约：CFFEX.IC2112， 剩余天数: 17
2026-04-10 01:25:34,800 - INFO - 2021-12-01 16:00:00-持仓: 0，浮动盈亏: nan, 合约：CFFEX.IC2112， 剩余天数: 16
2026-04-10 01:25:35,701 - INFO - 2021-12-02 16:00:00-持仓: 0，浮动盈亏: nan, 合约：CFFEX.IC2112， 剩余天数: 15
2026-04-10 01:25:36,575 - INFO - 2021-12-05 16:00:00-持仓: 0，浮动盈亏: nan, 合约：CFFEX.IC2112， 剩余天数: 14
2026-04-10 01:25:37,441 - INFO - 🚨【贴水报警】合约: CFFEX.IC2112 时间: 2021-12-06 16:00:00 | 期货收盘: 7240.80 | 指数收盘: 7274.13 | 年化贴水: 15.20 (分位: 87.7%) | 动态阈值: 10.64 | 指数SMA(20): 7193.10
2026-04-10 01:25:37,441 - INFO - ✅ 已下达【买入 1 手】指令，等待成交...
    INFO - 模拟交易下单 bigo, PYSDK_target_3f6d753189f777e10cf39fee76f3f558: 时间: 2021-12-07 09:30:00.000000, 合约: CFFEX.IC2112, 开平: OPEN, 方向: BUY, 手数: 1, 价格: 7240.8
2026-04-10 01:25:37,447 - DEBUG - insert order
    INFO - 模拟交易委托单 bigo, PYSDK_target_3f6d753189f777e10cf39fee76f3f558: 全部成交
2026-04-10 01:25:37,447 - DEBUG - insert order
2026-04-10 01:25:37,448 - INFO - --- 交易成功通知 ---
2026-04-10 01:25:37,449 - INFO - Trade时间:2021-12-07 01:30:00.000000, 价格:7240.8, 数量:1, 买卖方向:BUY
2026-04-10 01:25:37,449 - INFO - 目标持仓已达成，查询结束。
2026-04-10 01:25:41,460 - INFO - 💰【止盈平仓】合约: CFFEX.IC2112 达到止盈条件 (修复率: 110.01%)，触发平仓。
    INFO - 模拟交易下单 bigo, PYSDK_target_b9aca5eaba7aac082fb69b2d4ee66b44: 时间: 2021-12-10 09:30:00.000000, 合约: CFFEX.IC2112, 开平: CLOSE, 方向: SELL, 手数: 1, 价格: 7288.0
2026-04-10 01:25:41,465 - DEBUG - insert order
    INFO - 模拟交易委托单 bigo, PYSDK_target_b9aca5eaba7aac082fb69b2d4ee66b44: 全部成交
2026-04-10 01:25:41,466 - DEBUG - insert order
2026-04-10 01:25:41,467 - INFO - --- 交易成功通知 ---
2026-04-10 01:25:41,467 - INFO - Trade时间:2021-12-10 01:30:00.000000, 价格:7288.0, 数量:1, 买卖方向:SELL
2026-04-10 01:25:42,530 - INFO - 2021-12-12 16:00:00-持仓: 0，浮动盈亏: 0.0, 合约：CFFEX.IC2112， 剩余天数: 7
2026-04-10 01:25:42,820 - DEBUG - websocket send data
2026-04-10 01:25:43,172 - DEBUG - websocket received data
2026-04-10 01:25:43,255 - DEBUG - websocket send data
2026-04-10 01:25:43,615 - DEBUG - websocket received data
2026-04-10 01:25:43,709 - DEBUG - websocket send data
2026-04-10 01:25:44,060 - DEBUG - websocket received data
2026-04-10 01:25:44,132 - DEBUG - websocket send data
2026-04-10 01:25:44,411 - DEBUG - websocket received data
2026-04-10 01:25:44,437 - DEBUG - websocket send data
2026-04-10 01:25:44,566 - INFO - 2021-12-13 16:00:00-持仓: 0，浮动盈亏: 0.0, 合约：CFFEX.IC2112， 剩余天数: 4
2026-04-10 01:25:46,002 - INFO - 2021-12-14 16:00:00-持仓: 0，浮动盈亏: 0.0, 合约：CFFEX.IC2112， 剩余天数: 3
2026-04-10 01:25:46,999 - INFO - 【主力切换】CFFEX.IC2112 → CFFEX.IC2201  | 时间: 2021-12-15 18:00:00.000000
2026-04-10 01:25:47,006 - DEBUG - websocket send data
2026-04-10 01:25:47,238 - DEBUG - websocket received data
2026-04-10 01:25:47,239 - DEBUG - websocket send data
2026-04-10 01:25:47,240 - DEBUG - websocket send data
2026-04-10 01:25:47,240 - DEBUG - websocket send data
2026-04-10 01:25:47,460 - DEBUG - websocket received data
2026-04-10 01:25:47,461 - DEBUG - websocket send data
2026-04-10 01:25:47,686 - DEBUG - websocket received data
2026-04-10 01:25:47,687 - DEBUG - websocket send data
2026-04-10 01:25:47,688 - DEBUG - websocket send data
2026-04-10 01:25:47,688 - DEBUG - websocket send data
2026-04-10 01:25:48,205 - DEBUG - websocket received data
2026-04-10 01:25:48,205 - DEBUG - websocket send data
2026-04-10 01:25:48,435 - DEBUG - websocket received data
2026-04-10 01:25:48,436 - DEBUG - websocket send data
2026-04-10 01:25:48,437 - DEBUG - websocket send data
2026-04-10 01:25:48,437 - DEBUG - websocket send data
2026-04-10 01:25:48,667 - DEBUG - websocket received data
2026-04-10 01:25:48,668 - DEBUG - websocket send data
2026-04-10 01:25:48,897 - DEBUG - websocket received data
2026-04-10 01:25:48,898 - DEBUG - websocket send data
2026-04-10 01:25:49,230 - DEBUG - websocket received data
2026-04-10 01:25:49,270 - DEBUG - websocket send data
2026-04-10 01:25:49,546 - DEBUG - websocket received data
2026-04-10 01:25:49,663 - DEBUG - websocket send data
2026-04-10 01:25:49,664 - DEBUG - websocket send data
2026-04-10 01:25:50,000 - DEBUG - websocket received data
2026-04-10 01:25:50,041 - DEBUG - websocket send data
2026-04-10 01:25:50,379 - DEBUG - websocket received data
2026-04-10 01:25:50,419 - DEBUG - websocket send data
2026-04-10 01:25:50,647 - DEBUG - websocket received data
2026-04-10 01:25:50,652 - DEBUG - websocket send data
2026-04-10 01:25:50,658 - DEBUG - websocket send data
2026-04-10 01:25:51,052 - INFO - 2021-12-15 16:00:00-持仓: 0，浮动盈亏: nan, 合约：CFFEX.IC2201， 剩余天数: 37
2026-04-10 01:25:51,060 - DEBUG - websocket received data
2026-04-10 01:25:51,062 - DEBUG - websocket send data
2026-04-10 01:25:52,201 - INFO - 2021-12-16 16:00:00-持仓: 0，浮动盈亏: nan, 合约：CFFEX.IC2201， 剩余天数: 36
2026-04-10 01:25:53,272 - DEBUG - websocket send data
2026-04-10 01:25:53,273 - DEBUG - websocket send data
2026-04-10 01:25:53,320 - INFO - 2021-12-19 16:00:00-持仓: 0，浮动盈亏: nan, 合约：CFFEX.IC2201， 剩余天数: 35
2026-04-10 01:25:53,503 - DEBUG - websocket received data
2026-04-10 01:25:53,504 - DEBUG - websocket send data
2026-04-10 01:25:53,736 - DEBUG - websocket received data
2026-04-10 01:25:53,737 - DEBUG - websocket send data
2026-04-10 01:25:54,161 - INFO - 2021-12-20 16:00:00-持仓: 0，浮动盈亏: nan, 合约：CFFEX.IC2201， 剩余天数: 32
2026-04-10 01:25:55,001 - INFO - 2021-12-21 16:00:00-持仓: 0，浮动盈亏: nan, 合约：CFFEX.IC2201， 剩余天数: 31
2026-04-10 01:25:56,232 - INFO - 2021-12-22 16:00:00-持仓: 0，浮动盈亏: nan, 合约：CFFEX.IC2201， 剩余天数: 30
2026-04-10 01:25:57,678 - INFO - 2021-12-23 16:00:00-持仓: 0，浮动盈亏: nan, 合约：CFFEX.IC2201， 剩余天数: 29
2026-04-10 01:25:58,744 - INFO - 2021-12-26 16:00:00-持仓: 0，浮动盈亏: nan, 合约：CFFEX.IC2201， 剩余天数: 28
2026-04-10 01:25:59,622 - INFO - 2021-12-27 16:00:00-持仓: 0，浮动盈亏: nan, 合约：CFFEX.IC2201， 剩余天数: 25
2026-04-10 01:26:00,498 - INFO - 2021-12-28 16:00:00-持仓: 0，浮动盈亏: nan, 合约：CFFEX.IC2201， 剩余天数: 24
2026-04-10 01:26:01,376 - INFO - 2021-12-29 16:00:00-持仓: 0，浮动盈亏: nan, 合约：CFFEX.IC2201， 剩余天数: 23
2026-04-10 01:26:02,295 - INFO - 2021-12-30 16:00:00-持仓: 0，浮动盈亏: nan, 合约：CFFEX.IC2201， 剩余天数: 22
2026-04-10 01:26:03,200 - INFO - 2022-01-03 16:00:00-持仓: 0，浮动盈亏: nan, 合约：CFFEX.IC2201， 剩余天数: 18
2026-04-10 01:26:04,089 - INFO - 2022-01-04 16:00:00-持仓: 0，浮动盈亏: nan, 合约：CFFEX.IC2201， 剩余天数: 17
2026-04-10 01:26:04,936 - INFO - 2022-01-05 16:00:00-持仓: 0，浮动盈亏: nan, 合约：CFFEX.IC2201， 剩余天数: 16
2026-04-10 01:26:05,906 - INFO - 2022-01-06 16:00:00-持仓: 0，浮动盈亏: nan, 合约：CFFEX.IC2201， 剩余天数: 15
2026-04-10 01:26:06,762 - INFO - 2022-01-09 16:00:00-持仓: 0，浮动盈亏: nan, 合约：CFFEX.IC2201， 剩余天数: 14
2026-04-10 01:26:07,604 - INFO - 2022-01-10 16:00:00-持仓: 0，浮动盈亏: nan, 合约：CFFEX.IC2201， 剩余天数: 11
2026-04-10 01:26:08,819 - INFO - 2022-01-11 16:00:00-持仓: 0，浮动盈亏: nan, 合约：CFFEX.IC2201， 剩余天数: 10
2026-04-10 01:26:10,231 - INFO - 2022-01-12 16:00:00-持仓: 0，浮动盈亏: nan, 合约：CFFEX.IC2201， 剩余天数: 9
2026-04-10 01:26:11,416 - INFO - 2022-01-13 16:00:00-持仓: 0，浮动盈亏: nan, 合约：CFFEX.IC2201， 剩余天数: 8
2026-04-10 01:26:12,296 - INFO - 2022-01-16 16:00:00-持仓: 0，浮动盈亏: nan, 合约：CFFEX.IC2201， 剩余天数: 7
2026-04-10 01:26:13,160 - INFO - 2022-01-17 16:00:00-持仓: 0，浮动盈亏: nan, 合约：CFFEX.IC2201， 剩余天数: 4
2026-04-10 01:26:13,985 - INFO - 2022-01-18 16:00:00-持仓: 0，浮动盈亏: nan, 合约：CFFEX.IC2201， 剩余天数: 3
2026-04-10 01:26:14,812 - INFO - 【主力切换】CFFEX.IC2201 → CFFEX.IC2202  | 时间: 2022-01-19 18:00:00.000000
2026-04-10 01:26:14,818 - DEBUG - websocket send data
2026-04-10 01:26:15,052 - DEBUG - websocket received data
2026-04-10 01:26:15,053 - DEBUG - websocket send data
2026-04-10 01:26:15,054 - DEBUG - websocket send data
2026-04-10 01:26:15,054 - DEBUG - websocket send data
2026-04-10 01:26:15,280 - DEBUG - websocket received data
2026-04-10 01:26:15,280 - DEBUG - websocket send data
2026-04-10 01:26:15,502 - DEBUG - websocket received data
2026-04-10 01:26:15,503 - DEBUG - websocket send data
2026-04-10 01:26:15,503 - DEBUG - websocket send data
2026-04-10 01:26:15,503 - DEBUG - websocket send data
2026-04-10 01:26:16,009 - DEBUG - websocket received data
2026-04-10 01:26:16,010 - DEBUG - websocket send data
2026-04-10 01:26:16,231 - DEBUG - websocket received data
2026-04-10 01:26:16,232 - DEBUG - websocket send data
2026-04-10 01:26:16,233 - DEBUG - websocket send data
2026-04-10 01:26:16,233 - DEBUG - websocket send data
2026-04-10 01:26:16,467 - DEBUG - websocket received data
2026-04-10 01:26:16,468 - DEBUG - websocket send data
2026-04-10 01:26:16,697 - DEBUG - websocket received data
2026-04-10 01:26:16,697 - DEBUG - websocket send data
2026-04-10 01:26:17,025 - DEBUG - websocket received data
2026-04-10 01:26:17,070 - DEBUG - websocket send data
2026-04-10 01:26:17,370 - DEBUG - websocket received data
2026-04-10 01:26:17,522 - DEBUG - websocket send data
2026-04-10 01:26:17,523 - DEBUG - websocket send data
2026-04-10 01:26:17,854 - DEBUG - websocket received data
2026-04-10 01:26:17,895 - DEBUG - websocket send data
2026-04-10 01:26:18,167 - DEBUG - websocket received data
2026-04-10 01:26:18,187 - DEBUG - websocket send data
2026-04-10 01:26:18,194 - DEBUG - websocket send data
2026-04-10 01:26:18,652 - INFO - 2022-01-19 16:00:00-持仓: 0，浮动盈亏: nan, 合约：CFFEX.IC2202， 剩余天数: 30
2026-04-10 01:26:18,661 - DEBUG - websocket received data
2026-04-10 01:26:18,663 - DEBUG - websocket send data
2026-04-10 01:26:19,621 - INFO - 2022-01-20 16:00:00-持仓: 0，浮动盈亏: nan, 合约：CFFEX.IC2202， 剩余天数: 29
2026-04-10 01:26:20,506 - DEBUG - websocket send data
2026-04-10 01:26:20,506 - DEBUG - websocket send data
2026-04-10 01:26:20,552 - INFO - 2022-01-23 16:00:00-持仓: 0，浮动盈亏: nan, 合约：CFFEX.IC2202， 剩余天数: 28
2026-04-10 01:26:20,730 - DEBUG - websocket received data
2026-04-10 01:26:20,732 - DEBUG - websocket send data
2026-04-10 01:26:20,965 - DEBUG - websocket received data
2026-04-10 01:26:20,967 - DEBUG - websocket send data
2026-04-10 01:26:21,760 - INFO - 2022-01-24 16:00:00-持仓: 0，浮动盈亏: nan, 合约：CFFEX.IC2202， 剩余天数: 25
2026-04-10 01:26:23,204 - INFO - 2022-01-25 16:00:00-持仓: 0，浮动盈亏: nan, 合约：CFFEX.IC2202， 剩余天数: 24
2026-04-10 01:26:24,256 - INFO - 2022-01-26 16:00:00-持仓: 0，浮动盈亏: nan, 合约：CFFEX.IC2202， 剩余天数: 23
2026-04-10 01:26:25,108 - INFO - 2022-01-27 16:00:00-持仓: 0，浮动盈亏: nan, 合约：CFFEX.IC2202， 剩余天数: 22
2026-04-10 01:26:25,972 - INFO - 2022-02-06 16:00:00-持仓: 0，浮动盈亏: nan, 合约：CFFEX.IC2202， 剩余天数: 14
2026-04-10 01:26:26,837 - INFO - 2022-02-07 16:00:00-持仓: 0，浮动盈亏: nan, 合约：CFFEX.IC2202， 剩余天数: 11
2026-04-10 01:26:27,720 - INFO - 2022-02-08 16:00:00-持仓: 0，浮动盈亏: nan, 合约：CFFEX.IC2202， 剩余天数: 10
2026-04-10 01:26:28,597 - INFO - 2022-02-09 16:00:00-持仓: 0，浮动盈亏: nan, 合约：CFFEX.IC2202， 剩余天数: 9
2026-04-10 01:26:29,529 - INFO - 2022-02-10 16:00:00-持仓: 0，浮动盈亏: nan, 合约：CFFEX.IC2202， 剩余天数: 8
2026-04-10 01:26:30,388 - INFO - 2022-02-13 16:00:00-持仓: 0，浮动盈亏: nan, 合约：CFFEX.IC2202， 剩余天数: 7
2026-04-10 01:26:31,260 - INFO - 2022-02-14 16:00:00-持仓: 0，浮动盈亏: nan, 合约：CFFEX.IC2202， 剩余天数: 4
2026-04-10 01:26:32,115 - INFO - 2022-02-15 16:00:00-持仓: 0，浮动盈亏: nan, 合约：CFFEX.IC2202， 剩余天数: 3
2026-04-10 01:26:32,822 - DEBUG - websocket send data
2026-04-10 01:26:32,945 - INFO - 【主力切换】CFFEX.IC2202 → CFFEX.IC2203  | 时间: 2022-02-16 18:00:00.000000
2026-04-10 01:26:32,953 - DEBUG - websocket send data
2026-04-10 01:26:33,165 - DEBUG - websocket received data
2026-04-10 01:26:33,210 - DEBUG - websocket send data
2026-04-10 01:26:33,439 - DEBUG - websocket received data
2026-04-10 01:26:33,440 - DEBUG - websocket send data
2026-04-10 01:26:33,441 - DEBUG - websocket send data
2026-04-10 01:26:33,441 - DEBUG - websocket send data
2026-04-10 01:26:33,784 - DEBUG - websocket received data
2026-04-10 01:26:33,870 - DEBUG - websocket send data
2026-04-10 01:26:34,088 - DEBUG - websocket received data
2026-04-10 01:26:34,091 - DEBUG - websocket send data
2026-04-10 01:26:34,438 - DEBUG - websocket received data
2026-04-10 01:26:34,511 - DEBUG - websocket send data
2026-04-10 01:26:34,737 - DEBUG - websocket received data
2026-04-10 01:26:34,739 - DEBUG - websocket send data
2026-04-10 01:26:34,740 - DEBUG - websocket send data
2026-04-10 01:26:34,740 - DEBUG - websocket send data
2026-04-10 01:26:34,994 - DEBUG - websocket received data
2026-04-10 01:26:35,020 - DEBUG - websocket send data
2026-04-10 01:26:35,248 - DEBUG - websocket received data
2026-04-10 01:26:35,249 - DEBUG - websocket send data
2026-04-10 01:26:35,481 - DEBUG - websocket received data
2026-04-10 01:26:35,483 - DEBUG - websocket send data
2026-04-10 01:26:35,484 - DEBUG - websocket send data
2026-04-10 01:26:35,484 - DEBUG - websocket send data
2026-04-10 01:26:35,716 - DEBUG - websocket received data
2026-04-10 01:26:35,717 - DEBUG - websocket send data
2026-04-10 01:26:35,945 - DEBUG - websocket received data
2026-04-10 01:26:35,946 - DEBUG - websocket send data
2026-04-10 01:26:36,284 - DEBUG - websocket received data
2026-04-10 01:26:36,323 - DEBUG - websocket send data
2026-04-10 01:26:36,660 - DEBUG - websocket received data
2026-04-10 01:26:36,704 - DEBUG - websocket send data
2026-04-10 01:26:37,038 - DEBUG - websocket received data
2026-04-10 01:26:40,305 - DEBUG - websocket send data
2026-04-10 01:26:41,008 - DEBUG - websocket received data
2026-04-10 01:26:41,316 - DEBUG - websocket send data
2026-04-10 01:26:41,316 - DEBUG - websocket send data
2026-04-10 01:26:41,661 - DEBUG - websocket received data
2026-04-10 01:26:41,701 - DEBUG - websocket send data
2026-04-10 01:26:42,016 - DEBUG - websocket received data
2026-04-10 01:26:42,047 - DEBUG - websocket send data
2026-04-10 01:26:42,059 - DEBUG - websocket send data
2026-04-10 01:26:42,915 - INFO - 2022-02-16 16:00:00-持仓: 0，浮动盈亏: nan, 合约：CFFEX.IC2203， 剩余天数: 30
2026-04-10 01:26:42,927 - DEBUG - websocket received data
2026-04-10 01:26:42,929 - DEBUG - websocket send data
2026-04-10 01:26:43,885 - INFO - 2022-02-17 16:00:00-持仓: 0，浮动盈亏: nan, 合约：CFFEX.IC2203， 剩余天数: 29
2026-04-10 01:26:44,769 - DEBUG - websocket send data
2026-04-10 01:26:44,770 - DEBUG - websocket send data
2026-04-10 01:26:44,814 - INFO - 2022-02-20 16:00:00-持仓: 0，浮动盈亏: nan, 合约：CFFEX.IC2203， 剩余天数: 28
2026-04-10 01:26:45,004 - DEBUG - websocket received data
2026-04-10 01:26:45,005 - DEBUG - websocket send data
2026-04-10 01:26:45,238 - DEBUG - websocket received data
2026-04-10 01:26:45,239 - DEBUG - websocket send data
2026-04-10 01:26:45,836 - INFO - 2022-02-21 16:00:00-持仓: 0，浮动盈亏: nan, 合约：CFFEX.IC2203， 剩余天数: 25
2026-04-10 01:26:47,258 - INFO - 2022-02-22 16:00:00-持仓: 0，浮动盈亏: nan, 合约：CFFEX.IC2203， 剩余天数: 24
2026-04-10 01:26:48,549 - INFO - 2022-02-23 16:00:00-持仓: 0，浮动盈亏: nan, 合约：CFFEX.IC2203， 剩余天数: 23
2026-04-10 01:26:49,412 - INFO - 2022-02-24 16:00:00-持仓: 0，浮动盈亏: nan, 合约：CFFEX.IC2203， 剩余天数: 22
2026-04-10 01:26:50,280 - INFO - 2022-02-27 16:00:00-持仓: 0，浮动盈亏: nan, 合约：CFFEX.IC2203， 剩余天数: 21
2026-04-10 01:26:51,143 - INFO - 2022-02-28 16:00:00-持仓: 0，浮动盈亏: nan, 合约：CFFEX.IC2203， 剩余天数: 18
2026-04-10 01:26:51,990 - INFO - 2022-03-01 16:00:00-持仓: 0，浮动盈亏: nan, 合约：CFFEX.IC2203， 剩余天数: 17
2026-04-10 01:26:52,820 - INFO - 2022-03-02 16:00:00-持仓: 0，浮动盈亏: nan, 合约：CFFEX.IC2203， 剩余天数: 16
2026-04-10 01:26:53,683 - INFO - 2022-03-03 16:00:00-持仓: 0，浮动盈亏: nan, 合约：CFFEX.IC2203， 剩余天数: 15
2026-04-10 01:26:54,535 - INFO - 2022-03-06 16:00:00-持仓: 0，浮动盈亏: nan, 合约：CFFEX.IC2203， 剩余天数: 14
2026-04-10 01:26:55,405 - INFO - 2022-03-07 16:00:00-持仓: 0，浮动盈亏: nan, 合约：CFFEX.IC2203， 剩余天数: 11
2026-04-10 01:26:56,292 - INFO - 2022-03-08 16:00:00-持仓: 0，浮动盈亏: nan, 合约：CFFEX.IC2203， 剩余天数: 10
2026-04-10 01:26:57,152 - INFO - 2022-03-09 16:00:00-持仓: 0，浮动盈亏: nan, 合约：CFFEX.IC2203， 剩余天数: 9
2026-04-10 01:26:58,007 - INFO - 🔍【贴水监控】2022-03-10 16:00:00 当前年化贴水 32.36% 处于历史极高分位: 98.1%
2026-04-10 01:26:58,008 - INFO - 2022-03-10 16:00:00-持仓: 0，浮动盈亏: nan, 合约：CFFEX.IC2203， 剩余天数: 8
2026-04-10 01:26:59,531 - INFO - 2022-03-13 16:00:00-持仓: 0，浮动盈亏: nan, 合约：CFFEX.IC2203， 剩余天数: 7
2026-04-10 01:27:01,020 - INFO - 2022-03-14 16:00:00-持仓: 0，浮动盈亏: nan, 合约：CFFEX.IC2203， 剩余天数: 4
2026-04-10 01:27:01,884 - INFO - 🔍【贴水监控】2022-03-15 16:00:00 当前年化贴水 54.33% 处于历史极高分位: 99.6%
2026-04-10 01:27:01,885 - INFO - 2022-03-15 16:00:00-持仓: 0，浮动盈亏: nan, 合约：CFFEX.IC2203， 剩余天数: 3
2026-04-10 01:27:02,759 - INFO - 【主力切换】CFFEX.IC2203 → CFFEX.IC2204  | 时间: 2022-03-16 18:00:00.000000
2026-04-10 01:27:02,766 - DEBUG - websocket send data
2026-04-10 01:27:02,990 - DEBUG - websocket received data
2026-04-10 01:27:02,991 - DEBUG - websocket send data
2026-04-10 01:27:02,992 - DEBUG - websocket send data
2026-04-10 01:27:02,992 - DEBUG - websocket send data
2026-04-10 01:27:03,216 - DEBUG - websocket received data
2026-04-10 01:27:03,217 - DEBUG - websocket send data
2026-04-10 01:27:03,448 - DEBUG - websocket received data
2026-04-10 01:27:03,449 - DEBUG - websocket send data
2026-04-10 01:27:03,449 - DEBUG - websocket send data
2026-04-10 01:27:03,449 - DEBUG - websocket send data
2026-04-10 01:27:03,680 - DEBUG - websocket received data
2026-04-10 01:27:03,680 - DEBUG - websocket send data
2026-04-10 01:27:03,908 - DEBUG - websocket received data
2026-04-10 01:27:03,909 - DEBUG - websocket send data
2026-04-10 01:27:03,910 - DEBUG - websocket send data
2026-04-10 01:27:03,910 - DEBUG - websocket send data
2026-04-10 01:27:04,145 - DEBUG - websocket received data
2026-04-10 01:27:04,146 - DEBUG - websocket send data
2026-04-10 01:27:04,377 - DEBUG - websocket received data
2026-04-10 01:27:04,378 - DEBUG - websocket send data
2026-04-10 01:27:04,716 - DEBUG - websocket received data
2026-04-10 01:27:04,764 - DEBUG - websocket send data
2026-04-10 01:27:05,044 - DEBUG - websocket received data
2026-04-10 01:27:05,180 - DEBUG - websocket send data
2026-04-10 01:27:05,180 - DEBUG - websocket send data
2026-04-10 01:27:05,515 - DEBUG - websocket received data
2026-04-10 01:27:05,556 - DEBUG - websocket send data
2026-04-10 01:27:05,852 - DEBUG - websocket received data
2026-04-10 01:27:05,876 - DEBUG - websocket send data
2026-04-10 01:27:05,881 - DEBUG - websocket send data
2026-04-10 01:27:06,271 - INFO - 2022-03-16 16:00:00-持仓: 0，浮动盈亏: nan, 合约：CFFEX.IC2204， 剩余天数: 30
2026-04-10 01:27:06,278 - DEBUG - websocket received data
2026-04-10 01:27:06,280 - DEBUG - websocket send data
2026-04-10 01:27:07,229 - INFO - 2022-03-17 16:00:00-持仓: 0，浮动盈亏: nan, 合约：CFFEX.IC2204， 剩余天数: 29
2026-04-10 01:27:08,191 - DEBUG - websocket send data
2026-04-10 01:27:08,191 - DEBUG - websocket send data
2026-04-10 01:27:08,241 - INFO - 2022-03-20 16:00:00-持仓: 0，浮动盈亏: nan, 合约：CFFEX.IC2204， 剩余天数: 28
2026-04-10 01:27:08,423 - DEBUG - websocket received data
2026-04-10 01:27:08,424 - DEBUG - websocket send data
2026-04-10 01:27:08,650 - DEBUG - websocket received data
2026-04-10 01:27:08,651 - DEBUG - websocket send data
2026-04-10 01:27:09,136 - INFO - 2022-03-21 16:00:00-持仓: 0，浮动盈亏: nan, 合约：CFFEX.IC2204， 剩余天数: 25
2026-04-10 01:27:09,996 - INFO - 2022-03-22 16:00:00-持仓: 0，浮动盈亏: nan, 合约：CFFEX.IC2204， 剩余天数: 24
2026-04-10 01:27:10,868 - INFO - 2022-03-23 16:00:00-持仓: 0，浮动盈亏: nan, 合约：CFFEX.IC2204， 剩余天数: 23
2026-04-10 01:27:12,326 - INFO - 2022-03-24 16:00:00-持仓: 0，浮动盈亏: nan, 合约：CFFEX.IC2204， 剩余天数: 22
2026-04-10 01:27:13,798 - INFO - 2022-03-27 16:00:00-持仓: 0，浮动盈亏: nan, 合约：CFFEX.IC2204， 剩余天数: 21
2026-04-10 01:27:14,675 - INFO - 2022-03-28 16:00:00-持仓: 0，浮动盈亏: nan, 合约：CFFEX.IC2204， 剩余天数: 18
2026-04-10 01:27:15,554 - INFO - 2022-03-29 16:00:00-持仓: 0，浮动盈亏: nan, 合约：CFFEX.IC2204， 剩余天数: 17
2026-04-10 01:27:16,462 - INFO - 2022-03-30 16:00:00-持仓: 0，浮动盈亏: nan, 合约：CFFEX.IC2204， 剩余天数: 16
2026-04-10 01:27:17,347 - INFO - 2022-03-31 16:00:00-持仓: 0，浮动盈亏: nan, 合约：CFFEX.IC2204， 剩余天数: 15
2026-04-10 01:27:18,244 - INFO - 2022-04-05 16:00:00-持仓: 0，浮动盈亏: nan, 合约：CFFEX.IC2204， 剩余天数: 10
2026-04-10 01:27:19,220 - INFO - 2022-04-06 16:00:00-持仓: 0，浮动盈亏: nan, 合约：CFFEX.IC2204， 剩余天数: 9
2026-04-10 01:27:20,149 - INFO - 🔍【贴水监控】2022-04-07 16:00:00 当前年化贴水 19.20% 处于历史极高分位: 93.1%
2026-04-10 01:27:20,150 - INFO - 2022-04-07 16:00:00-持仓: 0，浮动盈亏: nan, 合约：CFFEX.IC2204， 剩余天数: 8
2026-04-10 01:27:21,058 - INFO - 🔍【贴水监控】2022-04-10 16:00:00 当前年化贴水 31.29% 处于历史极高分位: 97.8%
2026-04-10 01:27:21,059 - INFO - 2022-04-10 16:00:00-持仓: 0，浮动盈亏: nan, 合约：CFFEX.IC2204， 剩余天数: 7
2026-04-10 01:27:21,928 - INFO - 🔍【贴水监控】2022-04-11 16:00:00 当前年化贴水 24.06% 处于历史极高分位: 96.2%
2026-04-10 01:27:21,929 - INFO - 2022-04-11 16:00:00-持仓: 0，浮动盈亏: nan, 合约：CFFEX.IC2204， 剩余天数: 4
2026-04-10 01:27:22,794 - INFO - 2022-04-12 16:00:00-持仓: 0，浮动盈亏: nan, 合约：CFFEX.IC2204， 剩余天数: 3
2026-04-10 01:27:23,795 - INFO - 【主力切换】CFFEX.IC2204 → CFFEX.IC2205  | 时间: 2022-04-13 18:00:00.000000
2026-04-10 01:27:23,805 - DEBUG - websocket send data
2026-04-10 01:27:24,040 - DEBUG - websocket received data
2026-04-10 01:27:24,041 - DEBUG - websocket send data
2026-04-10 01:27:24,041 - DEBUG - websocket send data
2026-04-10 01:27:24,042 - DEBUG - websocket send data
2026-04-10 01:27:24,270 - DEBUG - websocket received data
2026-04-10 01:27:24,271 - DEBUG - websocket send data
2026-04-10 01:27:24,501 - DEBUG - websocket received data
2026-04-10 01:27:24,502 - DEBUG - websocket send data
2026-04-10 01:27:24,503 - DEBUG - websocket send data
2026-04-10 01:27:24,503 - DEBUG - websocket send data
2026-04-10 01:27:24,740 - DEBUG - websocket received data
2026-04-10 01:27:24,740 - DEBUG - websocket send data
2026-04-10 01:27:24,974 - DEBUG - websocket received data
2026-04-10 01:27:24,975 - DEBUG - websocket send data
2026-04-10 01:27:24,976 - DEBUG - websocket send data
2026-04-10 01:27:24,976 - DEBUG - websocket send data
2026-04-10 01:27:25,205 - DEBUG - websocket received data
2026-04-10 01:27:25,206 - DEBUG - websocket send data
2026-04-10 01:27:25,434 - DEBUG - websocket received data
2026-04-10 01:27:25,435 - DEBUG - websocket send data
2026-04-10 01:27:25,773 - DEBUG - websocket received data
2026-04-10 01:27:25,823 - DEBUG - websocket send data
2026-04-10 01:27:26,078 - DEBUG - websocket received data
2026-04-10 01:27:26,194 - DEBUG - websocket send data
2026-04-10 01:27:26,195 - DEBUG - websocket send data
2026-04-10 01:27:26,535 - DEBUG - websocket received data
2026-04-10 01:27:26,579 - DEBUG - websocket send data
2026-04-10 01:27:26,913 - DEBUG - websocket received data
2026-04-10 01:27:26,958 - DEBUG - websocket send data
2026-04-10 01:27:26,963 - DEBUG - websocket send data
2026-04-10 01:27:27,314 - INFO - 2022-04-13 16:00:00-持仓: 0，浮动盈亏: nan, 合约：CFFEX.IC2205， 剩余天数: 37
2026-04-10 01:27:27,322 - DEBUG - websocket received data
2026-04-10 01:27:27,324 - DEBUG - websocket send data
2026-04-10 01:27:28,285 - INFO - 2022-04-14 16:00:00-持仓: 0，浮动盈亏: nan, 合约：CFFEX.IC2205， 剩余天数: 36
2026-04-10 01:27:29,199 - DEBUG - websocket send data
2026-04-10 01:27:29,199 - DEBUG - websocket send data
2026-04-10 01:27:29,244 - INFO - 2022-04-17 16:00:00-持仓: 0，浮动盈亏: nan, 合约：CFFEX.IC2205， 剩余天数: 35
2026-04-10 01:27:29,431 - DEBUG - websocket received data
2026-04-10 01:27:29,432 - DEBUG - websocket send data
2026-04-10 01:27:29,666 - DEBUG - websocket received data
2026-04-10 01:27:29,667 - DEBUG - websocket send data
2026-04-10 01:27:30,098 - INFO - 2022-04-18 16:00:00-持仓: 0，浮动盈亏: nan, 合约：CFFEX.IC2205， 剩余天数: 32
2026-04-10 01:27:30,569 - DEBUG - websocket send data
2026-04-10 01:27:30,905 - DEBUG - websocket received data
2026-04-10 01:27:30,954 - DEBUG - websocket send data
2026-04-10 01:27:31,040 - INFO - 2022-04-19 16:00:00-持仓: 0，浮动盈亏: nan, 合约：CFFEX.IC2205， 剩余天数: 31
2026-04-10 01:27:31,296 - DEBUG - websocket received data
2026-04-10 01:27:31,338 - DEBUG - websocket send data
2026-04-10 01:27:31,675 - DEBUG - websocket received data
2026-04-10 01:27:31,717 - DEBUG - websocket send data
2026-04-10 01:27:31,985 - DEBUG - websocket received data
2026-04-10 01:27:32,001 - DEBUG - websocket send data
2026-04-10 01:27:32,074 - INFO - 2022-04-20 16:00:00-持仓: 0，浮动盈亏: nan, 合约：CFFEX.IC2205， 剩余天数: 30
2026-04-10 01:27:32,972 - INFO - 2022-04-21 16:00:00-持仓: 0，浮动盈亏: nan, 合约：CFFEX.IC2205， 剩余天数: 29
2026-04-10 01:27:33,865 - INFO - 🔍【贴水监控】2022-04-24 16:00:00 当前年化贴水 21.52% 处于历史极高分位: 95.2%
2026-04-10 01:27:33,866 - INFO - 2022-04-24 16:00:00-持仓: 0，浮动盈亏: nan, 合约：CFFEX.IC2205， 剩余天数: 28
2026-04-10 01:27:34,805 - INFO - 2022-04-25 16:00:00-持仓: 0，浮动盈亏: nan, 合约：CFFEX.IC2205， 剩余天数: 25
2026-04-10 01:27:35,851 - INFO - 2022-04-26 16:00:00-持仓: 0，浮动盈亏: nan, 合约：CFFEX.IC2205， 剩余天数: 24
2026-04-10 01:27:37,301 - INFO - 2022-04-27 16:00:00-持仓: 0，浮动盈亏: nan, 合约：CFFEX.IC2205， 剩余天数: 23
2026-04-10 01:27:38,616 - INFO - 2022-04-28 16:00:00-持仓: 0，浮动盈亏: nan, 合约：CFFEX.IC2205， 剩余天数: 22
2026-04-10 01:27:39,452 - INFO - 2022-05-04 16:00:00-持仓: 0，浮动盈亏: nan, 合约：CFFEX.IC2205， 剩余天数: 16
2026-04-10 01:27:40,348 - INFO - 2022-05-05 16:00:00-持仓: 0，浮动盈亏: nan, 合约：CFFEX.IC2205， 剩余天数: 15
2026-04-10 01:27:41,256 - INFO - 🔍【贴水监控】2022-05-08 16:00:00 当前年化贴水 33.75% 处于历史极高分位: 98.3%
2026-04-10 01:27:41,257 - INFO - 2022-05-08 16:00:00-持仓: 0，浮动盈亏: nan, 合约：CFFEX.IC2205， 剩余天数: 14
2026-04-10 01:27:42,133 - INFO - 🔍【贴水监控】2022-05-09 16:00:00 当前年化贴水 32.75% 处于历史极高分位: 98.2%
2026-04-10 01:27:42,134 - INFO - 2022-05-09 16:00:00-持仓: 0，浮动盈亏: nan, 合约：CFFEX.IC2205， 剩余天数: 11
2026-04-10 01:27:43,030 - INFO - 2022-05-10 16:00:00-持仓: 0，浮动盈亏: nan, 合约：CFFEX.IC2205， 剩余天数: 10
2026-04-10 01:27:43,907 - INFO - 🔍【贴水监控】2022-05-11 16:00:00 当前年化贴水 17.59% 处于历史极高分位: 91.5%
2026-04-10 01:27:43,908 - INFO - 2022-05-11 16:00:00-持仓: 0，浮动盈亏: nan, 合约：CFFEX.IC2205， 剩余天数: 9
2026-04-10 01:27:44,770 - INFO - 2022-05-12 16:00:00-持仓: 0，浮动盈亏: nan, 合约：CFFEX.IC2205， 剩余天数: 8
2026-04-10 01:27:45,640 - INFO - 2022-05-15 16:00:00-持仓: 0，浮动盈亏: nan, 合约：CFFEX.IC2205， 剩余天数: 7
2026-04-10 01:27:46,505 - INFO - 🔍【贴水监控】2022-05-16 16:00:00 当前年化贴水 50.31% 处于历史极高分位: 99.5%
2026-04-10 01:27:46,506 - INFO - 2022-05-16 16:00:00-持仓: 0，浮动盈亏: nan, 合约：CFFEX.IC2205， 剩余天数: 4
2026-04-10 01:27:47,437 - INFO - 🔍【贴水监控】2022-05-17 16:00:00 当前年化贴水 36.01% 处于历史极高分位: 98.6%
2026-04-10 01:27:47,438 - INFO - 2022-05-17 16:00:00-持仓: 0，浮动盈亏: nan, 合约：CFFEX.IC2205， 剩余天数: 3
2026-04-10 01:27:48,375 - INFO - 【主力切换】CFFEX.IC2205 → CFFEX.IC2206  | 时间: 2022-05-18 18:00:00.000000
2026-04-10 01:27:48,385 - DEBUG - websocket send data
2026-04-10 01:27:48,619 - DEBUG - websocket received data
2026-04-10 01:27:48,621 - DEBUG - websocket send data
2026-04-10 01:27:48,621 - DEBUG - websocket send data
2026-04-10 01:27:48,622 - DEBUG - websocket send data
2026-04-10 01:27:48,853 - DEBUG - websocket received data
2026-04-10 01:27:48,854 - DEBUG - websocket send data
2026-04-10 01:27:49,080 - DEBUG - websocket received data
2026-04-10 01:27:49,081 - DEBUG - websocket send data
2026-04-10 01:27:49,082 - DEBUG - websocket send data
2026-04-10 01:27:49,082 - DEBUG - websocket send data
2026-04-10 01:27:49,312 - DEBUG - websocket received data
2026-04-10 01:27:49,312 - DEBUG - websocket send data
2026-04-10 01:27:49,544 - DEBUG - websocket received data
2026-04-10 01:27:49,545 - DEBUG - websocket send data
2026-04-10 01:27:49,548 - DEBUG - websocket send data
2026-04-10 01:27:49,548 - DEBUG - websocket send data
2026-04-10 01:27:49,779 - DEBUG - websocket received data
2026-04-10 01:27:49,779 - DEBUG - websocket send data
2026-04-10 01:27:49,997 - DEBUG - websocket received data
2026-04-10 01:27:49,998 - DEBUG - websocket send data
2026-04-10 01:27:50,341 - DEBUG - websocket received data
2026-04-10 01:27:50,388 - DEBUG - websocket send data
2026-04-10 01:27:50,723 - DEBUG - websocket received data
2026-04-10 01:27:50,769 - DEBUG - websocket send data
2026-04-10 01:27:51,102 - DEBUG - websocket received data
2026-04-10 01:27:51,149 - DEBUG - websocket send data
2026-04-10 01:27:51,412 - DEBUG - websocket received data
2026-04-10 01:27:51,672 - DEBUG - websocket send data
2026-04-10 01:27:51,672 - DEBUG - websocket send data
2026-04-10 01:27:52,009 - DEBUG - websocket received data
2026-04-10 01:27:52,066 - DEBUG - websocket send data
2026-04-10 01:27:52,373 - DEBUG - websocket received data
2026-04-10 01:27:52,402 - DEBUG - websocket send data
2026-04-10 01:27:52,412 - DEBUG - websocket send data
2026-04-10 01:27:53,298 - INFO - 2022-05-18 16:00:00-持仓: 0，浮动盈亏: nan, 合约：CFFEX.IC2206， 剩余天数: 30
2026-04-10 01:27:53,312 - DEBUG - websocket received data
2026-04-10 01:27:53,313 - DEBUG - websocket send data
2026-04-10 01:27:54,287 - INFO - 🚨【贴水报警】合约: CFFEX.IC2206 时间: 2022-05-19 16:00:00 | 期货收盘: 5802.00 | 指数收盘: 5854.01 | 年化贴水: 11.18 (分位: 77.5%) | 动态阈值: 10.64 | 指数SMA(20): 5673.46
2026-04-10 01:27:54,287 - INFO - ✅ 已下达【买入 1 手】指令，等待成交...
    INFO - 模拟交易下单 bigo, PYSDK_target_c431fa200d5fa5fb2e3ab37819c7db99: 时间: 2022-05-20 09:30:00.000000, 合约: CFFEX.IC2206, 开平: OPEN, 方向: BUY, 手数: 1, 价格: 5802.2
2026-04-10 01:27:54,293 - DEBUG - insert order
    INFO - 模拟交易委托单 bigo, PYSDK_target_c431fa200d5fa5fb2e3ab37819c7db99: 全部成交
2026-04-10 01:27:54,293 - DEBUG - insert order
2026-04-10 01:27:54,294 - INFO - --- 交易成功通知 ---
2026-04-10 01:27:54,294 - INFO - Trade时间:2022-05-20 01:30:00.000000, 价格:5802.2, 数量:1, 买卖方向:BUY
2026-04-10 01:27:54,294 - INFO - 目标持仓已达成，查询结束。
2026-04-10 01:27:55,656 - DEBUG - websocket send data
2026-04-10 01:27:55,657 - DEBUG - websocket send data
2026-04-10 01:27:55,891 - DEBUG - websocket received data
2026-04-10 01:27:55,892 - DEBUG - websocket send data
2026-04-10 01:27:56,119 - DEBUG - websocket received data
2026-04-10 01:27:56,119 - DEBUG - websocket send data
2026-04-10 01:27:57,063 - INFO - 🔍【贴水监控】2022-05-23 16:00:00 当前年化贴水 20.61% 处于历史极高分位: 94.3%
2026-04-10 01:27:59,617 - INFO - 🔍【贴水监控】2022-05-25 16:00:00 当前年化贴水 24.11% 处于历史极高分位: 96.3%
2026-04-10 01:28:04,671 - INFO - 🔍【贴水监控】2022-05-30 16:00:00 当前年化贴水 26.41% 处于历史极高分位: 96.7%
2026-04-10 01:28:05,999 - INFO - 🔍【贴水监控】2022-05-31 16:00:00 当前年化贴水 18.71% 处于历史极高分位: 92.5%
2026-04-10 01:28:07,283 - INFO - 🔍【贴水监控】2022-06-01 16:00:00 当前年化贴水 20.00% 处于历史极高分位: 94.0%
2026-04-10 01:28:09,929 - INFO - 🔍【贴水监控】2022-06-06 16:00:00 当前年化贴水 20.26% 处于历史极高分位: 94.2%
2026-04-10 01:28:12,549 - INFO - 🔍【贴水监控】2022-06-08 16:00:00 当前年化贴水 17.33% 处于历史极高分位: 91.0%
2026-04-10 01:28:14,655 - INFO - 💰【止盈平仓】合约: CFFEX.IC2206 达到止盈条件 (修复率: 87.26%)，触发平仓。
    INFO - 模拟交易下单 bigo, PYSDK_target_019559b4c51610c0ffc3031bdf9ff3ba: 时间: 2022-06-10 09:30:00.000000, 合约: CFFEX.IC2206, 开平: CLOSE, 方向: SELL, 手数: 1, 价格: 6079.8
2026-04-10 01:28:14,664 - DEBUG - insert order
    INFO - 模拟交易委托单 bigo, PYSDK_target_019559b4c51610c0ffc3031bdf9ff3ba: 全部成交
2026-04-10 01:28:14,664 - DEBUG - insert order
2026-04-10 01:28:14,666 - INFO - --- 交易成功通知 ---
2026-04-10 01:28:14,666 - INFO - Trade时间:2022-06-10 01:30:00.000000, 价格:6079.8, 数量:1, 买卖方向:SELL
2026-04-10 01:28:16,104 - INFO - 2022-06-12 16:00:00-持仓: 0，浮动盈亏: 0.0, 合约：CFFEX.IC2206， 剩余天数: 7
2026-04-10 01:28:17,131 - INFO - 2022-06-13 16:00:00-持仓: 0，浮动盈亏: 0.0, 合约：CFFEX.IC2206， 剩余天数: 4
2026-04-10 01:28:18,178 - INFO - 2022-06-14 16:00:00-持仓: 0，浮动盈亏: 0.0, 合约：CFFEX.IC2206， 剩余天数: 3
2026-04-10 01:28:19,416 - INFO - 【主力切换】CFFEX.IC2206 → CFFEX.IC2207  | 时间: 2022-06-15 18:00:00.000000
2026-04-10 01:28:19,422 - DEBUG - websocket send data
2026-04-10 01:28:19,656 - DEBUG - websocket received data
2026-04-10 01:28:19,657 - DEBUG - websocket send data
2026-04-10 01:28:19,657 - DEBUG - websocket send data
2026-04-10 01:28:19,657 - DEBUG - websocket send data
2026-04-10 01:28:19,880 - DEBUG - websocket received data
2026-04-10 01:28:19,880 - DEBUG - websocket send data
2026-04-10 01:28:20,104 - DEBUG - websocket received data
2026-04-10 01:28:20,105 - DEBUG - websocket send data
2026-04-10 01:28:20,105 - DEBUG - websocket send data
2026-04-10 01:28:20,105 - DEBUG - websocket send data
2026-04-10 01:28:20,337 - DEBUG - websocket received data
2026-04-10 01:28:20,337 - DEBUG - websocket send data
2026-04-10 01:28:20,563 - DEBUG - websocket received data
2026-04-10 01:28:20,564 - DEBUG - websocket send data
2026-04-10 01:28:20,565 - DEBUG - websocket send data
2026-04-10 01:28:20,565 - DEBUG - websocket send data
2026-04-10 01:28:20,786 - DEBUG - websocket received data
2026-04-10 01:28:20,786 - DEBUG - websocket send data
2026-04-10 01:28:21,013 - DEBUG - websocket received data
2026-04-10 01:28:21,014 - DEBUG - websocket send data
2026-04-10 01:28:21,364 - DEBUG - websocket received data
2026-04-10 01:28:21,410 - DEBUG - websocket send data
2026-04-10 01:28:21,666 - DEBUG - websocket received data
2026-04-10 01:28:21,773 - DEBUG - websocket send data
2026-04-10 01:28:21,774 - DEBUG - websocket send data
2026-04-10 01:28:22,110 - DEBUG - websocket received data
2026-04-10 01:28:22,153 - DEBUG - websocket send data
2026-04-10 01:28:22,467 - DEBUG - websocket received data
2026-04-10 01:28:22,499 - DEBUG - websocket send data
2026-04-10 01:28:22,503 - DEBUG - websocket send data
2026-04-10 01:28:22,848 - INFO - 2022-06-15 16:00:00-持仓: 0，浮动盈亏: nan, 合约：CFFEX.IC2207， 剩余天数: 30
2026-04-10 01:28:22,855 - DEBUG - websocket received data
2026-04-10 01:28:22,857 - DEBUG - websocket send data
2026-04-10 01:28:24,000 - INFO - 2022-06-16 16:00:00-持仓: 0，浮动盈亏: nan, 合约：CFFEX.IC2207， 剩余天数: 29
2026-04-10 01:28:25,116 - DEBUG - websocket send data
2026-04-10 01:28:25,117 - DEBUG - websocket send data
2026-04-10 01:28:25,162 - INFO - 2022-06-19 16:00:00-持仓: 0，浮动盈亏: nan, 合约：CFFEX.IC2207， 剩余天数: 28
2026-04-10 01:28:25,348 - DEBUG - websocket received data
2026-04-10 01:28:25,349 - DEBUG - websocket send data
2026-04-10 01:28:25,574 - DEBUG - websocket received data
2026-04-10 01:28:25,576 - DEBUG - websocket send data
2026-04-10 01:28:26,420 - INFO - 🚨【贴水报警】合约: CFFEX.IC2207 时间: 2022-06-20 16:00:00 | 期货收盘: 6271.00 | 指数收盘: 6324.84 | 年化贴水: 12.43 (分位: 81.1%) | 动态阈值: 10.64 | 指数SMA(20): 6122.09
2026-04-10 01:28:26,420 - INFO - ✅ 已下达【买入 1 手】指令，等待成交...
    INFO - 模拟交易下单 bigo, PYSDK_target_645d570560b123152b671121aee4ef5d: 时间: 2022-06-21 09:30:00.000000, 合约: CFFEX.IC2207, 开平: OPEN, 方向: BUY, 手数: 1, 价格: 6265.8
2026-04-10 01:28:26,428 - DEBUG - insert order
    INFO - 模拟交易委托单 bigo, PYSDK_target_645d570560b123152b671121aee4ef5d: 全部成交
2026-04-10 01:28:26,428 - DEBUG - insert order
2026-04-10 01:28:26,429 - INFO - --- 交易成功通知 ---
2026-04-10 01:28:26,429 - INFO - Trade时间:2022-06-21 01:30:00.000000, 价格:6265.8, 数量:1, 买卖方向:BUY
2026-04-10 01:28:26,430 - INFO - 目标持仓已达成，查询结束。
2026-04-10 01:28:28,782 - DEBUG - websocket send data
2026-04-10 01:28:29,123 - DEBUG - websocket received data
2026-04-10 01:28:29,164 - DEBUG - websocket send data
2026-04-10 01:28:29,496 - DEBUG - websocket received data
2026-04-10 01:28:29,541 - DEBUG - websocket send data
2026-04-10 01:28:29,914 - DEBUG - websocket received data
2026-04-10 01:28:29,962 - DEBUG - websocket send data
2026-04-10 01:28:30,225 - DEBUG - websocket received data
2026-04-10 01:28:30,240 - DEBUG - websocket send data
2026-04-10 01:28:35,223 - INFO - 💰【止盈平仓】合约: CFFEX.IC2207 达到止盈条件 (修复率: 75.55%)，触发平仓。
    INFO - 模拟交易下单 bigo, PYSDK_target_1e264a34177b510b03073f3561810912: 时间: 2022-06-29 09:30:00.000000, 合约: CFFEX.IC2207, 开平: CLOSE, 方向: SELL, 手数: 1, 价格: 6467.8
2026-04-10 01:28:35,228 - DEBUG - insert order
    INFO - 模拟交易委托单 bigo, PYSDK_target_1e264a34177b510b03073f3561810912: 全部成交
2026-04-10 01:28:35,229 - DEBUG - insert order
2026-04-10 01:28:35,230 - INFO - --- 交易成功通知 ---
2026-04-10 01:28:35,230 - INFO - Trade时间:2022-06-29 01:30:00.000000, 价格:6467.8, 数量:1, 买卖方向:SELL
2026-04-10 01:28:36,330 - INFO - 2022-06-29 16:00:00-持仓: 0，浮动盈亏: 0.0, 合约：CFFEX.IC2207， 剩余天数: 16
2026-04-10 01:28:37,374 - INFO - 2022-06-30 16:00:00-持仓: 0，浮动盈亏: 0.0, 合约：CFFEX.IC2207， 剩余天数: 15
2026-04-10 01:28:38,584 - INFO - 2022-07-03 16:00:00-持仓: 0，浮动盈亏: 0.0, 合约：CFFEX.IC2207， 剩余天数: 14
2026-04-10 01:28:40,435 - INFO - 2022-07-04 16:00:00-持仓: 0，浮动盈亏: 0.0, 合约：CFFEX.IC2207， 剩余天数: 11
2026-04-10 01:28:41,790 - INFO - 🔍【贴水监控】2022-07-05 16:00:00 当前年化贴水 18.57% 处于历史极高分位: 92.5%
2026-04-10 01:28:41,791 - INFO - 2022-07-05 16:00:00-持仓: 0，浮动盈亏: 0.0, 合约：CFFEX.IC2207， 剩余天数: 10
2026-04-10 01:28:42,921 - INFO - 2022-07-06 16:00:00-持仓: 0，浮动盈亏: 0.0, 合约：CFFEX.IC2207， 剩余天数: 9
2026-04-10 01:28:44,077 - INFO - 🔍【贴水监控】2022-07-07 16:00:00 当前年化贴水 18.52% 处于历史极高分位: 92.3%
2026-04-10 01:28:44,078 - INFO - 2022-07-07 16:00:00-持仓: 0，浮动盈亏: 0.0, 合约：CFFEX.IC2207， 剩余天数: 8
2026-04-10 01:28:45,198 - INFO - 🔍【贴水监控】2022-07-10 16:00:00 当前年化贴水 17.02% 处于历史极高分位: 90.5%
2026-04-10 01:28:45,199 - INFO - 2022-07-10 16:00:00-持仓: 0，浮动盈亏: 0.0, 合约：CFFEX.IC2207， 剩余天数: 7
2026-04-10 01:28:46,422 - INFO - 2022-07-11 16:00:00-持仓: 0，浮动盈亏: 0.0, 合约：CFFEX.IC2207， 剩余天数: 4
2026-04-10 01:28:47,535 - INFO - 2022-07-12 16:00:00-持仓: 0，浮动盈亏: 0.0, 合约：CFFEX.IC2207， 剩余天数: 3
2026-04-10 01:28:48,659 - INFO - 【主力切换】CFFEX.IC2207 → CFFEX.IC2208  | 时间: 2022-07-13 18:00:00.000000
2026-04-10 01:28:48,666 - DEBUG - websocket send data
2026-04-10 01:28:48,899 - DEBUG - websocket received data
2026-04-10 01:28:48,901 - DEBUG - websocket send data
2026-04-10 01:28:48,901 - DEBUG - websocket send data
2026-04-10 01:28:48,902 - DEBUG - websocket send data
2026-04-10 01:28:49,127 - DEBUG - websocket received data
2026-04-10 01:28:49,128 - DEBUG - websocket send data
2026-04-10 01:28:49,360 - DEBUG - websocket received data
2026-04-10 01:28:49,361 - DEBUG - websocket send data
2026-04-10 01:28:49,362 - DEBUG - websocket send data
2026-04-10 01:28:49,362 - DEBUG - websocket send data
2026-04-10 01:28:49,594 - DEBUG - websocket received data
2026-04-10 01:28:49,595 - DEBUG - websocket send data
2026-04-10 01:28:49,819 - DEBUG - websocket received data
2026-04-10 01:28:49,820 - DEBUG - websocket send data
2026-04-10 01:28:49,821 - DEBUG - websocket send data
2026-04-10 01:28:49,821 - DEBUG - websocket send data
2026-04-10 01:28:50,051 - DEBUG - websocket received data
2026-04-10 01:28:50,052 - DEBUG - websocket send data
2026-04-10 01:28:50,277 - DEBUG - websocket received data
2026-04-10 01:28:50,278 - DEBUG - websocket send data
2026-04-10 01:28:50,617 - DEBUG - websocket received data
2026-04-10 01:28:50,661 - DEBUG - websocket send data
2026-04-10 01:28:50,937 - DEBUG - websocket received data
2026-04-10 01:28:51,085 - DEBUG - websocket send data
2026-04-10 01:28:51,086 - DEBUG - websocket send data
2026-04-10 01:28:51,432 - DEBUG - websocket received data
2026-04-10 01:28:51,504 - DEBUG - websocket send data
2026-04-10 01:28:51,851 - DEBUG - websocket received data
2026-04-10 01:28:51,920 - DEBUG - websocket send data
2026-04-10 01:28:52,169 - DEBUG - websocket received data
2026-04-10 01:28:52,183 - DEBUG - websocket send data
2026-04-10 01:28:52,192 - DEBUG - websocket send data
2026-04-10 01:28:52,850 - INFO - 2022-07-13 16:00:00-持仓: 0，浮动盈亏: nan, 合约：CFFEX.IC2208， 剩余天数: 37
2026-04-10 01:28:52,861 - DEBUG - websocket received data
2026-04-10 01:28:52,863 - DEBUG - websocket send data
2026-04-10 01:28:54,353 - INFO - 2022-07-14 16:00:00-持仓: 0，浮动盈亏: nan, 合约：CFFEX.IC2208， 剩余天数: 36
2026-04-10 01:28:55,569 - DEBUG - websocket send data
2026-04-10 01:28:55,569 - DEBUG - websocket send data
2026-04-10 01:28:55,620 - INFO - 2022-07-17 16:00:00-持仓: 0，浮动盈亏: nan, 合约：CFFEX.IC2208， 剩余天数: 35
2026-04-10 01:28:55,801 - DEBUG - websocket received data
2026-04-10 01:28:55,802 - DEBUG - websocket send data
2026-04-10 01:28:56,035 - DEBUG - websocket received data
2026-04-10 01:28:56,036 - DEBUG - websocket send data
2026-04-10 01:28:56,561 - INFO - 2022-07-18 16:00:00-持仓: 0，浮动盈亏: nan, 合约：CFFEX.IC2208， 剩余天数: 32
2026-04-10 01:28:57,495 - INFO - 2022-07-19 16:00:00-持仓: 0，浮动盈亏: nan, 合约：CFFEX.IC2208， 剩余天数: 31
2026-04-10 01:28:58,464 - INFO - 2022-07-20 16:00:00-持仓: 0，浮动盈亏: nan, 合约：CFFEX.IC2208， 剩余天数: 30
2026-04-10 01:28:59,409 - INFO - 2022-07-21 16:00:00-持仓: 0，浮动盈亏: nan, 合约：CFFEX.IC2208， 剩余天数: 29
2026-04-10 01:29:00,334 - INFO - 2022-07-24 16:00:00-持仓: 0，浮动盈亏: nan, 合约：CFFEX.IC2208， 剩余天数: 28
2026-04-10 01:29:01,274 - INFO - 2022-07-25 16:00:00-持仓: 0，浮动盈亏: nan, 合约：CFFEX.IC2208， 剩余天数: 25
2026-04-10 01:29:02,244 - INFO - 2022-07-26 16:00:00-持仓: 0，浮动盈亏: nan, 合约：CFFEX.IC2208， 剩余天数: 24
2026-04-10 01:29:03,196 - INFO - 2022-07-27 16:00:00-持仓: 0，浮动盈亏: nan, 合约：CFFEX.IC2208， 剩余天数: 23
2026-04-10 01:29:04,761 - INFO - 2022-07-28 16:00:00-持仓: 0，浮动盈亏: nan, 合约：CFFEX.IC2208， 剩余天数: 22
2026-04-10 01:29:06,280 - INFO - 2022-07-31 16:00:00-持仓: 0，浮动盈亏: nan, 合约：CFFEX.IC2208， 剩余天数: 21
2026-04-10 01:29:07,285 - INFO - 2022-08-01 16:00:00-持仓: 0，浮动盈亏: nan, 合约：CFFEX.IC2208， 剩余天数: 18
2026-04-10 01:29:08,228 - INFO - 2022-08-02 16:00:00-持仓: 0，浮动盈亏: nan, 合约：CFFEX.IC2208， 剩余天数: 17
2026-04-10 01:29:09,215 - INFO - 2022-08-03 16:00:00-持仓: 0，浮动盈亏: nan, 合约：CFFEX.IC2208， 剩余天数: 16
2026-04-10 01:29:10,138 - INFO - 2022-08-04 16:00:00-持仓: 0，浮动盈亏: nan, 合约：CFFEX.IC2208， 剩余天数: 15
2026-04-10 01:29:11,064 - INFO - 2022-08-07 16:00:00-持仓: 0，浮动盈亏: nan, 合约：CFFEX.IC2208， 剩余天数: 14
2026-04-10 01:29:12,022 - INFO - 🚨【贴水报警】合约: CFFEX.IC2208 时间: 2022-08-08 16:00:00 | 期货收盘: 6285.00 | 指数收盘: 6314.10 | 年化贴水: 15.29 (分位: 87.9%) | 动态阈值: 10.64 | 指数SMA(20): 6284.26
2026-04-10 01:29:12,023 - INFO - ✅ 已下达【买入 1 手】指令，等待成交...
    INFO - 模拟交易下单 bigo, PYSDK_target_752c4d195f73fc7849c3702043f39419: 时间: 2022-08-09 09:30:00.000000, 合约: CFFEX.IC2208, 开平: OPEN, 方向: BUY, 手数: 1, 价格: 6282.0
2026-04-10 01:29:12,028 - DEBUG - insert order
    INFO - 模拟交易委托单 bigo, PYSDK_target_752c4d195f73fc7849c3702043f39419: 全部成交
2026-04-10 01:29:12,028 - DEBUG - insert order
2026-04-10 01:29:12,029 - INFO - --- 交易成功通知 ---
2026-04-10 01:29:12,029 - INFO - Trade时间:2022-08-09 01:30:00.000000, 价格:6282.0, 数量:1, 买卖方向:BUY
2026-04-10 01:29:12,029 - INFO - 目标持仓已达成，查询结束。
2026-04-10 01:29:13,405 - INFO - 🔍【贴水监控】2022-08-09 16:00:00 当前年化贴水 17.53% 处于历史极高分位: 91.3%
2026-04-10 01:29:16,281 - INFO - 💰【止盈平仓】合约: CFFEX.IC2208 达到止盈条件 (修复率: 67.91%)，触发平仓。
    INFO - 模拟交易下单 bigo, PYSDK_target_5e290bd142301f3984e5f7ed2eca2bef: 时间: 2022-08-12 09:30:00.000000, 合约: CFFEX.IC2208, 开平: CLOSE, 方向: SELL, 手数: 1, 价格: 6418.0
2026-04-10 01:29:16,290 - DEBUG - insert order
    INFO - 模拟交易委托单 bigo, PYSDK_target_5e290bd142301f3984e5f7ed2eca2bef: 全部成交
2026-04-10 01:29:16,291 - DEBUG - insert order
2026-04-10 01:29:16,292 - INFO - --- 交易成功通知 ---
2026-04-10 01:29:16,292 - INFO - Trade时间:2022-08-12 01:30:00.000000, 价格:6418.0, 数量:1, 买卖方向:SELL
2026-04-10 01:29:18,358 - INFO - 2022-08-14 16:00:00-持仓: 0，浮动盈亏: 0.0, 合约：CFFEX.IC2208， 剩余天数: 7
2026-04-10 01:29:19,866 - INFO - 2022-08-15 16:00:00-持仓: 0，浮动盈亏: 0.0, 合约：CFFEX.IC2208， 剩余天数: 4
2026-04-10 01:29:21,049 - INFO - 2022-08-16 16:00:00-持仓: 0，浮动盈亏: 0.0, 合约：CFFEX.IC2208， 剩余天数: 3
2026-04-10 01:29:22,143 - INFO - 【主力切换】CFFEX.IC2208 → CFFEX.IC2209  | 时间: 2022-08-17 18:00:00.000000
2026-04-10 01:29:22,150 - DEBUG - websocket send data
2026-04-10 01:29:22,381 - DEBUG - websocket received data
2026-04-10 01:29:22,382 - DEBUG - websocket send data
2026-04-10 01:29:22,383 - DEBUG - websocket send data
2026-04-10 01:29:22,383 - DEBUG - websocket send data
2026-04-10 01:29:22,612 - DEBUG - websocket received data
2026-04-10 01:29:22,613 - DEBUG - websocket send data
2026-04-10 01:29:22,844 - DEBUG - websocket received data
2026-04-10 01:29:22,845 - DEBUG - websocket send data
2026-04-10 01:29:22,846 - DEBUG - websocket send data
2026-04-10 01:29:22,846 - DEBUG - websocket send data
2026-04-10 01:29:23,075 - DEBUG - websocket received data
2026-04-10 01:29:23,076 - DEBUG - websocket send data
2026-04-10 01:29:23,307 - DEBUG - websocket received data
2026-04-10 01:29:23,308 - DEBUG - websocket send data
2026-04-10 01:29:23,309 - DEBUG - websocket send data
2026-04-10 01:29:23,309 - DEBUG - websocket send data
2026-04-10 01:29:23,540 - DEBUG - websocket received data
2026-04-10 01:29:23,540 - DEBUG - websocket send data
2026-04-10 01:29:23,763 - DEBUG - websocket received data
2026-04-10 01:29:23,763 - DEBUG - websocket send data
2026-04-10 01:29:24,100 - DEBUG - websocket received data
2026-04-10 01:29:24,152 - DEBUG - websocket send data
2026-04-10 01:29:24,488 - DEBUG - websocket received data
2026-04-10 01:29:24,535 - DEBUG - websocket send data
2026-04-10 01:29:24,872 - DEBUG - websocket received data
2026-04-10 01:29:24,919 - DEBUG - websocket send data
2026-04-10 01:29:25,182 - DEBUG - websocket received data
2026-04-10 01:29:25,447 - DEBUG - websocket send data
2026-04-10 01:29:25,448 - DEBUG - websocket send data
2026-04-10 01:29:25,788 - DEBUG - websocket received data
2026-04-10 01:29:25,831 - DEBUG - websocket send data
2026-04-10 01:29:26,129 - DEBUG - websocket received data
2026-04-10 01:29:26,159 - DEBUG - websocket send data
2026-04-10 01:29:26,170 - DEBUG - websocket send data
2026-04-10 01:29:31,118 - INFO - 2022-08-17 16:00:00-持仓: 0，浮动盈亏: nan, 合约：CFFEX.IC2209， 剩余天数: 30
2026-04-10 01:29:31,141 - DEBUG - websocket received data
2026-04-10 01:29:31,143 - DEBUG - websocket send data
2026-04-10 01:29:32,352 - DEBUG - websocket send data
2026-04-10 01:29:32,551 - INFO - 2022-08-18 16:00:00-持仓: 0，浮动盈亏: nan, 合约：CFFEX.IC2209， 剩余天数: 29
2026-04-10 01:29:32,691 - DEBUG - websocket received data
2026-04-10 01:29:32,733 - DEBUG - websocket send data
2026-04-10 01:29:33,072 - DEBUG - websocket received data
2026-04-10 01:29:33,117 - DEBUG - websocket send data
2026-04-10 01:29:33,457 - DEBUG - websocket received data
2026-04-10 01:29:33,501 - DEBUG - websocket send data
2026-04-10 01:29:33,796 - DEBUG - websocket received data
2026-04-10 01:29:33,812 - DEBUG - websocket send data
2026-04-10 01:29:33,986 - DEBUG - websocket send data
2026-04-10 01:29:33,987 - DEBUG - websocket send data
2026-04-10 01:29:34,039 - INFO - 2022-08-21 16:00:00-持仓: 0，浮动盈亏: nan, 合约：CFFEX.IC2209， 剩余天数: 28
2026-04-10 01:29:34,208 - DEBUG - websocket received data
2026-04-10 01:29:34,209 - DEBUG - websocket send data
2026-04-10 01:29:34,436 - DEBUG - websocket received data
2026-04-10 01:29:34,437 - DEBUG - websocket send data
2026-04-10 01:29:34,991 - INFO - 2022-08-22 16:00:00-持仓: 0，浮动盈亏: nan, 合约：CFFEX.IC2209， 剩余天数: 25
2026-04-10 01:29:35,927 - INFO - 2022-08-23 16:00:00-持仓: 0，浮动盈亏: nan, 合约：CFFEX.IC2209， 剩余天数: 24
2026-04-10 01:29:36,845 - INFO - 2022-08-24 16:00:00-持仓: 0，浮动盈亏: nan, 合约：CFFEX.IC2209， 剩余天数: 23
2026-04-10 01:29:37,785 - INFO - 2022-08-25 16:00:00-持仓: 0，浮动盈亏: nan, 合约：CFFEX.IC2209， 剩余天数: 22
2026-04-10 01:29:38,789 - INFO - 2022-08-28 16:00:00-持仓: 0，浮动盈亏: nan, 合约：CFFEX.IC2209， 剩余天数: 21
2026-04-10 01:29:39,767 - INFO - 2022-08-29 16:00:00-持仓: 0，浮动盈亏: nan, 合约：CFFEX.IC2209， 剩余天数: 18
2026-04-10 01:29:40,704 - INFO - 2022-08-30 16:00:00-持仓: 0，浮动盈亏: nan, 合约：CFFEX.IC2209， 剩余天数: 17
2026-04-10 01:29:41,848 - INFO - 2022-08-31 16:00:00-持仓: 0，浮动盈亏: nan, 合约：CFFEX.IC2209， 剩余天数: 16
2026-04-10 01:29:43,421 - INFO - 2022-09-01 16:00:00-持仓: 0，浮动盈亏: nan, 合约：CFFEX.IC2209， 剩余天数: 15
2026-04-10 01:29:44,660 - INFO - 2022-09-04 16:00:00-持仓: 0，浮动盈亏: nan, 合约：CFFEX.IC2209， 剩余天数: 14
2026-04-10 01:29:45,577 - INFO - 2022-09-05 16:00:00-持仓: 0，浮动盈亏: nan, 合约：CFFEX.IC2209， 剩余天数: 11
2026-04-10 01:29:46,473 - INFO - 2022-09-06 16:00:00-持仓: 0，浮动盈亏: nan, 合约：CFFEX.IC2209， 剩余天数: 10
2026-04-10 01:29:47,391 - INFO - 2022-09-07 16:00:00-持仓: 0，浮动盈亏: nan, 合约：CFFEX.IC2209， 剩余天数: 9
2026-04-10 01:29:48,316 - INFO - 2022-09-08 16:00:00-持仓: 0，浮动盈亏: nan, 合约：CFFEX.IC2209， 剩余天数: 8
2026-04-10 01:29:49,252 - INFO - 2022-09-12 16:00:00-持仓: 0，浮动盈亏: nan, 合约：CFFEX.IC2209， 剩余天数: 4
2026-04-10 01:29:50,334 - INFO - 2022-09-13 16:00:00-持仓: 0，浮动盈亏: nan, 合约：CFFEX.IC2209， 剩余天数: 3
2026-04-10 01:29:51,291 - INFO - 【主力切换】CFFEX.IC2209 → CFFEX.IC2210  | 时间: 2022-09-14 18:00:00.000000
2026-04-10 01:29:51,299 - DEBUG - websocket send data
2026-04-10 01:29:51,526 - DEBUG - websocket received data
2026-04-10 01:29:51,527 - DEBUG - websocket send data
2026-04-10 01:29:51,528 - DEBUG - websocket send data
2026-04-10 01:29:51,528 - DEBUG - websocket send data
2026-04-10 01:29:51,763 - DEBUG - websocket received data
2026-04-10 01:29:51,764 - DEBUG - websocket send data
2026-04-10 01:29:51,983 - DEBUG - websocket received data
2026-04-10 01:29:51,984 - DEBUG - websocket send data
2026-04-10 01:29:51,984 - DEBUG - websocket send data
2026-04-10 01:29:51,984 - DEBUG - websocket send data
2026-04-10 01:29:52,215 - DEBUG - websocket received data
2026-04-10 01:29:52,216 - DEBUG - websocket send data
2026-04-10 01:29:52,445 - DEBUG - websocket received data
2026-04-10 01:29:52,446 - DEBUG - websocket send data
2026-04-10 01:29:52,447 - DEBUG - websocket send data
2026-04-10 01:29:52,447 - DEBUG - websocket send data
2026-04-10 01:29:52,667 - DEBUG - websocket received data
2026-04-10 01:29:52,668 - DEBUG - websocket send data
2026-04-10 01:29:52,896 - DEBUG - websocket received data
2026-04-10 01:29:52,897 - DEBUG - websocket send data
2026-04-10 01:29:53,241 - DEBUG - websocket received data
2026-04-10 01:29:53,306 - DEBUG - websocket send data
2026-04-10 01:29:53,572 - DEBUG - websocket received data
2026-04-10 01:29:53,685 - DEBUG - websocket send data
2026-04-10 01:29:53,685 - DEBUG - websocket send data
2026-04-10 01:29:54,018 - DEBUG - websocket received data
2026-04-10 01:29:54,061 - DEBUG - websocket send data
2026-04-10 01:29:54,383 - DEBUG - websocket received data
2026-04-10 01:29:54,439 - DEBUG - websocket send data
2026-04-10 01:29:54,447 - DEBUG - websocket send data
2026-04-10 01:29:55,074 - INFO - 2022-09-14 16:00:00-持仓: 0，浮动盈亏: nan, 合约：CFFEX.IC2210， 剩余天数: 37
2026-04-10 01:29:55,086 - DEBUG - websocket received data
2026-04-10 01:29:55,088 - DEBUG - websocket send data
2026-04-10 01:29:56,881 - INFO - 2022-09-15 16:00:00-持仓: 0，浮动盈亏: nan, 合约：CFFEX.IC2210， 剩余天数: 36
2026-04-10 01:29:57,867 - DEBUG - websocket send data
2026-04-10 01:29:57,867 - DEBUG - websocket send data
2026-04-10 01:29:57,914 - INFO - 2022-09-18 16:00:00-持仓: 0，浮动盈亏: nan, 合约：CFFEX.IC2210， 剩余天数: 35
2026-04-10 01:29:58,100 - DEBUG - websocket received data
2026-04-10 01:29:58,102 - DEBUG - websocket send data
2026-04-10 01:29:58,334 - DEBUG - websocket received data
2026-04-10 01:29:58,335 - DEBUG - websocket send data
2026-04-10 01:29:58,832 - INFO - 2022-09-19 16:00:00-持仓: 0，浮动盈亏: nan, 合约：CFFEX.IC2210， 剩余天数: 32
2026-04-10 01:29:59,747 - INFO - 2022-09-20 16:00:00-持仓: 0，浮动盈亏: nan, 合约：CFFEX.IC2210， 剩余天数: 31
2026-04-10 01:30:00,707 - INFO - 2022-09-21 16:00:00-持仓: 0，浮动盈亏: nan, 合约：CFFEX.IC2210， 剩余天数: 30
2026-04-10 01:30:00,966 - DEBUG - websocket received data
2026-04-10 01:30:00,967 - DEBUG - websocket send data
2026-04-10 01:30:01,293 - DEBUG - websocket received data
2026-04-10 01:30:01,294 - DEBUG - websocket send data
2026-04-10 01:30:01,676 - INFO - 2022-09-22 16:00:00-持仓: 0，浮动盈亏: nan, 合约：CFFEX.IC2210， 剩余天数: 29
2026-04-10 01:30:01,753 - DEBUG - websocket received data
2026-04-10 01:30:01,754 - DEBUG - websocket send data
2026-04-10 01:30:01,986 - DEBUG - websocket received data
2026-04-10 01:30:01,987 - DEBUG - websocket send data
2026-04-10 01:30:02,379 - DEBUG - websocket received data
2026-04-10 01:30:02,380 - DEBUG - websocket send data
2026-04-10 01:30:02,621 - INFO - 2022-09-25 16:00:00-持仓: 0，浮动盈亏: nan, 合约：CFFEX.IC2210， 剩余天数: 28
2026-04-10 01:30:02,624 - DEBUG - websocket received data
2026-04-10 01:30:02,625 - DEBUG - websocket send data
2026-04-10 01:30:03,099 - DEBUG - websocket received data
2026-04-10 01:30:03,100 - DEBUG - websocket send data
2026-04-10 01:30:03,332 - DEBUG - websocket received data
2026-04-10 01:30:03,333 - DEBUG - websocket send data
2026-04-10 01:30:03,597 - INFO - 2022-09-26 16:00:00-持仓: 0，浮动盈亏: nan, 合约：CFFEX.IC2210， 剩余天数: 25
2026-04-10 01:30:03,642 - DEBUG - websocket received data
2026-04-10 01:30:03,643 - DEBUG - websocket send data
2026-04-10 01:30:03,930 - DEBUG - websocket received data
2026-04-10 01:30:03,932 - DEBUG - websocket send data
2026-04-10 01:30:04,307 - DEBUG - websocket received data
2026-04-10 01:30:04,309 - DEBUG - websocket send data
2026-04-10 01:30:04,541 - DEBUG - websocket received data
2026-04-10 01:30:04,543 - DEBUG - websocket send data
2026-04-10 01:30:04,617 - INFO - 2022-09-27 16:00:00-持仓: 0，浮动盈亏: nan, 合约：CFFEX.IC2210， 剩余天数: 24
2026-04-10 01:30:04,782 - DEBUG - websocket received data
2026-04-10 01:30:04,783 - DEBUG - websocket send data
2026-04-10 01:30:05,042 - DEBUG - websocket received data
2026-04-10 01:30:05,043 - DEBUG - websocket send data
2026-04-10 01:30:05,278 - DEBUG - websocket received data
2026-04-10 01:30:05,279 - DEBUG - websocket send data
2026-04-10 01:30:05,504 - DEBUG - websocket received data
2026-04-10 01:30:05,506 - DEBUG - websocket send data
2026-04-10 01:30:05,606 - INFO - 2022-09-28 16:00:00-持仓: 0，浮动盈亏: nan, 合约：CFFEX.IC2210， 剩余天数: 23
2026-04-10 01:30:05,911 - DEBUG - websocket received data
2026-04-10 01:30:05,912 - DEBUG - websocket send data
2026-04-10 01:30:06,135 - DEBUG - websocket received data
2026-04-10 01:30:06,137 - DEBUG - websocket send data
2026-04-10 01:30:06,562 - INFO - 2022-09-29 16:00:00-持仓: 0，浮动盈亏: nan, 合约：CFFEX.IC2210， 剩余天数: 22
2026-04-10 01:30:06,805 - DEBUG - websocket received data
2026-04-10 01:30:06,807 - DEBUG - websocket send data
2026-04-10 01:30:07,042 - DEBUG - websocket received data
2026-04-10 01:30:07,044 - DEBUG - websocket send data
2026-04-10 01:30:07,414 - DEBUG - websocket received data
2026-04-10 01:30:07,416 - DEBUG - websocket send data
2026-04-10 01:30:07,640 - DEBUG - websocket received data
2026-04-10 01:30:07,642 - DEBUG - websocket send data
2026-04-10 01:30:07,962 - DEBUG - websocket received data
2026-04-10 01:30:07,964 - DEBUG - websocket send data
2026-04-10 01:30:07,978 - INFO - 2022-10-09 16:00:00-持仓: 0，浮动盈亏: nan, 合约：CFFEX.IC2210， 剩余天数: 14
2026-04-10 01:30:08,192 - DEBUG - websocket received data
2026-04-10 01:30:08,193 - DEBUG - websocket send data
2026-04-10 01:30:08,429 - DEBUG - websocket received data
2026-04-10 01:30:08,430 - DEBUG - websocket send data
2026-04-10 01:30:08,916 - DEBUG - websocket received data
2026-04-10 01:30:08,918 - DEBUG - websocket send data
2026-04-10 01:30:09,152 - DEBUG - websocket received data
2026-04-10 01:30:09,154 - DEBUG - websocket send data
2026-04-10 01:30:09,383 - DEBUG - websocket received data
2026-04-10 01:30:09,385 - DEBUG - websocket send data
2026-04-10 01:30:09,606 - DEBUG - websocket received data
2026-04-10 01:30:09,607 - DEBUG - websocket send data
2026-04-10 01:30:09,694 - INFO - 2022-10-10 16:00:00-持仓: 0，浮动盈亏: nan, 合约：CFFEX.IC2210， 剩余天数: 11
2026-04-10 01:30:09,911 - DEBUG - websocket received data
2026-04-10 01:30:09,912 - DEBUG - websocket send data
2026-04-10 01:30:10,145 - DEBUG - websocket received data
2026-04-10 01:30:10,146 - DEBUG - websocket send data
2026-04-10 01:30:10,403 - DEBUG - websocket received data
2026-04-10 01:30:10,404 - DEBUG - websocket send data
2026-04-10 01:30:10,632 - INFO - 2022-10-11 16:00:00-持仓: 0，浮动盈亏: nan, 合约：CFFEX.IC2210， 剩余天数: 10
2026-04-10 01:30:10,637 - DEBUG - websocket received data
2026-04-10 01:30:10,639 - DEBUG - websocket send data
2026-04-10 01:30:10,911 - DEBUG - websocket received data
2026-04-10 01:30:10,912 - DEBUG - websocket send data
2026-04-10 01:30:11,134 - DEBUG - websocket received data
2026-04-10 01:30:11,136 - DEBUG - websocket send data
2026-04-10 01:30:11,404 - DEBUG - websocket received data
2026-04-10 01:30:11,405 - DEBUG - websocket send data
2026-04-10 01:30:11,587 - INFO - 2022-10-12 16:00:00-持仓: 0，浮动盈亏: nan, 合约：CFFEX.IC2210， 剩余天数: 9
2026-04-10 01:30:11,630 - DEBUG - websocket received data
2026-04-10 01:30:11,631 - DEBUG - websocket send data
2026-04-10 01:30:11,910 - DEBUG - websocket received data
2026-04-10 01:30:11,911 - DEBUG - websocket send data
2026-04-10 01:30:12,144 - DEBUG - websocket received data
2026-04-10 01:30:12,145 - DEBUG - websocket send data
2026-04-10 01:30:12,366 - DEBUG - websocket received data
2026-04-10 01:30:12,367 - DEBUG - websocket send data
2026-04-10 01:30:12,562 - INFO - 2022-10-13 16:00:00-持仓: 0，浮动盈亏: nan, 合约：CFFEX.IC2210， 剩余天数: 8
2026-04-10 01:30:12,599 - DEBUG - websocket received data
2026-04-10 01:30:12,600 - DEBUG - websocket send data
2026-04-10 01:30:13,268 - DEBUG - websocket received data
2026-04-10 01:30:13,269 - DEBUG - websocket send data
2026-04-10 01:30:13,500 - DEBUG - websocket received data
2026-04-10 01:30:13,501 - DEBUG - websocket send data
2026-04-10 01:30:13,592 - INFO - 2022-10-16 16:00:00-持仓: 0，浮动盈亏: nan, 合约：CFFEX.IC2210， 剩余天数: 7
2026-04-10 01:30:13,789 - DEBUG - websocket received data
2026-04-10 01:30:13,790 - DEBUG - websocket send data
2026-04-10 01:30:14,010 - DEBUG - websocket received data
2026-04-10 01:30:14,011 - DEBUG - websocket send data
2026-04-10 01:30:14,405 - DEBUG - websocket received data
2026-04-10 01:30:14,407 - DEBUG - websocket send data
2026-04-10 01:30:14,570 - INFO - 2022-10-17 16:00:00-持仓: 0，浮动盈亏: nan, 合约：CFFEX.IC2210， 剩余天数: 4
2026-04-10 01:30:14,634 - DEBUG - websocket received data
2026-04-10 01:30:14,635 - DEBUG - websocket send data
2026-04-10 01:30:14,911 - DEBUG - websocket received data
2026-04-10 01:30:14,912 - DEBUG - websocket send data
2026-04-10 01:30:15,144 - DEBUG - websocket received data
2026-04-10 01:30:15,145 - DEBUG - websocket send data
2026-04-10 01:30:15,430 - DEBUG - websocket received data
2026-04-10 01:30:15,431 - DEBUG - websocket send data
2026-04-10 01:30:15,649 - INFO - 2022-10-18 16:00:00-持仓: 0，浮动盈亏: nan, 合约：CFFEX.IC2210， 剩余天数: 3
2026-04-10 01:30:15,659 - DEBUG - websocket received data
2026-04-10 01:30:15,661 - DEBUG - websocket send data
2026-04-10 01:30:15,910 - DEBUG - websocket received data
2026-04-10 01:30:15,911 - DEBUG - websocket send data
2026-04-10 01:30:16,144 - DEBUG - websocket received data
2026-04-10 01:30:16,145 - DEBUG - websocket send data
2026-04-10 01:30:16,404 - DEBUG - websocket received data
2026-04-10 01:30:16,405 - DEBUG - websocket send data
2026-04-10 01:30:16,608 - INFO - 【主力切换】CFFEX.IC2210 → CFFEX.IC2211  | 时间: 2022-10-19 18:00:00.000000
2026-04-10 01:30:16,615 - DEBUG - websocket send data
2026-04-10 01:30:16,636 - DEBUG - websocket received data
2026-04-10 01:30:16,637 - DEBUG - websocket send data
2026-04-10 01:30:16,909 - DEBUG - websocket received data
2026-04-10 01:30:16,910 - DEBUG - websocket send data
2026-04-10 01:30:17,131 - DEBUG - websocket received data
2026-04-10 01:30:17,132 - DEBUG - websocket send data
2026-04-10 01:30:17,132 - DEBUG - websocket send data
2026-04-10 01:30:17,133 - DEBUG - websocket send data
2026-04-10 01:30:17,360 - DEBUG - websocket received data
2026-04-10 01:30:17,361 - DEBUG - websocket send data
2026-04-10 01:30:17,580 - DEBUG - websocket received data
2026-04-10 01:30:17,581 - DEBUG - websocket send data
2026-04-10 01:30:17,805 - DEBUG - websocket received data
2026-04-10 01:30:17,806 - DEBUG - websocket send data
2026-04-10 01:30:18,036 - DEBUG - websocket received data
2026-04-10 01:30:18,037 - DEBUG - websocket send data
2026-04-10 01:30:18,037 - DEBUG - websocket send data
2026-04-10 01:30:18,038 - DEBUG - websocket send data
2026-04-10 01:30:18,266 - DEBUG - websocket received data
2026-04-10 01:30:18,267 - DEBUG - websocket send data
2026-04-10 01:30:18,491 - DEBUG - websocket received data
2026-04-10 01:30:18,491 - DEBUG - websocket send data
2026-04-10 01:30:18,716 - DEBUG - websocket received data
2026-04-10 01:30:18,717 - DEBUG - websocket send data
2026-04-10 01:30:18,946 - DEBUG - websocket received data
2026-04-10 01:30:18,947 - DEBUG - websocket send data
2026-04-10 01:30:18,948 - DEBUG - websocket send data
2026-04-10 01:30:18,948 - DEBUG - websocket send data
2026-04-10 01:30:19,167 - DEBUG - websocket received data
2026-04-10 01:30:19,168 - DEBUG - websocket send data
2026-04-10 01:30:19,396 - DEBUG - websocket received data
2026-04-10 01:30:19,397 - DEBUG - websocket send data
2026-04-10 01:30:19,738 - DEBUG - websocket received data
2026-04-10 01:30:19,828 - DEBUG - websocket send data
2026-04-10 01:30:20,097 - DEBUG - websocket received data
2026-04-10 01:30:20,335 - DEBUG - websocket send data
2026-04-10 01:30:20,335 - DEBUG - websocket send data
2026-04-10 01:30:20,554 - DEBUG - websocket received data
2026-04-10 01:30:20,555 - DEBUG - websocket send data
2026-04-10 01:30:20,897 - DEBUG - websocket received data
2026-04-10 01:30:20,985 - DEBUG - websocket send data
2026-04-10 01:30:21,296 - DEBUG - websocket received data
2026-04-10 01:30:21,355 - DEBUG - websocket send data
2026-04-10 01:30:21,363 - DEBUG - websocket send data
2026-04-10 01:30:21,992 - INFO - 2022-10-19 16:00:00-持仓: 0，浮动盈亏: nan, 合约：CFFEX.IC2211， 剩余天数: 30
2026-04-10 01:30:22,000 - DEBUG - websocket received data
2026-04-10 01:30:22,002 - DEBUG - websocket send data
2026-04-10 01:30:22,235 - DEBUG - websocket received data
2026-04-10 01:30:22,236 - DEBUG - websocket send data
2026-04-10 01:30:22,463 - DEBUG - websocket received data
2026-04-10 01:30:22,464 - DEBUG - websocket send data
2026-04-10 01:30:22,914 - DEBUG - websocket received data
2026-04-10 01:30:22,915 - DEBUG - websocket send data
2026-04-10 01:30:23,078 - INFO - 2022-10-20 16:00:00-持仓: 0，浮动盈亏: nan, 合约：CFFEX.IC2211， 剩余天数: 29
2026-04-10 01:30:23,149 - DEBUG - websocket received data
2026-04-10 01:30:23,150 - DEBUG - websocket send data
2026-04-10 01:30:23,406 - DEBUG - websocket received data
2026-04-10 01:30:23,407 - DEBUG - websocket send data
2026-04-10 01:30:23,631 - DEBUG - websocket received data
2026-04-10 01:30:23,632 - DEBUG - websocket send data
2026-04-10 01:30:23,916 - DEBUG - websocket received data
2026-04-10 01:30:23,917 - DEBUG - websocket send data
2026-04-10 01:30:24,160 - DEBUG - websocket received data
2026-04-10 01:30:24,161 - DEBUG - websocket send data
2026-04-10 01:30:24,270 - DEBUG - websocket send data
2026-04-10 01:30:24,271 - DEBUG - websocket send data
2026-04-10 01:30:24,324 - INFO - 2022-10-23 16:00:00-持仓: 0，浮动盈亏: nan, 合约：CFFEX.IC2211， 剩余天数: 28
2026-04-10 01:30:24,460 - DEBUG - websocket received data
2026-04-10 01:30:24,461 - DEBUG - websocket send data
2026-04-10 01:30:24,693 - DEBUG - websocket received data
2026-04-10 01:30:24,695 - DEBUG - websocket send data
2026-04-10 01:30:24,924 - DEBUG - websocket received data
2026-04-10 01:30:24,926 - DEBUG - websocket send data
2026-04-10 01:30:25,146 - DEBUG - websocket received data
2026-04-10 01:30:25,147 - DEBUG - websocket send data
2026-04-10 01:30:25,411 - INFO - 2022-10-24 16:00:00-持仓: 0，浮动盈亏: nan, 合约：CFFEX.IC2211， 剩余天数: 25
2026-04-10 01:30:25,466 - DEBUG - websocket received data
2026-04-10 01:30:25,467 - DEBUG - websocket send data
2026-04-10 01:30:25,688 - DEBUG - websocket received data
2026-04-10 01:30:25,689 - DEBUG - websocket send data
2026-04-10 01:30:25,916 - DEBUG - websocket received data
2026-04-10 01:30:25,918 - DEBUG - websocket send data
2026-04-10 01:30:26,001 - DEBUG - websocket send data
2026-04-10 01:30:26,152 - DEBUG - websocket received data
2026-04-10 01:30:26,153 - DEBUG - websocket send data
2026-04-10 01:30:26,486 - DEBUG - websocket received data
2026-04-10 01:30:26,532 - DEBUG - websocket send data
2026-04-10 01:30:26,645 - INFO - 2022-10-25 16:00:00-持仓: 0，浮动盈亏: nan, 合约：CFFEX.IC2211， 剩余天数: 24
2026-04-10 01:30:26,886 - DEBUG - websocket received data
2026-04-10 01:30:26,931 - DEBUG - websocket send data
2026-04-10 01:30:27,261 - DEBUG - websocket received data
2026-04-10 01:30:27,312 - DEBUG - websocket send data
2026-04-10 01:30:27,580 - DEBUG - websocket received data
2026-04-10 01:30:27,598 - DEBUG - websocket send data
2026-04-10 01:30:27,911 - INFO - 2022-10-26 16:00:00-持仓: 0，浮动盈亏: nan, 合约：CFFEX.IC2211， 剩余天数: 23
2026-04-10 01:30:27,916 - DEBUG - websocket received data
2026-04-10 01:30:27,917 - DEBUG - websocket send data
2026-04-10 01:30:28,149 - DEBUG - websocket received data
2026-04-10 01:30:28,150 - DEBUG - websocket send data
2026-04-10 01:30:28,411 - DEBUG - websocket received data
2026-04-10 01:30:28,412 - DEBUG - websocket send data
2026-04-10 01:30:28,633 - DEBUG - websocket received data
2026-04-10 01:30:28,634 - DEBUG - websocket send data
2026-04-10 01:30:28,915 - DEBUG - websocket received data
2026-04-10 01:30:28,916 - DEBUG - websocket send data
2026-04-10 01:30:29,012 - INFO - 2022-10-27 16:00:00-持仓: 0，浮动盈亏: nan, 合约：CFFEX.IC2211， 剩余天数: 22
2026-04-10 01:30:29,140 - DEBUG - websocket received data
2026-04-10 01:30:29,142 - DEBUG - websocket send data
2026-04-10 01:30:29,410 - DEBUG - websocket received data
2026-04-10 01:30:29,411 - DEBUG - websocket send data
2026-04-10 01:30:29,642 - DEBUG - websocket received data
2026-04-10 01:30:29,643 - DEBUG - websocket send data
2026-04-10 01:30:29,917 - DEBUG - websocket received data
2026-04-10 01:30:29,918 - DEBUG - websocket send data
2026-04-10 01:30:30,001 - INFO - 2022-10-30 16:00:00-持仓: 0，浮动盈亏: nan, 合约：CFFEX.IC2211， 剩余天数: 21
2026-04-10 01:30:30,149 - DEBUG - websocket received data
2026-04-10 01:30:30,150 - DEBUG - websocket send data
2026-04-10 01:30:30,384 - DEBUG - websocket received data
2026-04-10 01:30:30,386 - DEBUG - websocket send data
2026-04-10 01:30:30,607 - DEBUG - websocket received data
2026-04-10 01:30:30,608 - DEBUG - websocket send data
2026-04-10 01:30:30,918 - DEBUG - websocket received data
2026-04-10 01:30:30,919 - DEBUG - websocket send data
2026-04-10 01:30:30,972 - INFO - 2022-10-31 16:00:00-持仓: 0，浮动盈亏: nan, 合约：CFFEX.IC2211， 剩余天数: 18
2026-04-10 01:30:31,151 - DEBUG - websocket received data
2026-04-10 01:30:31,153 - DEBUG - websocket send data
2026-04-10 01:30:31,411 - DEBUG - websocket received data
2026-04-10 01:30:31,412 - DEBUG - websocket send data
2026-04-10 01:30:31,644 - DEBUG - websocket received data
2026-04-10 01:30:31,645 - DEBUG - websocket send data
2026-04-10 01:30:31,947 - DEBUG - websocket received data
2026-04-10 01:30:31,949 - DEBUG - websocket send data
2026-04-10 01:30:31,965 - INFO - 2022-11-01 16:00:00-持仓: 0，浮动盈亏: nan, 合约：CFFEX.IC2211， 剩余天数: 17
2026-04-10 01:30:32,170 - DEBUG - websocket received data
2026-04-10 01:30:32,172 - DEBUG - websocket send data
2026-04-10 01:30:32,486 - DEBUG - websocket received data
2026-04-10 01:30:32,487 - DEBUG - websocket send data
2026-04-10 01:30:32,712 - DEBUG - websocket received data
2026-04-10 01:30:32,714 - DEBUG - websocket send data
2026-04-10 01:30:32,953 - DEBUG - websocket received data
2026-04-10 01:30:32,956 - DEBUG - websocket send data
2026-04-10 01:30:33,250 - DEBUG - websocket received data
2026-04-10 01:30:33,251 - DEBUG - websocket send data
2026-04-10 01:30:33,472 - DEBUG - websocket received data
2026-04-10 01:30:33,474 - DEBUG - websocket send data
2026-04-10 01:30:33,632 - INFO - 2022-11-02 16:00:00-持仓: 0，浮动盈亏: nan, 合约：CFFEX.IC2211， 剩余天数: 16
2026-04-10 01:30:33,924 - DEBUG - websocket received data
2026-04-10 01:30:33,925 - DEBUG - websocket send data
2026-04-10 01:30:34,153 - DEBUG - websocket received data
2026-04-10 01:30:34,155 - DEBUG - websocket send data
2026-04-10 01:30:34,464 - DEBUG - websocket received data
2026-04-10 01:30:34,465 - DEBUG - websocket send data
2026-04-10 01:30:34,686 - DEBUG - websocket received data
2026-04-10 01:30:34,687 - DEBUG - websocket send data
2026-04-10 01:30:34,923 - DEBUG - websocket received data
2026-04-10 01:30:34,924 - DEBUG - websocket send data
2026-04-10 01:30:35,132 - INFO - 2022-11-03 16:00:00-持仓: 0，浮动盈亏: nan, 合约：CFFEX.IC2211， 剩余天数: 15
2026-04-10 01:30:35,155 - DEBUG - websocket received data
2026-04-10 01:30:35,156 - DEBUG - websocket send data
2026-04-10 01:30:35,648 - DEBUG - websocket received data
2026-04-10 01:30:35,649 - DEBUG - websocket send data
2026-04-10 01:30:35,880 - DEBUG - websocket received data
2026-04-10 01:30:35,881 - DEBUG - websocket send data
2026-04-10 01:30:36,132 - DEBUG - websocket received data
2026-04-10 01:30:36,134 - DEBUG - websocket send data
2026-04-10 01:30:36,144 - INFO - 2022-11-06 16:00:00-持仓: 0，浮动盈亏: nan, 合约：CFFEX.IC2211， 剩余天数: 14
2026-04-10 01:30:36,365 - DEBUG - websocket received data
2026-04-10 01:30:36,366 - DEBUG - websocket send data
2026-04-10 01:30:36,593 - DEBUG - websocket received data
2026-04-10 01:30:36,594 - DEBUG - websocket send data
2026-04-10 01:30:36,923 - DEBUG - websocket received data
2026-04-10 01:30:36,925 - DEBUG - websocket send data
2026-04-10 01:30:37,079 - INFO - 2022-11-07 16:00:00-持仓: 0，浮动盈亏: nan, 合约：CFFEX.IC2211， 剩余天数: 11
2026-04-10 01:30:37,158 - DEBUG - websocket received data
2026-04-10 01:30:37,159 - DEBUG - websocket send data
2026-04-10 01:30:37,498 - DEBUG - websocket received data
2026-04-10 01:30:37,499 - DEBUG - websocket send data
2026-04-10 01:30:37,732 - DEBUG - websocket received data
2026-04-10 01:30:37,734 - DEBUG - websocket send data
2026-04-10 01:30:37,960 - DEBUG - websocket received data
2026-04-10 01:30:37,961 - DEBUG - websocket send data
2026-04-10 01:30:38,049 - INFO - 2022-11-08 16:00:00-持仓: 0，浮动盈亏: nan, 合约：CFFEX.IC2211， 剩余天数: 10
2026-04-10 01:30:38,462 - DEBUG - websocket received data
2026-04-10 01:30:38,463 - DEBUG - websocket send data
2026-04-10 01:30:38,693 - DEBUG - websocket received data
2026-04-10 01:30:38,694 - DEBUG - websocket send data
2026-04-10 01:30:38,925 - DEBUG - websocket received data
2026-04-10 01:30:38,926 - DEBUG - websocket send data
2026-04-10 01:30:39,091 - INFO - 2022-11-09 16:00:00-持仓: 0，浮动盈亏: nan, 合约：CFFEX.IC2211， 剩余天数: 9
2026-04-10 01:30:39,587 - DEBUG - websocket received data
2026-04-10 01:30:39,588 - DEBUG - websocket send data
2026-04-10 01:30:39,922 - DEBUG - websocket received data
2026-04-10 01:30:39,923 - DEBUG - websocket send data
2026-04-10 01:30:40,075 - INFO - 2022-11-10 16:00:00-持仓: 0，浮动盈亏: nan, 合约：CFFEX.IC2211， 剩余天数: 8
2026-04-10 01:30:40,152 - DEBUG - websocket received data
2026-04-10 01:30:40,153 - DEBUG - websocket send data
2026-04-10 01:30:40,464 - DEBUG - websocket received data
2026-04-10 01:30:40,465 - DEBUG - websocket send data
2026-04-10 01:30:40,692 - DEBUG - websocket received data
2026-04-10 01:30:40,693 - DEBUG - websocket send data
2026-04-10 01:30:40,930 - DEBUG - websocket received data
2026-04-10 01:30:40,932 - DEBUG - websocket send data
2026-04-10 01:30:41,109 - INFO - 2022-11-13 16:00:00-持仓: 0，浮动盈亏: nan, 合约：CFFEX.IC2211， 剩余天数: 7
2026-04-10 01:30:41,595 - DEBUG - websocket received data
2026-04-10 01:30:41,597 - DEBUG - websocket send data
2026-04-10 01:30:41,941 - DEBUG - websocket received data
2026-04-10 01:30:41,943 - DEBUG - websocket send data
2026-04-10 01:30:42,147 - INFO - 2022-11-14 16:00:00-持仓: 0，浮动盈亏: nan, 合约：CFFEX.IC2211， 剩余天数: 4
2026-04-10 01:30:42,177 - DEBUG - websocket received data
2026-04-10 01:30:42,178 - DEBUG - websocket send data
2026-04-10 01:30:42,399 - DEBUG - websocket received data
2026-04-10 01:30:42,400 - DEBUG - websocket send data
2026-04-10 01:30:42,628 - DEBUG - websocket received data
2026-04-10 01:30:42,629 - DEBUG - websocket send data
2026-04-10 01:30:43,279 - INFO - 2022-11-15 16:00:00-持仓: 0，浮动盈亏: nan, 合约：CFFEX.IC2211， 剩余天数: 3
2026-04-10 01:30:43,295 - DEBUG - websocket received data
2026-04-10 01:30:43,296 - DEBUG - websocket send data
2026-04-10 01:30:43,530 - DEBUG - websocket received data
2026-04-10 01:30:43,532 - DEBUG - websocket send data
2026-04-10 01:30:43,930 - DEBUG - websocket received data
2026-04-10 01:30:43,932 - DEBUG - websocket send data
2026-04-10 01:30:44,165 - DEBUG - websocket received data
2026-04-10 01:30:44,167 - DEBUG - websocket send data
2026-04-10 01:30:44,340 - INFO - 【主力切换】CFFEX.IC2211 → CFFEX.IC2212  | 时间: 2022-11-16 18:00:00.000000
2026-04-10 01:30:44,347 - DEBUG - websocket send data
2026-04-10 01:30:44,463 - DEBUG - websocket received data
2026-04-10 01:30:44,463 - DEBUG - websocket send data
2026-04-10 01:30:44,681 - DEBUG - websocket received data
2026-04-10 01:30:44,683 - DEBUG - websocket send data
2026-04-10 01:30:44,683 - DEBUG - websocket send data
2026-04-10 01:30:44,684 - DEBUG - websocket send data
2026-04-10 01:30:44,910 - DEBUG - websocket received data
2026-04-10 01:30:44,911 - DEBUG - websocket send data
2026-04-10 01:30:45,140 - DEBUG - websocket received data
2026-04-10 01:30:45,141 - DEBUG - websocket send data
2026-04-10 01:30:45,360 - DEBUG - websocket received data
2026-04-10 01:30:45,361 - DEBUG - websocket send data
2026-04-10 01:30:45,579 - DEBUG - websocket received data
2026-04-10 01:30:45,580 - DEBUG - websocket send data
2026-04-10 01:30:45,580 - DEBUG - websocket send data
2026-04-10 01:30:45,581 - DEBUG - websocket send data
2026-04-10 01:30:45,809 - DEBUG - websocket received data
2026-04-10 01:30:45,810 - DEBUG - websocket send data
2026-04-10 01:30:46,037 - DEBUG - websocket received data
2026-04-10 01:30:46,038 - DEBUG - websocket send data
2026-04-10 01:30:46,255 - DEBUG - websocket received data
2026-04-10 01:30:46,256 - DEBUG - websocket send data
2026-04-10 01:30:46,485 - DEBUG - websocket received data
2026-04-10 01:30:46,486 - DEBUG - websocket send data
2026-04-10 01:30:46,486 - DEBUG - websocket send data
2026-04-10 01:30:46,487 - DEBUG - websocket send data
2026-04-10 01:30:46,715 - DEBUG - websocket received data
2026-04-10 01:30:46,716 - DEBUG - websocket send data
2026-04-10 01:30:46,934 - DEBUG - websocket received data
2026-04-10 01:30:46,935 - DEBUG - websocket send data
2026-04-10 01:30:47,264 - DEBUG - websocket received data
2026-04-10 01:30:47,313 - DEBUG - websocket send data
2026-04-10 01:30:47,656 - DEBUG - websocket received data
2026-04-10 01:30:47,707 - DEBUG - websocket send data
2026-04-10 01:30:48,046 - DEBUG - websocket received data
2026-04-10 01:30:48,094 - DEBUG - websocket send data
2026-04-10 01:30:48,356 - DEBUG - websocket received data
2026-04-10 01:30:48,647 - DEBUG - websocket send data
2026-04-10 01:30:48,647 - DEBUG - websocket send data
2026-04-10 01:30:48,876 - DEBUG - websocket received data
2026-04-10 01:30:48,877 - DEBUG - websocket send data
2026-04-10 01:30:49,214 - DEBUG - websocket received data
2026-04-10 01:30:49,257 - DEBUG - websocket send data
2026-04-10 01:30:49,570 - DEBUG - websocket received data
2026-04-10 01:30:49,604 - DEBUG - websocket send data
2026-04-10 01:30:49,614 - DEBUG - websocket send data
2026-04-10 01:30:50,510 - INFO - 2022-11-16 16:00:00-持仓: 0，浮动盈亏: nan, 合约：CFFEX.IC2212， 剩余天数: 30
2026-04-10 01:30:50,525 - DEBUG - websocket received data
2026-04-10 01:30:50,526 - DEBUG - websocket send data
2026-04-10 01:30:50,759 - DEBUG - websocket received data
2026-04-10 01:30:50,761 - DEBUG - websocket send data
2026-04-10 01:30:50,984 - DEBUG - websocket received data
2026-04-10 01:30:50,986 - DEBUG - websocket send data
2026-04-10 01:30:51,256 - DEBUG - websocket received data
2026-04-10 01:30:51,257 - DEBUG - websocket send data
2026-04-10 01:30:51,490 - DEBUG - websocket received data
2026-04-10 01:30:51,491 - DEBUG - websocket send data
2026-04-10 01:30:51,666 - INFO - 2022-11-17 16:00:00-持仓: 0，浮动盈亏: nan, 合约：CFFEX.IC2212， 剩余天数: 29
2026-04-10 01:30:51,932 - DEBUG - websocket received data
2026-04-10 01:30:51,933 - DEBUG - websocket send data
2026-04-10 01:30:52,168 - DEBUG - websocket received data
2026-04-10 01:30:52,169 - DEBUG - websocket send data
2026-04-10 01:30:52,464 - DEBUG - websocket received data
2026-04-10 01:30:52,466 - DEBUG - websocket send data
2026-04-10 01:30:52,698 - DEBUG - websocket received data
2026-04-10 01:30:52,700 - DEBUG - websocket send data
2026-04-10 01:30:52,735 - DEBUG - websocket send data
2026-04-10 01:30:52,735 - DEBUG - websocket send data
2026-04-10 01:30:52,787 - INFO - 2022-11-20 16:00:00-持仓: 0，浮动盈亏: nan, 合约：CFFEX.IC2212， 剩余天数: 28
2026-04-10 01:30:52,934 - DEBUG - websocket received data
2026-04-10 01:30:52,935 - DEBUG - websocket send data
2026-04-10 01:30:53,156 - DEBUG - websocket received data
2026-04-10 01:30:53,157 - DEBUG - websocket send data
2026-04-10 01:30:53,462 - DEBUG - websocket received data
2026-04-10 01:30:53,463 - DEBUG - websocket send data
2026-04-10 01:30:53,696 - DEBUG - websocket received data
2026-04-10 01:30:53,698 - DEBUG - websocket send data
2026-04-10 01:30:53,765 - INFO - 2022-11-21 16:00:00-持仓: 0，浮动盈亏: nan, 合约：CFFEX.IC2212， 剩余天数: 25
2026-04-10 01:30:53,927 - DEBUG - websocket received data
2026-04-10 01:30:53,928 - DEBUG - websocket send data
2026-04-10 01:30:54,149 - DEBUG - websocket received data
2026-04-10 01:30:54,151 - DEBUG - websocket send data
2026-04-10 01:30:54,444 - DEBUG - websocket received data
2026-04-10 01:30:54,446 - DEBUG - websocket send data
2026-04-10 01:30:54,731 - INFO - 2022-11-22 16:00:00-持仓: 0，浮动盈亏: nan, 合约：CFFEX.IC2212， 剩余天数: 24
2026-04-10 01:30:54,854 - DEBUG - websocket received data
2026-04-10 01:30:54,856 - DEBUG - websocket send data
2026-04-10 01:30:55,326 - DEBUG - websocket received data
2026-04-10 01:30:55,327 - DEBUG - websocket send data
2026-04-10 01:30:55,549 - DEBUG - websocket received data
2026-04-10 01:30:55,550 - DEBUG - websocket send data
2026-04-10 01:30:55,794 - INFO - 2022-11-23 16:00:00-持仓: 0，浮动盈亏: nan, 合约：CFFEX.IC2212， 剩余天数: 23
2026-04-10 01:30:55,879 - DEBUG - websocket received data
2026-04-10 01:30:55,880 - DEBUG - websocket send data
2026-04-10 01:30:56,110 - DEBUG - websocket received data
2026-04-10 01:30:56,111 - DEBUG - websocket send data
2026-04-10 01:30:56,487 - DEBUG - websocket received data
2026-04-10 01:30:56,489 - DEBUG - websocket send data
2026-04-10 01:30:57,093 - INFO - 2022-11-24 16:00:00-持仓: 0，浮动盈亏: nan, 合约：CFFEX.IC2212， 剩余天数: 22
2026-04-10 01:30:57,167 - DEBUG - websocket received data
2026-04-10 01:30:57,169 - DEBUG - websocket send data
2026-04-10 01:30:57,404 - DEBUG - websocket received data
2026-04-10 01:30:57,406 - DEBUG - websocket send data
2026-04-10 01:30:57,630 - DEBUG - websocket received data
2026-04-10 01:30:57,632 - DEBUG - websocket send data
2026-04-10 01:30:57,934 - DEBUG - websocket received data
2026-04-10 01:30:57,935 - DEBUG - websocket send data
2026-04-10 01:30:58,170 - DEBUG - websocket received data
2026-04-10 01:30:58,172 - DEBUG - websocket send data
2026-04-10 01:30:58,512 - DEBUG - websocket received data
2026-04-10 01:30:58,513 - DEBUG - websocket send data
2026-04-10 01:30:58,754 - DEBUG - websocket received data
2026-04-10 01:30:58,756 - DEBUG - websocket send data
2026-04-10 01:30:58,914 - INFO - 2022-11-27 16:00:00-持仓: 0，浮动盈亏: nan, 合约：CFFEX.IC2212， 剩余天数: 21
2026-04-10 01:30:59,724 - DEBUG - websocket received data
2026-04-10 01:30:59,725 - DEBUG - websocket send data
2026-04-10 01:30:59,976 - DEBUG - websocket received data
2026-04-10 01:30:59,978 - DEBUG - websocket send data
2026-04-10 01:30:59,987 - INFO - 2022-11-28 16:00:00-持仓: 0，浮动盈亏: nan, 合约：CFFEX.IC2212， 剩余天数: 18
2026-04-10 01:31:00,302 - DEBUG - websocket received data
2026-04-10 01:31:00,303 - DEBUG - websocket send data
2026-04-10 01:31:00,532 - DEBUG - websocket received data
2026-04-10 01:31:00,533 - DEBUG - websocket send data
2026-04-10 01:31:00,944 - DEBUG - websocket received data
2026-04-10 01:31:00,946 - DEBUG - websocket send data
2026-04-10 01:31:01,035 - INFO - 2022-11-29 16:00:00-持仓: 0，浮动盈亏: nan, 合约：CFFEX.IC2212， 剩余天数: 17
2026-04-10 01:31:01,177 - DEBUG - websocket received data
2026-04-10 01:31:01,178 - DEBUG - websocket send data
2026-04-10 01:31:01,500 - DEBUG - websocket received data
2026-04-10 01:31:01,501 - DEBUG - websocket send data
2026-04-10 01:31:01,730 - DEBUG - websocket received data
2026-04-10 01:31:01,731 - DEBUG - websocket send data
2026-04-10 01:31:01,972 - DEBUG - websocket received data
2026-04-10 01:31:01,974 - DEBUG - websocket send data
2026-04-10 01:31:02,114 - INFO - 2022-11-30 16:00:00-持仓: 0，浮动盈亏: nan, 合约：CFFEX.IC2212， 剩余天数: 16
2026-04-10 01:31:02,472 - DEBUG - websocket received data
2026-04-10 01:31:02,474 - DEBUG - websocket send data
2026-04-10 01:31:02,706 - DEBUG - websocket received data
2026-04-10 01:31:02,708 - DEBUG - websocket send data
2026-04-10 01:31:02,939 - DEBUG - websocket received data
2026-04-10 01:31:02,940 - DEBUG - websocket send data
2026-04-10 01:31:03,169 - INFO - 2022-12-01 16:00:00-持仓: 0，浮动盈亏: nan, 合约：CFFEX.IC2212， 剩余天数: 15
2026-04-10 01:31:03,171 - DEBUG - websocket received data
2026-04-10 01:31:03,173 - DEBUG - websocket send data
2026-04-10 01:31:03,405 - DEBUG - websocket received data
2026-04-10 01:31:03,406 - DEBUG - websocket send data
2026-04-10 01:31:03,640 - DEBUG - websocket received data
2026-04-10 01:31:03,642 - DEBUG - websocket send data
2026-04-10 01:31:03,939 - DEBUG - websocket received data
2026-04-10 01:31:03,940 - DEBUG - websocket send data
2026-04-10 01:31:04,190 - DEBUG - websocket received data
2026-04-10 01:31:04,191 - DEBUG - websocket send data
2026-04-10 01:31:04,201 - INFO - 2022-12-04 16:00:00-持仓: 0，浮动盈亏: nan, 合约：CFFEX.IC2212， 剩余天数: 14
2026-04-10 01:31:04,474 - DEBUG - websocket received data
2026-04-10 01:31:04,475 - DEBUG - websocket send data
2026-04-10 01:31:04,701 - DEBUG - websocket received data
2026-04-10 01:31:04,702 - DEBUG - websocket send data
2026-04-10 01:31:04,946 - DEBUG - websocket received data
2026-04-10 01:31:04,947 - DEBUG - websocket send data
2026-04-10 01:31:05,195 - DEBUG - websocket received data
2026-04-10 01:31:05,197 - DEBUG - websocket send data
2026-04-10 01:31:05,206 - INFO - 2022-12-05 16:00:00-持仓: 0，浮动盈亏: nan, 合约：CFFEX.IC2212， 剩余天数: 11
2026-04-10 01:31:05,468 - DEBUG - websocket received data
2026-04-10 01:31:05,469 - DEBUG - websocket send data
2026-04-10 01:31:05,702 - DEBUG - websocket received data
2026-04-10 01:31:05,704 - DEBUG - websocket send data
2026-04-10 01:31:05,940 - DEBUG - websocket received data
2026-04-10 01:31:05,941 - DEBUG - websocket send data
2026-04-10 01:31:06,188 - INFO - 2022-12-06 16:00:00-持仓: 0，浮动盈亏: nan, 合约：CFFEX.IC2212， 剩余天数: 10
2026-04-10 01:31:06,191 - DEBUG - websocket received data
2026-04-10 01:31:06,192 - DEBUG - websocket send data
2026-04-10 01:31:06,425 - DEBUG - websocket received data
2026-04-10 01:31:06,426 - DEBUG - websocket send data
2026-04-10 01:31:06,650 - DEBUG - websocket received data
2026-04-10 01:31:06,651 - DEBUG - websocket send data
2026-04-10 01:31:06,944 - DEBUG - websocket received data
2026-04-10 01:31:06,945 - DEBUG - websocket send data
2026-04-10 01:31:07,166 - INFO - 2022-12-07 16:00:00-持仓: 0，浮动盈亏: nan, 合约：CFFEX.IC2212， 剩余天数: 9
2026-04-10 01:31:07,177 - DEBUG - websocket received data
2026-04-10 01:31:07,178 - DEBUG - websocket send data
2026-04-10 01:31:07,470 - DEBUG - websocket received data
2026-04-10 01:31:07,471 - DEBUG - websocket send data
2026-04-10 01:31:07,706 - DEBUG - websocket received data
2026-04-10 01:31:07,707 - DEBUG - websocket send data
2026-04-10 01:31:07,944 - DEBUG - websocket received data
2026-04-10 01:31:07,946 - DEBUG - websocket send data
2026-04-10 01:31:08,193 - DEBUG - websocket received data
2026-04-10 01:31:08,195 - DEBUG - websocket send data
2026-04-10 01:31:08,206 - INFO - 2022-12-08 16:00:00-持仓: 0，浮动盈亏: nan, 合约：CFFEX.IC2212， 剩余天数: 8
2026-04-10 01:31:08,476 - DEBUG - websocket received data
2026-04-10 01:31:08,477 - DEBUG - websocket send data
2026-04-10 01:31:08,699 - DEBUG - websocket received data
2026-04-10 01:31:08,700 - DEBUG - websocket send data
2026-04-10 01:31:08,942 - DEBUG - websocket received data
2026-04-10 01:31:08,944 - DEBUG - websocket send data
2026-04-10 01:31:09,176 - DEBUG - websocket received data
2026-04-10 01:31:09,178 - DEBUG - websocket send data
2026-04-10 01:31:09,342 - INFO - 2022-12-11 16:00:00-持仓: 0，浮动盈亏: nan, 合约：CFFEX.IC2212， 剩余天数: 7
2026-04-10 01:31:09,412 - DEBUG - websocket received data
2026-04-10 01:31:09,414 - DEBUG - websocket send data
2026-04-10 01:31:09,638 - DEBUG - websocket received data
2026-04-10 01:31:09,639 - DEBUG - websocket send data
2026-04-10 01:31:09,943 - DEBUG - websocket received data
2026-04-10 01:31:09,944 - DEBUG - websocket send data
2026-04-10 01:31:10,177 - DEBUG - websocket received data
2026-04-10 01:31:10,178 - DEBUG - websocket send data
2026-04-10 01:31:10,491 - DEBUG - websocket received data
2026-04-10 01:31:10,493 - DEBUG - websocket send data
2026-04-10 01:31:10,730 - DEBUG - websocket received data
2026-04-10 01:31:10,731 - DEBUG - websocket send data
2026-04-10 01:31:11,056 - INFO - 2022-12-12 16:00:00-持仓: 0，浮动盈亏: nan, 合约：CFFEX.IC2212， 剩余天数: 4
2026-04-10 01:31:11,391 - DEBUG - websocket received data
2026-04-10 01:31:11,393 - DEBUG - websocket send data
2026-04-10 01:31:11,628 - DEBUG - websocket received data
2026-04-10 01:31:11,630 - DEBUG - websocket send data
2026-04-10 01:31:11,952 - DEBUG - websocket received data
2026-04-10 01:31:11,954 - DEBUG - websocket send data
2026-04-10 01:31:12,185 - DEBUG - websocket received data
2026-04-10 01:31:12,186 - DEBUG - websocket send data
2026-04-10 01:31:12,451 - DEBUG - websocket received data
2026-04-10 01:31:12,452 - DEBUG - websocket send data
2026-04-10 01:31:12,462 - INFO - 2022-12-13 16:00:00-持仓: 0，浮动盈亏: nan, 合约：CFFEX.IC2212， 剩余天数: 3
2026-04-10 01:31:12,678 - DEBUG - websocket received data
2026-04-10 01:31:12,679 - DEBUG - websocket send data
2026-04-10 01:31:12,945 - DEBUG - websocket received data
2026-04-10 01:31:12,946 - DEBUG - websocket send data
2026-04-10 01:31:13,178 - DEBUG - websocket received data
2026-04-10 01:31:13,180 - DEBUG - websocket send data
2026-04-10 01:31:13,468 - DEBUG - websocket received data
2026-04-10 01:31:13,470 - DEBUG - websocket send data
2026-04-10 01:31:13,549 - INFO - 【主力切换】CFFEX.IC2212 → CFFEX.IC2301  | 时间: 2022-12-14 18:00:00.000000
2026-04-10 01:31:13,555 - DEBUG - websocket send data
2026-04-10 01:31:13,702 - DEBUG - websocket received data
2026-04-10 01:31:13,703 - DEBUG - websocket send data
2026-04-10 01:31:13,932 - DEBUG - websocket received data
2026-04-10 01:31:13,934 - DEBUG - websocket send data
2026-04-10 01:31:13,934 - DEBUG - websocket send data
2026-04-10 01:31:13,935 - DEBUG - websocket send data
2026-04-10 01:31:14,161 - DEBUG - websocket received data
2026-04-10 01:31:14,161 - DEBUG - websocket send data
2026-04-10 01:31:14,387 - DEBUG - websocket received data
2026-04-10 01:31:14,388 - DEBUG - websocket send data
2026-04-10 01:31:14,617 - DEBUG - websocket received data
2026-04-10 01:31:14,617 - DEBUG - websocket send data
2026-04-10 01:31:14,845 - DEBUG - websocket received data
2026-04-10 01:31:14,846 - DEBUG - websocket send data
2026-04-10 01:31:14,846 - DEBUG - websocket send data
2026-04-10 01:31:14,846 - DEBUG - websocket send data
2026-04-10 01:31:15,063 - DEBUG - websocket received data
2026-04-10 01:31:15,064 - DEBUG - websocket send data
2026-04-10 01:31:15,292 - DEBUG - websocket received data
2026-04-10 01:31:15,293 - DEBUG - websocket send data
2026-04-10 01:31:15,521 - DEBUG - websocket received data
2026-04-10 01:31:15,522 - DEBUG - websocket send data
2026-04-10 01:31:15,742 - DEBUG - websocket received data
2026-04-10 01:31:15,743 - DEBUG - websocket send data
2026-04-10 01:31:15,744 - DEBUG - websocket send data
2026-04-10 01:31:15,744 - DEBUG - websocket send data
2026-04-10 01:31:15,974 - DEBUG - websocket received data
2026-04-10 01:31:15,974 - DEBUG - websocket send data
2026-04-10 01:31:16,203 - DEBUG - websocket received data
2026-04-10 01:31:16,204 - DEBUG - websocket send data
2026-04-10 01:31:16,530 - DEBUG - websocket received data
2026-04-10 01:31:16,571 - DEBUG - websocket send data
2026-04-10 01:31:16,850 - DEBUG - websocket received data
2026-04-10 01:31:16,981 - DEBUG - websocket send data
2026-04-10 01:31:16,982 - DEBUG - websocket send data
2026-04-10 01:31:17,211 - DEBUG - websocket received data
2026-04-10 01:31:17,213 - DEBUG - websocket send data
2026-04-10 01:31:17,543 - DEBUG - websocket received data
2026-04-10 01:31:17,591 - DEBUG - websocket send data
2026-04-10 01:31:17,929 - DEBUG - websocket received data
2026-04-10 01:31:17,979 - DEBUG - websocket send data
2026-04-10 01:31:18,208 - DEBUG - websocket received data
2026-04-10 01:31:18,214 - DEBUG - websocket send data
2026-04-10 01:31:18,219 - DEBUG - websocket send data
2026-04-10 01:31:18,624 - INFO - 2022-12-14 16:00:00-持仓: 0，浮动盈亏: nan, 合约：CFFEX.IC2301， 剩余天数: 37
2026-04-10 01:31:18,633 - DEBUG - websocket received data
2026-04-10 01:31:18,635 - DEBUG - websocket send data
2026-04-10 01:31:18,869 - DEBUG - websocket received data
2026-04-10 01:31:18,871 - DEBUG - websocket send data
2026-04-10 01:31:19,164 - DEBUG - websocket received data
2026-04-10 01:31:19,165 - DEBUG - websocket send data
2026-04-10 01:31:19,479 - DEBUG - websocket received data
2026-04-10 01:31:19,481 - DEBUG - websocket send data
2026-04-10 01:31:19,715 - DEBUG - websocket received data
2026-04-10 01:31:19,716 - DEBUG - websocket send data
2026-04-10 01:31:19,990 - DEBUG - websocket received data
2026-04-10 01:31:19,991 - DEBUG - websocket send data
2026-04-10 01:31:20,001 - INFO - 2022-12-15 16:00:00-持仓: 0，浮动盈亏: nan, 合约：CFFEX.IC2301， 剩余天数: 36
2026-04-10 01:31:20,225 - DEBUG - websocket received data
2026-04-10 01:31:20,226 - DEBUG - websocket send data
2026-04-10 01:31:20,492 - DEBUG - websocket received data
2026-04-10 01:31:20,493 - DEBUG - websocket send data
2026-04-10 01:31:20,726 - DEBUG - websocket received data
2026-04-10 01:31:20,727 - DEBUG - websocket send data
2026-04-10 01:31:20,960 - DEBUG - websocket received data
2026-04-10 01:31:20,963 - DEBUG - websocket send data
2026-04-10 01:31:21,086 - DEBUG - websocket send data
2026-04-10 01:31:21,086 - DEBUG - websocket send data
2026-04-10 01:31:21,132 - INFO - 2022-12-18 16:00:00-持仓: 0，浮动盈亏: nan, 合约：CFFEX.IC2301， 剩余天数: 35
2026-04-10 01:31:21,267 - DEBUG - websocket received data
2026-04-10 01:31:21,268 - DEBUG - websocket send data
2026-04-10 01:31:21,504 - DEBUG - websocket received data
2026-04-10 01:31:21,505 - DEBUG - websocket send data
2026-04-10 01:31:21,956 - DEBUG - websocket received data
2026-04-10 01:31:21,958 - DEBUG - websocket send data
2026-04-10 01:31:22,219 - DEBUG - websocket received data
2026-04-10 01:31:22,221 - DEBUG - websocket send data
2026-04-10 01:31:22,235 - INFO - 2022-12-19 16:00:00-持仓: 0，浮动盈亏: nan, 合约：CFFEX.IC2301， 剩余天数: 32
2026-04-10 01:31:22,871 - DEBUG - websocket received data
2026-04-10 01:31:22,872 - DEBUG - websocket send data
2026-04-10 01:31:23,105 - DEBUG - websocket received data
2026-04-10 01:31:23,107 - DEBUG - websocket send data
2026-04-10 01:31:23,343 - DEBUG - websocket received data
2026-04-10 01:31:23,345 - DEBUG - websocket send data
2026-04-10 01:31:23,574 - DEBUG - websocket received data
2026-04-10 01:31:23,576 - DEBUG - websocket send data
2026-04-10 01:31:23,912 - INFO - 2022-12-20 16:00:00-持仓: 0，浮动盈亏: nan, 合约：CFFEX.IC2301， 剩余天数: 31
2026-04-10 01:31:23,954 - DEBUG - websocket received data
2026-04-10 01:31:23,956 - DEBUG - websocket send data
2026-04-10 01:31:24,186 - DEBUG - websocket received data
2026-04-10 01:31:24,188 - DEBUG - websocket send data
2026-04-10 01:31:24,421 - DEBUG - websocket received data
2026-04-10 01:31:24,423 - DEBUG - websocket send data
2026-04-10 01:31:24,662 - DEBUG - websocket received data
2026-04-10 01:31:24,664 - DEBUG - websocket send data
2026-04-10 01:31:24,961 - DEBUG - websocket received data
2026-04-10 01:31:24,962 - DEBUG - websocket send data
2026-04-10 01:31:25,195 - DEBUG - websocket received data
2026-04-10 01:31:25,196 - DEBUG - websocket send data
2026-04-10 01:31:25,292 - INFO - 2022-12-21 16:00:00-持仓: 0，浮动盈亏: nan, 合约：CFFEX.IC2301， 剩余天数: 30
2026-04-10 01:31:25,480 - DEBUG - websocket send data
2026-04-10 01:31:25,496 - DEBUG - websocket received data
2026-04-10 01:31:25,497 - DEBUG - websocket send data
2026-04-10 01:31:25,838 - DEBUG - websocket received data
2026-04-10 01:31:25,885 - DEBUG - websocket send data
2026-04-10 01:31:26,224 - DEBUG - websocket received data
2026-04-10 01:31:26,280 - DEBUG - websocket send data
2026-04-10 01:31:26,449 - INFO - 2022-12-22 16:00:00-持仓: 0，浮动盈亏: nan, 合约：CFFEX.IC2301， 剩余天数: 29
2026-04-10 01:31:26,617 - DEBUG - websocket received data
2026-04-10 01:31:26,661 - DEBUG - websocket send data
2026-04-10 01:31:26,928 - DEBUG - websocket received data
2026-04-10 01:31:26,950 - DEBUG - websocket send data
2026-04-10 01:31:27,184 - DEBUG - websocket received data
2026-04-10 01:31:27,185 - DEBUG - websocket send data
2026-04-10 01:31:27,417 - DEBUG - websocket received data
2026-04-10 01:31:27,418 - DEBUG - websocket send data
2026-04-10 01:31:27,602 - INFO - 2022-12-25 16:00:00-持仓: 0，浮动盈亏: nan, 合约：CFFEX.IC2301， 剩余天数: 28
2026-04-10 01:31:27,652 - DEBUG - websocket received data
2026-04-10 01:31:27,653 - DEBUG - websocket send data
2026-04-10 01:31:27,952 - DEBUG - websocket received data
2026-04-10 01:31:27,953 - DEBUG - websocket send data
2026-04-10 01:31:28,187 - DEBUG - websocket received data
2026-04-10 01:31:28,188 - DEBUG - websocket send data
2026-04-10 01:31:28,483 - DEBUG - websocket received data
2026-04-10 01:31:28,484 - DEBUG - websocket send data
2026-04-10 01:31:28,640 - INFO - 2022-12-26 16:00:00-持仓: 0，浮动盈亏: nan, 合约：CFFEX.IC2301， 剩余天数: 25
2026-04-10 01:31:28,717 - DEBUG - websocket received data
2026-04-10 01:31:28,718 - DEBUG - websocket send data
2026-04-10 01:31:28,976 - DEBUG - websocket received data
2026-04-10 01:31:28,977 - DEBUG - websocket send data
2026-04-10 01:31:29,209 - DEBUG - websocket received data
2026-04-10 01:31:29,210 - DEBUG - websocket send data
2026-04-10 01:31:29,487 - DEBUG - websocket received data
2026-04-10 01:31:29,489 - DEBUG - websocket send data
2026-04-10 01:31:29,650 - INFO - 2022-12-27 16:00:00-持仓: 0，浮动盈亏: nan, 合约：CFFEX.IC2301， 剩余天数: 24
2026-04-10 01:31:29,721 - DEBUG - websocket received data
2026-04-10 01:31:29,723 - DEBUG - websocket send data
2026-04-10 01:31:29,961 - DEBUG - websocket received data
2026-04-10 01:31:29,963 - DEBUG - websocket send data
2026-04-10 01:31:30,199 - DEBUG - websocket received data
2026-04-10 01:31:30,200 - DEBUG - websocket send data
2026-04-10 01:31:30,432 - DEBUG - websocket received data
2026-04-10 01:31:30,434 - DEBUG - websocket send data
2026-04-10 01:31:30,666 - DEBUG - websocket received data
2026-04-10 01:31:30,667 - DEBUG - websocket send data
2026-04-10 01:31:30,759 - INFO - 2022-12-28 16:00:00-持仓: 0，浮动盈亏: nan, 合约：CFFEX.IC2301， 剩余天数: 23
2026-04-10 01:31:30,970 - DEBUG - websocket received data
2026-04-10 01:31:30,972 - DEBUG - websocket send data
2026-04-10 01:31:31,204 - DEBUG - websocket received data
2026-04-10 01:31:31,205 - DEBUG - websocket send data
2026-04-10 01:31:31,505 - DEBUG - websocket received data
2026-04-10 01:31:31,507 - DEBUG - websocket send data
2026-04-10 01:31:31,739 - DEBUG - websocket received data
2026-04-10 01:31:31,740 - DEBUG - websocket send data
2026-04-10 01:31:31,852 - INFO - 2022-12-29 16:00:00-持仓: 0，浮动盈亏: nan, 合约：CFFEX.IC2301， 剩余天数: 22
2026-04-10 01:31:31,974 - DEBUG - websocket received data
2026-04-10 01:31:31,975 - DEBUG - websocket send data
2026-04-10 01:31:32,485 - DEBUG - websocket received data
2026-04-10 01:31:32,486 - DEBUG - websocket send data
2026-04-10 01:31:32,720 - DEBUG - websocket received data
2026-04-10 01:31:32,721 - DEBUG - websocket send data
2026-04-10 01:31:32,849 - DEBUG - websocket send data
2026-04-10 01:31:32,850 - DEBUG - websocket send data
2026-04-10 01:31:32,850 - DEBUG - websocket send data
2026-04-10 01:31:32,850 - DEBUG - websocket send data
2026-04-10 01:31:32,852 - DEBUG - websocket send data
2026-04-10 01:31:32,852 - DEBUG - websocket send data
2026-04-10 01:31:32,852 - DEBUG - websocket send data
2026-04-10 01:31:32,852 - DEBUG - websocket send data
    INFO - 回测结束
2026-04-10 01:31:32,855 - DEBUG - backtest finished
    INFO - 模拟交易成交记录, 账户: bigo
    INFO - 时间: 2018-03-01 09:30:00.000000, 合约: CFFEX.IC1803, 开平: OPEN, 方向: BUY, 手数: 1, 价格: 5958.000,手续费: 29.24
    INFO - 时间: 2018-03-05 09:30:00.000000, 合约: CFFEX.IC1803, 开平: CLOSE, 方向: SELL, 手数: 1, 价格: 6050.000,手续费: 29.24
    INFO - 时间: 2018-03-20 09:30:00.000000, 合约: CFFEX.IC1804, 开平: OPEN, 方向: BUY, 手数: 1, 价格: 6050.200,手续费: 29.24
    INFO - 时间: 2018-04-02 09:30:00.000000, 合约: CFFEX.IC1804, 开平: CLOSE, 方向: SELL, 手数: 1, 价格: 6129.600,手续费: 29.24
    INFO - 时间: 2018-05-10 09:30:00.000000, 合约: CFFEX.IC1805, 开平: OPEN, 方向: BUY, 手数: 1, 价格: 6020.200,手续费: 29.24
    INFO - 时间: 2018-05-11 09:30:00.000000, 合约: CFFEX.IC1805, 开平: CLOSE, 方向: SELL, 手数: 1, 价格: 6039.400,手续费: 29.24
    INFO - 时间: 2018-07-31 09:30:00.000000, 合约: CFFEX.IC1808, 开平: OPEN, 方向: BUY, 手数: 1, 价格: 5145.200,手续费: 29.24
    INFO - 时间: 2018-08-01 09:30:00.000000, 合约: CFFEX.IC1808, 开平: CLOSE, 方向: SELL, 手数: 1, 价格: 5187.800,手续费: 29.24
    INFO - 时间: 2018-08-29 09:30:00.000000, 合约: CFFEX.IC1809, 开平: OPEN, 方向: BUY, 手数: 1, 价格: 4934.800,手续费: 29.24
    INFO - 时间: 2018-09-07 09:30:00.000000, 合约: CFFEX.IC1809, 开平: CLOSE, 方向: SELL, 手数: 1, 价格: 4787.800,手续费: 29.24
    INFO - 时间: 2018-11-09 09:30:00.000000, 合约: CFFEX.IC1811, 开平: OPEN, 方向: BUY, 手数: 1, 价格: 4348.000,手续费: 29.24
    INFO - 时间: 2018-11-12 09:30:00.000000, 合约: CFFEX.IC1811, 开平: CLOSE, 方向: SELL, 手数: 1, 价格: 4367.800,手续费: 29.24
    INFO - 时间: 2018-12-04 09:30:00.000000, 合约: CFFEX.IC1812, 开平: OPEN, 方向: BUY, 手数: 1, 价格: 4459.000,手续费: 29.24
    INFO - 时间: 2018-12-07 09:30:00.000000, 合约: CFFEX.IC1812, 开平: CLOSE, 方向: SELL, 手数: 1, 价格: 4408.400,手续费: 29.24
    INFO - 时间: 2019-01-08 09:30:00.000000, 合约: CFFEX.IC1901, 开平: OPEN, 方向: BUY, 手数: 1, 价格: 4260.200,手续费: 29.24
    INFO - 时间: 2019-01-09 09:30:00.000000, 合约: CFFEX.IC1901, 开平: CLOSE, 方向: SELL, 手数: 1, 价格: 4288.400,手续费: 29.24
    INFO - 时间: 2019-03-08 09:30:00.000000, 合约: CFFEX.IC1903, 开平: OPEN, 方向: BUY, 手数: 1, 价格: 5318.200,手续费: 29.24
    INFO - 时间: 2019-03-11 09:30:00.000000, 合约: CFFEX.IC1903, 开平: CLOSE, 方向: SELL, 手数: 1, 价格: 5331.200,手续费: 29.24
    INFO - 时间: 2019-03-27 09:30:00.000000, 合约: CFFEX.IC1904, 开平: OPEN, 方向: BUY, 手数: 1, 价格: 5389.200,手续费: 29.24
    INFO - 时间: 2019-04-01 09:30:00.000000, 合约: CFFEX.IC1904, 开平: CLOSE, 方向: SELL, 手数: 1, 价格: 5574.600,手续费: 29.24
    INFO - 时间: 2019-06-20 09:30:00.000000, 合约: CFFEX.IC1907, 开平: OPEN, 方向: BUY, 手数: 1, 价格: 4782.600,手续费: 29.24
    INFO - 时间: 2019-06-21 09:30:00.000000, 合约: CFFEX.IC1907, 开平: CLOSE, 方向: SELL, 手数: 1, 价格: 4998.000,手续费: 29.24
    INFO - 时间: 2019-07-30 09:30:00.000000, 合约: CFFEX.IC1908, 开平: OPEN, 方向: BUY, 手数: 1, 价格: 4857.600,手续费: 29.24
    INFO - 时间: 2019-08-13 09:30:00.000000, 合约: CFFEX.IC1908, 开平: CLOSE, 方向: SELL, 手数: 1, 价格: 4650.800,手续费: 29.24
    INFO - 时间: 2019-08-23 09:30:00.000000, 合约: CFFEX.IC1909, 开平: OPEN, 方向: BUY, 手数: 1, 价格: 4843.200,手续费: 29.24
    INFO - 时间: 2019-09-05 09:30:00.000000, 合约: CFFEX.IC1909, 开平: CLOSE, 方向: SELL, 手数: 1, 价格: 5129.800,手续费: 29.24
    INFO - 时间: 2019-09-23 09:30:00.000000, 合约: CFFEX.IC1910, 开平: OPEN, 方向: BUY, 手数: 1, 价格: 5140.200,手续费: 29.24
    INFO - 时间: 2019-09-27 09:30:00.000000, 合约: CFFEX.IC1910, 开平: CLOSE, 方向: SELL, 手数: 1, 价格: 4965.800,手续费: 29.24
    INFO - 时间: 2019-10-29 09:30:00.000000, 合约: CFFEX.IC1911, 开平: OPEN, 方向: BUY, 手数: 1, 价格: 5044.200,手续费: 29.24
    INFO - 时间: 2019-10-30 09:30:00.000000, 合约: CFFEX.IC1911, 开平: CLOSE, 方向: SELL, 手数: 1, 价格: 4963.200,手续费: 29.24
    INFO - 时间: 2020-02-13 09:30:00.000000, 合约: CFFEX.IC2002, 开平: OPEN, 方向: BUY, 手数: 1, 价格: 5431.600,手续费: 29.24
    INFO - 时间: 2020-02-19 09:30:00.000000, 合约: CFFEX.IC2003, 开平: OPEN, 方向: BUY, 手数: 1, 价格: 5586.400,手续费: 29.24
    INFO - 时间: 2020-02-20 09:30:00.000000, 合约: CFFEX.IC2003, 开平: CLOSE, 方向: SELL, 手数: 1, 价格: 5589.800,手续费: 29.24
    INFO - 时间: 2020-04-08 09:30:00.000000, 合约: CFFEX.IC2004, 开平: OPEN, 方向: BUY, 手数: 1, 价格: 5195.600,手续费: 29.24
    INFO - 时间: 2020-04-17 09:30:00.000000, 合约: CFFEX.IC2005, 开平: OPEN, 方向: BUY, 手数: 1, 价格: 5309.000,手续费: 29.24
    INFO - 时间: 2020-05-14 09:30:00.000000, 合约: CFFEX.IC2006, 开平: OPEN, 方向: BUY, 手数: 1, 价格: 5413.400,手续费: 29.24
    INFO - 时间: 2020-06-12 09:30:00.000000, 合约: CFFEX.IC2006, 开平: CLOSE, 方向: SELL, 手数: 1, 价格: 5507.000,手续费: 29.24
    INFO - 时间: 2020-06-18 09:30:00.000000, 合约: CFFEX.IC2007, 开平: OPEN, 方向: BUY, 手数: 1, 价格: 5605.800,手续费: 29.24
    INFO - 时间: 2020-06-29 09:30:00.000000, 合约: CFFEX.IC2007, 开平: CLOSE, 方向: SELL, 手数: 1, 价格: 5729.200,手续费: 29.24
    INFO - 时间: 2020-07-21 09:30:00.000000, 合约: CFFEX.IC2008, 开平: OPEN, 方向: BUY, 手数: 1, 价格: 6472.000,手续费: 29.24
    INFO - 时间: 2020-08-17 09:30:00.000000, 合约: CFFEX.IC2008, 开平: CLOSE, 方向: SELL, 手数: 1, 价格: 6656.800,手续费: 29.24
    INFO - 时间: 2020-08-20 09:30:00.000000, 合约: CFFEX.IC2009, 开平: OPEN, 方向: BUY, 手数: 1, 价格: 6488.200,手续费: 29.44
    INFO - 时间: 2020-08-31 09:30:00.000000, 合约: CFFEX.IC2009, 开平: CLOSE, 方向: SELL, 手数: 1, 价格: 6704.800,手续费: 29.44
    INFO - 时间: 2020-10-21 09:30:00.000000, 合约: CFFEX.IC2011, 开平: OPEN, 方向: BUY, 手数: 1, 价格: 6350.200,手续费: 29.27
    INFO - 时间: 2020-10-27 09:30:00.000000, 合约: CFFEX.IC2011, 开平: CLOSE, 方向: SELL, 手数: 1, 价格: 6161.200,手续费: 29.27
    INFO - 时间: 2020-11-19 09:30:00.000000, 合约: CFFEX.IC2012, 开平: OPEN, 方向: BUY, 手数: 1, 价格: 6260.200,手续费: 29.05
    INFO - 时间: 2020-11-26 09:30:00.000000, 合约: CFFEX.IC2012, 开平: CLOSE, 方向: SELL, 手数: 1, 价格: 6325.000,手续费: 29.05
    INFO - 时间: 2021-01-05 09:30:00.000000, 合约: CFFEX.IC2101, 开平: OPEN, 方向: BUY, 手数: 1, 价格: 6434.600,手续费: 29.70
    INFO - 时间: 2021-01-11 09:30:00.000000, 合约: CFFEX.IC2101, 开平: CLOSE, 方向: SELL, 手数: 1, 价格: 6556.800,手续费: 29.70
    INFO - 时间: 2021-01-19 09:30:00.000000, 合约: CFFEX.IC2102, 开平: OPEN, 方向: BUY, 手数: 1, 价格: 6442.400,手续费: 30.29
    INFO - 时间: 2021-02-01 09:30:00.000000, 合约: CFFEX.IC2102, 开平: CLOSE, 方向: SELL, 手数: 1, 价格: 6321.800,手续费: 30.29
    INFO - 时间: 2021-02-19 09:30:00.000000, 合约: CFFEX.IC2103, 开平: OPEN, 方向: BUY, 手数: 1, 价格: 6500.200,手续费: 28.79
    INFO - 时间: 2021-02-25 09:30:00.000000, 合约: CFFEX.IC2103, 开平: CLOSE, 方向: SELL, 手数: 1, 价格: 6562.000,手续费: 28.79
    INFO - 时间: 2021-03-31 09:30:00.000000, 合约: CFFEX.IC2104, 开平: OPEN, 方向: BUY, 手数: 1, 价格: 6242.200,手续费: 28.88
    INFO - 时间: 2021-04-01 09:30:00.000000, 合约: CFFEX.IC2104, 开平: CLOSE, 方向: SELL, 手数: 1, 价格: 6239.200,手续费: 28.88
    INFO - 时间: 2021-05-07 09:30:00.000000, 合约: CFFEX.IC2105, 开平: OPEN, 方向: BUY, 手数: 1, 价格: 6473.400,手续费: 30.19
    INFO - 时间: 2021-05-10 09:30:00.000000, 合约: CFFEX.IC2105, 开平: CLOSE, 方向: SELL, 手数: 1, 价格: 6444.800,手续费: 30.19
    INFO - 时间: 2021-06-01 09:30:00.000000, 合约: CFFEX.IC2106, 开平: OPEN, 方向: BUY, 手数: 1, 价格: 6669.400,手续费: 30.41
    INFO - 时间: 2021-06-15 09:30:00.000000, 合约: CFFEX.IC2106, 开平: CLOSE, 方向: SELL, 手数: 1, 价格: 6732.800,手续费: 30.41
    INFO - 时间: 2021-06-22 09:30:00.000000, 合约: CFFEX.IC2107, 开平: OPEN, 方向: BUY, 手数: 1, 价格: 6661.200,手续费: 31.83
    INFO - 时间: 2021-06-25 09:30:00.000000, 合约: CFFEX.IC2107, 开平: CLOSE, 方向: SELL, 手数: 1, 价格: 6729.800,手续费: 31.83
    INFO - 时间: 2021-08-05 09:30:00.000000, 合约: CFFEX.IC2108, 开平: OPEN, 方向: BUY, 手数: 1, 价格: 6855.000,手续费: 31.93
    INFO - 时间: 2021-08-16 09:30:00.000000, 合约: CFFEX.IC2108, 开平: CLOSE, 方向: SELL, 手数: 1, 价格: 7074.000,手续费: 31.93
    INFO - 时间: 2021-08-19 09:30:00.000000, 合约: CFFEX.IC2109, 开平: OPEN, 方向: BUY, 手数: 1, 价格: 6851.800,手续费: 34.32
    INFO - 时间: 2021-09-15 09:30:00.000000, 合约: CFFEX.IC2109, 开平: CLOSE, 方向: SELL, 手数: 1, 价格: 7544.200,手续费: 34.32
    INFO - 时间: 2021-09-16 09:30:00.000000, 合约: CFFEX.IC2110, 开平: OPEN, 方向: BUY, 手数: 1, 价格: 7559.200,手续费: 32.28
    INFO - 时间: 2021-09-27 09:30:00.000000, 合约: CFFEX.IC2110, 开平: CLOSE, 方向: SELL, 手数: 1, 价格: 7389.800,手续费: 32.28
    INFO - 时间: 2021-12-07 09:30:00.000000, 合约: CFFEX.IC2112, 开平: OPEN, 方向: BUY, 手数: 1, 价格: 7240.800,手续费: 33.93
    INFO - 时间: 2021-12-10 09:30:00.000000, 合约: CFFEX.IC2112, 开平: CLOSE, 方向: SELL, 手数: 1, 价格: 7288.000,手续费: 33.93
    INFO - 时间: 2022-05-20 09:30:00.000000, 合约: CFFEX.IC2206, 开平: OPEN, 方向: BUY, 手数: 1, 价格: 5802.200,手续费: 28.80
    INFO - 时间: 2022-06-10 09:30:00.000000, 合约: CFFEX.IC2206, 开平: CLOSE, 方向: SELL, 手数: 1, 价格: 6079.800,手续费: 28.80
    INFO - 时间: 2022-06-21 09:30:00.000000, 合约: CFFEX.IC2207, 开平: OPEN, 方向: BUY, 手数: 1, 价格: 6265.800,手续费: 28.97
    INFO - 时间: 2022-06-29 09:30:00.000000, 合约: CFFEX.IC2207, 开平: CLOSE, 方向: SELL, 手数: 1, 价格: 6467.800,手续费: 28.97
    INFO - 时间: 2022-08-09 09:30:00.000000, 合约: CFFEX.IC2208, 开平: OPEN, 方向: BUY, 手数: 1, 价格: 6282.000,手续费: 29.77
    INFO - 时间: 2022-08-12 09:30:00.000000, 合约: CFFEX.IC2208, 开平: CLOSE, 方向: SELL, 手数: 1, 价格: 6418.000,手续费: 29.77
    INFO - 模拟交易账户资金, 账户: bigo
    INFO - 日期: 2018-01-01, 账户权益: 1000000.00, 可用资金: 1000000.00, 浮动盈亏: 0.00, 持仓盈亏: 0.00, 平仓盈亏: 0.00, 市值: 0.00, 保证金: 0.00, 手续费: 0.00, 风险度: 0.00%
    INFO - 日期: 2018-01-02, 账户权益: 1000000.00, 可用资金: 1000000.00, 浮动盈亏: 0.00, 持仓盈亏: 0.00, 平仓盈亏: 0.00, 市值: 0.00, 保证金: 0.00, 手续费: 0.00, 风险度: 0.00%
    INFO - 日期: 2018-01-03, 账户权益: 1000000.00, 可用资金: 1000000.00, 浮动盈亏: 0.00, 持仓盈亏: 0.00, 平仓盈亏: 0.00, 市值: 0.00, 保证金: 0.00, 手续费: 0.00, 风险度: 0.00%
    INFO - 日期: 2018-01-04, 账户权益: 1000000.00, 可用资金: 1000000.00, 浮动盈亏: 0.00, 持仓盈亏: 0.00, 平仓盈亏: 0.00, 市值: 0.00, 保证金: 0.00, 手续费: 0.00, 风险度: 0.00%
    INFO - 日期: 2018-01-05, 账户权益: 1000000.00, 可用资金: 1000000.00, 浮动盈亏: 0.00, 持仓盈亏: 0.00, 平仓盈亏: 0.00, 市值: 0.00, 保证金: 0.00, 手续费: 0.00, 风险度: 0.00%
    INFO - 日期: 2018-01-08, 账户权益: 1000000.00, 可用资金: 1000000.00, 浮动盈亏: 0.00, 持仓盈亏: 0.00, 平仓盈亏: 0.00, 市值: 0.00, 保证金: 0.00, 手续费: 0.00, 风险度: 0.00%
    INFO - 日期: 2018-01-09, 账户权益: 1000000.00, 可用资金: 1000000.00, 浮动盈亏: 0.00, 持仓盈亏: 0.00, 平仓盈亏: 0.00, 市值: 0.00, 保证金: 0.00, 手续费: 0.00, 风险度: 0.00%
    INFO - 日期: 2018-01-10, 账户权益: 1000000.00, 可用资金: 1000000.00, 浮动盈亏: 0.00, 持仓盈亏: 0.00, 平仓盈亏: 0.00, 市值: 0.00, 保证金: 0.00, 手续费: 0.00, 风险度: 0.00%
    INFO - 日期: 2018-01-11, 账户权益: 1000000.00, 可用资金: 1000000.00, 浮动盈亏: 0.00, 持仓盈亏: 0.00, 平仓盈亏: 0.00, 市值: 0.00, 保证金: 0.00, 手续费: 0.00, 风险度: 0.00%
    INFO - 日期: 2018-01-12, 账户权益: 1000000.00, 可用资金: 1000000.00, 浮动盈亏: 0.00, 持仓盈亏: 0.00, 平仓盈亏: 0.00, 市值: 0.00, 保证金: 0.00, 手续费: 0.00, 风险度: 0.00%
    INFO - 日期: 2018-01-15, 账户权益: 1000000.00, 可用资金: 1000000.00, 浮动盈亏: 0.00, 持仓盈亏: 0.00, 平仓盈亏: 0.00, 市值: 0.00, 保证金: 0.00, 手续费: 0.00, 风险度: 0.00%
    INFO - 日期: 2018-01-16, 账户权益: 1000000.00, 可用资金: 1000000.00, 浮动盈亏: 0.00, 持仓盈亏: 0.00, 平仓盈亏: 0.00, 市值: 0.00, 保证金: 0.00, 手续费: 0.00, 风险度: 0.00%
    INFO - 日期: 2018-01-17, 账户权益: 1000000.00, 可用资金: 1000000.00, 浮动盈亏: 0.00, 持仓盈亏: 0.00, 平仓盈亏: 0.00, 市值: 0.00, 保证金: 0.00, 手续费: 0.00, 风险度: 0.00%
    INFO - 日期: 2018-01-18, 账户权益: 1000000.00, 可用资金: 1000000.00, 浮动盈亏: 0.00, 持仓盈亏: 0.00, 平仓盈亏: 0.00, 市值: 0.00, 保证金: 0.00, 手续费: 0.00, 风险度: 0.00%
    INFO - 日期: 2018-01-19, 账户权益: 1000000.00, 可用资金: 1000000.00, 浮动盈亏: 0.00, 持仓盈亏: 0.00, 平仓盈亏: 0.00, 市值: 0.00, 保证金: 0.00, 手续费: 0.00, 风险度: 0.00%
    INFO - 日期: 2018-01-22, 账户权益: 1000000.00, 可用资金: 1000000.00, 浮动盈亏: 0.00, 持仓盈亏: 0.00, 平仓盈亏: 0.00, 市值: 0.00, 保证金: 0.00, 手续费: 0.00, 风险度: 0.00%
    INFO - 日期: 2018-01-23, 账户权益: 1000000.00, 可用资金: 1000000.00, 浮动盈亏: 0.00, 持仓盈亏: 0.00, 平仓盈亏: 0.00, 市值: 0.00, 保证金: 0.00, 手续费: 0.00, 风险度: 0.00%
    INFO - 日期: 2018-01-24, 账户权益: 1000000.00, 可用资金: 1000000.00, 浮动盈亏: 0.00, 持仓盈亏: 0.00, 平仓盈亏: 0.00, 市值: 0.00, 保证金: 0.00, 手续费: 0.00, 风险度: 0.00%
    INFO - 日期: 2018-01-25, 账户权益: 1000000.00, 可用资金: 1000000.00, 浮动盈亏: 0.00, 持仓盈亏: 0.00, 平仓盈亏: 0.00, 市值: 0.00, 保证金: 0.00, 手续费: 0.00, 风险度: 0.00%
    INFO - 日期: 2018-01-26, 账户权益: 1000000.00, 可用资金: 1000000.00, 浮动盈亏: 0.00, 持仓盈亏: 0.00, 平仓盈亏: 0.00, 市值: 0.00, 保证金: 0.00, 手续费: 0.00, 风险度: 0.00%
    INFO - 日期: 2018-01-29, 账户权益: 1000000.00, 可用资金: 1000000.00, 浮动盈亏: 0.00, 持仓盈亏: 0.00, 平仓盈亏: 0.00, 市值: 0.00, 保证金: 0.00, 手续费: 0.00, 风险度: 0.00%
    INFO - 日期: 2018-01-30, 账户权益: 1000000.00, 可用资金: 1000000.00, 浮动盈亏: 0.00, 持仓盈亏: 0.00, 平仓盈亏: 0.00, 市值: 0.00, 保证金: 0.00, 手续费: 0.00, 风险度: 0.00%
    INFO - 日期: 2018-01-31, 账户权益: 1000000.00, 可用资金: 1000000.00, 浮动盈亏: 0.00, 持仓盈亏: 0.00, 平仓盈亏: 0.00, 市值: 0.00, 保证金: 0.00, 手续费: 0.00, 风险度: 0.00%
    INFO - 日期: 2018-02-01, 账户权益: 1000000.00, 可用资金: 1000000.00, 浮动盈亏: 0.00, 持仓盈亏: 0.00, 平仓盈亏: 0.00, 市值: 0.00, 保证金: 0.00, 手续费: 0.00, 风险度: 0.00%
    INFO - 日期: 2018-02-02, 账户权益: 1000000.00, 可用资金: 1000000.00, 浮动盈亏: 0.00, 持仓盈亏: 0.00, 平仓盈亏: 0.00, 市值: 0.00, 保证金: 0.00, 手续费: 0.00, 风险度: 0.00%
    INFO - 日期: 2018-02-05, 账户权益: 1000000.00, 可用资金: 1000000.00, 浮动盈亏: 0.00, 持仓盈亏: 0.00, 平仓盈亏: 0.00, 市值: 0.00, 保证金: 0.00, 手续费: 0.00, 风险度: 0.00%
    INFO - 日期: 2018-02-06, 账户权益: 1000000.00, 可用资金: 1000000.00, 浮动盈亏: 0.00, 持仓盈亏: 0.00, 平仓盈亏: 0.00, 市值: 0.00, 保证金: 0.00, 手续费: 0.00, 风险度: 0.00%
    INFO - 日期: 2018-02-07, 账户权益: 1000000.00, 可用资金: 1000000.00, 浮动盈亏: 0.00, 持仓盈亏: 0.00, 平仓盈亏: 0.00, 市值: 0.00, 保证金: 0.00, 手续费: 0.00, 风险度: 0.00%
    INFO - 日期: 2018-02-08, 账户权益: 1000000.00, 可用资金: 1000000.00, 浮动盈亏: 0.00, 持仓盈亏: 0.00, 平仓盈亏: 0.00, 市值: 0.00, 保证金: 0.00, 手续费: 0.00, 风险度: 0.00%
    INFO - 日期: 2018-02-09, 账户权益: 1000000.00, 可用资金: 1000000.00, 浮动盈亏: 0.00, 持仓盈亏: 0.00, 平仓盈亏: 0.00, 市值: 0.00, 保证金: 0.00, 手续费: 0.00, 风险度: 0.00%
    INFO - 日期: 2018-02-12, 账户权益: 1000000.00, 可用资金: 1000000.00, 浮动盈亏: 0.00, 持仓盈亏: 0.00, 平仓盈亏: 0.00, 市值: 0.00, 保证金: 0.00, 手续费: 0.00, 风险度: 0.00%
    INFO - 日期: 2018-02-13, 账户权益: 1000000.00, 可用资金: 1000000.00, 浮动盈亏: 0.00, 持仓盈亏: 0.00, 平仓盈亏: 0.00, 市值: 0.00, 保证金: 0.00, 手续费: 0.00, 风险度: 0.00%
    INFO - 日期: 2018-02-14, 账户权益: 1000000.00, 可用资金: 1000000.00, 浮动盈亏: 0.00, 持仓盈亏: 0.00, 平仓盈亏: 0.00, 市值: 0.00, 保证金: 0.00, 手续费: 0.00, 风险度: 0.00%
    INFO - 日期: 2018-02-22, 账户权益: 1000000.00, 可用资金: 1000000.00, 浮动盈亏: 0.00, 持仓盈亏: 0.00, 平仓盈亏: 0.00, 市值: 0.00, 保证金: 0.00, 手续费: 0.00, 风险度: 0.00%
    INFO - 日期: 2018-02-23, 账户权益: 1000000.00, 可用资金: 1000000.00, 浮动盈亏: 0.00, 持仓盈亏: 0.00, 平仓盈亏: 0.00, 市值: 0.00, 保证金: 0.00, 手续费: 0.00, 风险度: 0.00%
    INFO - 日期: 2018-02-26, 账户权益: 1000000.00, 可用资金: 1000000.00, 浮动盈亏: 0.00, 持仓盈亏: 0.00, 平仓盈亏: 0.00, 市值: 0.00, 保证金: 0.00, 手续费: 0.00, 风险度: 0.00%
    INFO - 日期: 2018-02-27, 账户权益: 1000000.00, 可用资金: 1000000.00, 浮动盈亏: 0.00, 持仓盈亏: 0.00, 平仓盈亏: 0.00, 市值: 0.00, 保证金: 0.00, 手续费: 0.00, 风险度: 0.00%
    INFO - 日期: 2018-02-28, 账户权益: 1000000.00, 可用资金: 1000000.00, 浮动盈亏: 0.00, 持仓盈亏: 0.00, 平仓盈亏: 0.00, 市值: 0.00, 保证金: 0.00, 手续费: 0.00, 风险度: 0.00%
    INFO - 日期: 2018-03-01, 账户权益: 1019930.76, 可用资金: 867391.56, 浮动盈亏: 19960.00, 持仓盈亏: 19960.00, 平仓盈亏: 0.00, 市值: 0.00, 保证金: 152539.20, 手续费: 29.24, 风险度: 14.96%
    INFO - 日期: 2018-03-02, 账户权益: 1015410.76, 可用资金: 862871.56, 浮动盈亏: 15440.00, 持仓盈亏: -4520.00, 平仓盈亏: 0.00, 市值: 0.00, 保证金: 152539.20, 手续费: 0.00, 风险度: 15.02%
    INFO - 日期: 2018-03-05, 账户权益: 1018341.53, 可用资金: 1018341.53, 浮动盈亏: 0.00, 持仓盈亏: 0.00, 平仓盈亏: 2960.00, 市值: 0.00, 保证金: 0.00, 手续费: 29.24, 风险度: 0.00%
    INFO - 日期: 2018-03-06, 账户权益: 1018341.53, 可用资金: 1018341.53, 浮动盈亏: 0.00, 持仓盈亏: 0.00, 平仓盈亏: 0.00, 市值: 0.00, 保证金: 0.00, 手续费: 0.00, 风险度: 0.00%
    INFO - 日期: 2018-03-07, 账户权益: 1018341.53, 可用资金: 1018341.53, 浮动盈亏: 0.00, 持仓盈亏: 0.00, 平仓盈亏: 0.00, 市值: 0.00, 保证金: 0.00, 手续费: 0.00, 风险度: 0.00%
    INFO - 日期: 2018-03-08, 账户权益: 1018341.53, 可用资金: 1018341.53, 浮动盈亏: 0.00, 持仓盈亏: 0.00, 平仓盈亏: 0.00, 市值: 0.00, 保证金: 0.00, 手续费: 0.00, 风险度: 0.00%
    INFO - 日期: 2018-03-09, 账户权益: 1018341.53, 可用资金: 1018341.53, 浮动盈亏: 0.00, 持仓盈亏: 0.00, 平仓盈亏: 0.00, 市值: 0.00, 保证金: 0.00, 手续费: 0.00, 风险度: 0.00%
    INFO - 日期: 2018-03-12, 账户权益: 1018341.53, 可用资金: 1018341.53, 浮动盈亏: 0.00, 持仓盈亏: 0.00, 平仓盈亏: 0.00, 市值: 0.00, 保证金: 0.00, 手续费: 0.00, 风险度: 0.00%
    INFO - 日期: 2018-03-13, 账户权益: 1018341.53, 可用资金: 1018341.53, 浮动盈亏: 0.00, 持仓盈亏: 0.00, 平仓盈亏: 0.00, 市值: 0.00, 保证金: 0.00, 手续费: 0.00, 风险度: 0.00%
    INFO - 日期: 2018-03-14, 账户权益: 1018341.53, 可用资金: 1018341.53, 浮动盈亏: 0.00, 持仓盈亏: 0.00, 平仓盈亏: 0.00, 市值: 0.00, 保证金: 0.00, 手续费: 0.00, 风险度: 0.00%
    INFO - 日期: 2018-03-15, 账户权益: 1018341.53, 可用资金: 1018341.53, 浮动盈亏: 0.00, 持仓盈亏: 0.00, 平仓盈亏: 0.00, 市值: 0.00, 保证金: 0.00, 手续费: 0.00, 风险度: 0.00%
    INFO - 日期: 2018-03-16, 账户权益: 1018341.53, 可用资金: 1018341.53, 浮动盈亏: 0.00, 持仓盈亏: 0.00, 平仓盈亏: 0.00, 市值: 0.00, 保证金: 0.00, 手续费: 0.00, 风险度: 0.00%
    INFO - 日期: 2018-03-19, 账户权益: 1018341.53, 可用资金: 1018341.53, 浮动盈亏: 0.00, 持仓盈亏: 0.00, 平仓盈亏: 0.00, 市值: 0.00, 保证金: 0.00, 手续费: 0.00, 风险度: 0.00%
    INFO - 日期: 2018-03-20, 账户权益: 1028912.29, 可用资金: 876373.09, 浮动盈亏: 10600.00, 持仓盈亏: 10600.00, 平仓盈亏: 0.00, 市值: 0.00, 保证金: 152539.20, 手续费: 29.24, 风险度: 14.83%
    INFO - 日期: 2018-03-21, 账户权益: 1016272.29, 可用资金: 863733.09, 浮动盈亏: -2040.00, 持仓盈亏: -12640.00, 平仓盈亏: 0.00, 市值: 0.00, 保证金: 152539.20, 手续费: 0.00, 风险度: 15.01%
    INFO - 日期: 2018-03-22, 账户权益: 1015752.29, 可用资金: 863213.09, 浮动盈亏: -2560.00, 持仓盈亏: -520.00, 平仓盈亏: 0.00, 市值: 0.00, 保证金: 152539.20, 手续费: 0.00, 风险度: 15.02%
    INFO - 日期: 2018-03-23, 账户权益: 941392.29, 可用资金: 788853.09, 浮动盈亏: -76920.00, 持仓盈亏: -74360.00, 平仓盈亏: 0.00, 市值: 0.00, 保证金: 152539.20, 手续费: 0.00, 风险度: 16.20%
    INFO - 日期: 2018-03-26, 账户权益: 977472.29, 可用资金: 824933.09, 浮动盈亏: -40840.00, 持仓盈亏: 36080.00, 平仓盈亏: 0.00, 市值: 0.00, 保证金: 152539.20, 手续费: 0.00, 风险度: 15.61%
    INFO - 日期: 2018-03-27, 账户权益: 1009392.29, 可用资金: 856853.09, 浮动盈亏: -8920.00, 持仓盈亏: 31920.00, 平仓盈亏: 0.00, 市值: 0.00, 保证金: 152539.20, 手续费: 0.00, 风险度: 15.11%
    INFO - 日期: 2018-03-28, 账户权益: 991312.29, 可用资金: 838773.09, 浮动盈亏: -27000.00, 持仓盈亏: -18080.00, 平仓盈亏: 0.00, 市值: 0.00, 保证金: 152539.20, 手续费: 0.00, 风险度: 15.39%
    INFO - 日期: 2018-03-29, 账户权益: 1010672.29, 可用资金: 858133.09, 浮动盈亏: -7640.00, 持仓盈亏: 19360.00, 平仓盈亏: 0.00, 市值: 0.00, 保证金: 152539.20, 手续费: 0.00, 风险度: 15.09%
    INFO - 日期: 2018-03-30, 账户权益: 1028472.29, 可用资金: 875933.09, 浮动盈亏: 10160.00, 持仓盈亏: 17800.00, 平仓盈亏: 0.00, 市值: 0.00, 保证金: 152539.20, 手续费: 0.00, 风险度: 14.83%
    INFO - 日期: 2018-04-02, 账户权益: 1034163.05, 可用资金: 1034163.05, 浮动盈亏: 0.00, 持仓盈亏: 0.00, 平仓盈亏: 5720.00, 市值: 0.00, 保证金: 0.00, 手续费: 29.24, 风险度: 0.00%
    INFO - 日期: 2018-04-03, 账户权益: 1034163.05, 可用资金: 1034163.05, 浮动盈亏: 0.00, 持仓盈亏: 0.00, 平仓盈亏: 0.00, 市值: 0.00, 保证金: 0.00, 手续费: 0.00, 风险度: 0.00%
    INFO - 日期: 2018-04-04, 账户权益: 1034163.05, 可用资金: 1034163.05, 浮动盈亏: 0.00, 持仓盈亏: 0.00, 平仓盈亏: 0.00, 市值: 0.00, 保证金: 0.00, 手续费: 0.00, 风险度: 0.00%
    INFO - 日期: 2018-04-09, 账户权益: 1034163.05, 可用资金: 1034163.05, 浮动盈亏: 0.00, 持仓盈亏: 0.00, 平仓盈亏: 0.00, 市值: 0.00, 保证金: 0.00, 手续费: 0.00, 风险度: 0.00%
    INFO - 日期: 2018-04-10, 账户权益: 1034163.05, 可用资金: 1034163.05, 浮动盈亏: 0.00, 持仓盈亏: 0.00, 平仓盈亏: 0.00, 市值: 0.00, 保证金: 0.00, 手续费: 0.00, 风险度: 0.00%
    INFO - 日期: 2018-04-11, 账户权益: 1034163.05, 可用资金: 1034163.05, 浮动盈亏: 0.00, 持仓盈亏: 0.00, 平仓盈亏: 0.00, 市值: 0.00, 保证金: 0.00, 手续费: 0.00, 风险度: 0.00%
    INFO - 日期: 2018-04-12, 账户权益: 1034163.05, 可用资金: 1034163.05, 浮动盈亏: 0.00, 持仓盈亏: 0.00, 平仓盈亏: 0.00, 市值: 0.00, 保证金: 0.00, 手续费: 0.00, 风险度: 0.00%
    INFO - 日期: 2018-04-13, 账户权益: 1034163.05, 可用资金: 1034163.05, 浮动盈亏: 0.00, 持仓盈亏: 0.00, 平仓盈亏: 0.00, 市值: 0.00, 保证金: 0.00, 手续费: 0.00, 风险度: 0.00%
    INFO - 日期: 2018-04-16, 账户权益: 1034163.05, 可用资金: 1034163.05, 浮动盈亏: 0.00, 持仓盈亏: 0.00, 平仓盈亏: 0.00, 市值: 0.00, 保证金: 0.00, 手续费: 0.00, 风险度: 0.00%
    INFO - 日期: 2018-04-17, 账户权益: 1034163.05, 可用资金: 1034163.05, 浮动盈亏: 0.00, 持仓盈亏: 0.00, 平仓盈亏: 0.00, 市值: 0.00, 保证金: 0.00, 手续费: 0.00, 风险度: 0.00%
    INFO - 日期: 2018-04-18, 账户权益: 1034163.05, 可用资金: 1034163.05, 浮动盈亏: 0.00, 持仓盈亏: 0.00, 平仓盈亏: 0.00, 市值: 0.00, 保证金: 0.00, 手续费: 0.00, 风险度: 0.00%
    INFO - 日期: 2018-04-19, 账户权益: 1034163.05, 可用资金: 1034163.05, 浮动盈亏: 0.00, 持仓盈亏: 0.00, 平仓盈亏: 0.00, 市值: 0.00, 保证金: 0.00, 手续费: 0.00, 风险度: 0.00%
    INFO - 日期: 2018-04-20, 账户权益: 1034163.05, 可用资金: 1034163.05, 浮动盈亏: 0.00, 持仓盈亏: 0.00, 平仓盈亏: 0.00, 市值: 0.00, 保证金: 0.00, 手续费: 0.00, 风险度: 0.00%
    INFO - 日期: 2018-04-23, 账户权益: 1034163.05, 可用资金: 1034163.05, 浮动盈亏: 0.00, 持仓盈亏: 0.00, 平仓盈亏: 0.00, 市值: 0.00, 保证金: 0.00, 手续费: 0.00, 风险度: 0.00%
    INFO - 日期: 2018-04-24, 账户权益: 1034163.05, 可用资金: 1034163.05, 浮动盈亏: 0.00, 持仓盈亏: 0.00, 平仓盈亏: 0.00, 市值: 0.00, 保证金: 0.00, 手续费: 0.00, 风险度: 0.00%
    INFO - 日期: 2018-04-25, 账户权益: 1034163.05, 可用资金: 1034163.05, 浮动盈亏: 0.00, 持仓盈亏: 0.00, 平仓盈亏: 0.00, 市值: 0.00, 保证金: 0.00, 手续费: 0.00, 风险度: 0.00%
    INFO - 日期: 2018-04-26, 账户权益: 1034163.05, 可用资金: 1034163.05, 浮动盈亏: 0.00, 持仓盈亏: 0.00, 平仓盈亏: 0.00, 市值: 0.00, 保证金: 0.00, 手续费: 0.00, 风险度: 0.00%
    INFO - 日期: 2018-04-27, 账户权益: 1034163.05, 可用资金: 1034163.05, 浮动盈亏: 0.00, 持仓盈亏: 0.00, 平仓盈亏: 0.00, 市值: 0.00, 保证金: 0.00, 手续费: 0.00, 风险度: 0.00%
    INFO - 日期: 2018-05-02, 账户权益: 1034163.05, 可用资金: 1034163.05, 浮动盈亏: 0.00, 持仓盈亏: 0.00, 平仓盈亏: 0.00, 市值: 0.00, 保证金: 0.00, 手续费: 0.00, 风险度: 0.00%
    INFO - 日期: 2018-05-03, 账户权益: 1034163.05, 可用资金: 1034163.05, 浮动盈亏: 0.00, 持仓盈亏: 0.00, 平仓盈亏: 0.00, 市值: 0.00, 保证金: 0.00, 手续费: 0.00, 风险度: 0.00%
    INFO - 日期: 2018-05-04, 账户权益: 1034163.05, 可用资金: 1034163.05, 浮动盈亏: 0.00, 持仓盈亏: 0.00, 平仓盈亏: 0.00, 市值: 0.00, 保证金: 0.00, 手续费: 0.00, 风险度: 0.00%
    INFO - 日期: 2018-05-07, 账户权益: 1034163.05, 可用资金: 1034163.05, 浮动盈亏: 0.00, 持仓盈亏: 0.00, 平仓盈亏: 0.00, 市值: 0.00, 保证金: 0.00, 手续费: 0.00, 风险度: 0.00%
    INFO - 日期: 2018-05-08, 账户权益: 1034163.05, 可用资金: 1034163.05, 浮动盈亏: 0.00, 持仓盈亏: 0.00, 平仓盈亏: 0.00, 市值: 0.00, 保证金: 0.00, 手续费: 0.00, 风险度: 0.00%
    INFO - 日期: 2018-05-09, 账户权益: 1034163.05, 可用资金: 1034163.05, 浮动盈亏: 0.00, 持仓盈亏: 0.00, 平仓盈亏: 0.00, 市值: 0.00, 保证金: 0.00, 手续费: 0.00, 风险度: 0.00%
    INFO - 日期: 2018-05-10, 账户权益: 1037373.82, 可用资金: 884834.62, 浮动盈亏: 3240.00, 持仓盈亏: 3240.00, 平仓盈亏: 0.00, 市值: 0.00, 保证金: 152539.20, 手续费: 29.24, 风险度: 14.70%
    INFO - 日期: 2018-05-11, 账户权益: 1037944.58, 可用资金: 1037944.58, 浮动盈亏: 0.00, 持仓盈亏: 0.00, 平仓盈亏: 600.00, 市值: 0.00, 保证金: 0.00, 手续费: 29.24, 风险度: 0.00%
    INFO - 日期: 2018-05-14, 账户权益: 1037944.58, 可用资金: 1037944.58, 浮动盈亏: 0.00, 持仓盈亏: 0.00, 平仓盈亏: 0.00, 市值: 0.00, 保证金: 0.00, 手续费: 0.00, 风险度: 0.00%
    INFO - 日期: 2018-05-15, 账户权益: 1037944.58, 可用资金: 1037944.58, 浮动盈亏: 0.00, 持仓盈亏: 0.00, 平仓盈亏: 0.00, 市值: 0.00, 保证金: 0.00, 手续费: 0.00, 风险度: 0.00%
    INFO - 日期: 2018-05-16, 账户权益: 1037944.58, 可用资金: 1037944.58, 浮动盈亏: 0.00, 持仓盈亏: 0.00, 平仓盈亏: 0.00, 市值: 0.00, 保证金: 0.00, 手续费: 0.00, 风险度: 0.00%
    INFO - 日期: 2018-05-17, 账户权益: 1037944.58, 可用资金: 1037944.58, 浮动盈亏: 0.00, 持仓盈亏: 0.00, 平仓盈亏: 0.00, 市值: 0.00, 保证金: 0.00, 手续费: 0.00, 风险度: 0.00%
    INFO - 日期: 2018-05-18, 账户权益: 1037944.58, 可用资金: 1037944.58, 浮动盈亏: 0.00, 持仓盈亏: 0.00, 平仓盈亏: 0.00, 市值: 0.00, 保证金: 0.00, 手续费: 0.00, 风险度: 0.00%
    INFO - 日期: 2018-05-21, 账户权益: 1037944.58, 可用资金: 1037944.58, 浮动盈亏: 0.00, 持仓盈亏: 0.00, 平仓盈亏: 0.00, 市值: 0.00, 保证金: 0.00, 手续费: 0.00, 风险度: 0.00%
    INFO - 日期: 2018-05-22, 账户权益: 1037944.58, 可用资金: 1037944.58, 浮动盈亏: 0.00, 持仓盈亏: 0.00, 平仓盈亏: 0.00, 市值: 0.00, 保证金: 0.00, 手续费: 0.00, 风险度: 0.00%
    INFO - 日期: 2018-05-23, 账户权益: 1037944.58, 可用资金: 1037944.58, 浮动盈亏: 0.00, 持仓盈亏: 0.00, 平仓盈亏: 0.00, 市值: 0.00, 保证金: 0.00, 手续费: 0.00, 风险度: 0.00%
    INFO - 日期: 2018-05-24, 账户权益: 1037944.58, 可用资金: 1037944.58, 浮动盈亏: 0.00, 持仓盈亏: 0.00, 平仓盈亏: 0.00, 市值: 0.00, 保证金: 0.00, 手续费: 0.00, 风险度: 0.00%
    INFO - 日期: 2018-05-25, 账户权益: 1037944.58, 可用资金: 1037944.58, 浮动盈亏: 0.00, 持仓盈亏: 0.00, 平仓盈亏: 0.00, 市值: 0.00, 保证金: 0.00, 手续费: 0.00, 风险度: 0.00%
    INFO - 日期: 2018-05-28, 账户权益: 1037944.58, 可用资金: 1037944.58, 浮动盈亏: 0.00, 持仓盈亏: 0.00, 平仓盈亏: 0.00, 市值: 0.00, 保证金: 0.00, 手续费: 0.00, 风险度: 0.00%
    INFO - 日期: 2018-05-29, 账户权益: 1037944.58, 可用资金: 1037944.58, 浮动盈亏: 0.00, 持仓盈亏: 0.00, 平仓盈亏: 0.00, 市值: 0.00, 保证金: 0.00, 手续费: 0.00, 风险度: 0.00%
    INFO - 日期: 2018-05-30, 账户权益: 1037944.58, 可用资金: 1037944.58, 浮动盈亏: 0.00, 持仓盈亏: 0.00, 平仓盈亏: 0.00, 市值: 0.00, 保证金: 0.00, 手续费: 0.00, 风险度: 0.00%
    INFO - 日期: 2018-05-31, 账户权益: 1037944.58, 可用资金: 1037944.58, 浮动盈亏: 0.00, 持仓盈亏: 0.00, 平仓盈亏: 0.00, 市值: 0.00, 保证金: 0.00, 手续费: 0.00, 风险度: 0.00%
    INFO - 日期: 2018-06-01, 账户权益: 1037944.58, 可用资金: 1037944.58, 浮动盈亏: 0.00, 持仓盈亏: 0.00, 平仓盈亏: 0.00, 市值: 0.00, 保证金: 0.00, 手续费: 0.00, 风险度: 0.00%
    INFO - 日期: 2018-06-04, 账户权益: 1037944.58, 可用资金: 1037944.58, 浮动盈亏: 0.00, 持仓盈亏: 0.00, 平仓盈亏: 0.00, 市值: 0.00, 保证金: 0.00, 手续费: 0.00, 风险度: 0.00%
    INFO - 日期: 2018-06-05, 账户权益: 1037944.58, 可用资金: 1037944.58, 浮动盈亏: 0.00, 持仓盈亏: 0.00, 平仓盈亏: 0.00, 市值: 0.00, 保证金: 0.00, 手续费: 0.00, 风险度: 0.00%
    INFO - 日期: 2018-06-06, 账户权益: 1037944.58, 可用资金: 1037944.58, 浮动盈亏: 0.00, 持仓盈亏: 0.00, 平仓盈亏: 0.00, 市值: 0.00, 保证金: 0.00, 手续费: 0.00, 风险度: 0.00%
    INFO - 日期: 2018-06-07, 账户权益: 1037944.58, 可用资金: 1037944.58, 浮动盈亏: 0.00, 持仓盈亏: 0.00, 平仓盈亏: 0.00, 市值: 0.00, 保证金: 0.00, 手续费: 0.00, 风险度: 0.00%
    INFO - 日期: 2018-06-08, 账户权益: 1037944.58, 可用资金: 1037944.58, 浮动盈亏: 0.00, 持仓盈亏: 0.00, 平仓盈亏: 0.00, 市值: 0.00, 保证金: 0.00, 手续费: 0.00, 风险度: 0.00%
    INFO - 日期: 2018-06-11, 账户权益: 1037944.58, 可用资金: 1037944.58, 浮动盈亏: 0.00, 持仓盈亏: 0.00, 平仓盈亏: 0.00, 市值: 0.00, 保证金: 0.00, 手续费: 0.00, 风险度: 0.00%
    INFO - 日期: 2018-06-12, 账户权益: 1037944.58, 可用资金: 1037944.58, 浮动盈亏: 0.00, 持仓盈亏: 0.00, 平仓盈亏: 0.00, 市值: 0.00, 保证金: 0.00, 手续费: 0.00, 风险度: 0.00%
    INFO - 日期: 2018-06-13, 账户权益: 1037944.58, 可用资金: 1037944.58, 浮动盈亏: 0.00, 持仓盈亏: 0.00, 平仓盈亏: 0.00, 市值: 0.00, 保证金: 0.00, 手续费: 0.00, 风险度: 0.00%
    INFO - 日期: 2018-06-14, 账户权益: 1037944.58, 可用资金: 1037944.58, 浮动盈亏: 0.00, 持仓盈亏: 0.00, 平仓盈亏: 0.00, 市值: 0.00, 保证金: 0.00, 手续费: 0.00, 风险度: 0.00%
    INFO - 日期: 2018-06-15, 账户权益: 1037944.58, 可用资金: 1037944.58, 浮动盈亏: 0.00, 持仓盈亏: 0.00, 平仓盈亏: 0.00, 市值: 0.00, 保证金: 0.00, 手续费: 0.00, 风险度: 0.00%
    INFO - 日期: 2018-06-19, 账户权益: 1037944.58, 可用资金: 1037944.58, 浮动盈亏: 0.00, 持仓盈亏: 0.00, 平仓盈亏: 0.00, 市值: 0.00, 保证金: 0.00, 手续费: 0.00, 风险度: 0.00%
    INFO - 日期: 2018-06-20, 账户权益: 1037944.58, 可用资金: 1037944.58, 浮动盈亏: 0.00, 持仓盈亏: 0.00, 平仓盈亏: 0.00, 市值: 0.00, 保证金: 0.00, 手续费: 0.00, 风险度: 0.00%
    INFO - 日期: 2018-06-21, 账户权益: 1037944.58, 可用资金: 1037944.58, 浮动盈亏: 0.00, 持仓盈亏: 0.00, 平仓盈亏: 0.00, 市值: 0.00, 保证金: 0.00, 手续费: 0.00, 风险度: 0.00%
    INFO - 日期: 2018-06-22, 账户权益: 1037944.58, 可用资金: 1037944.58, 浮动盈亏: 0.00, 持仓盈亏: 0.00, 平仓盈亏: 0.00, 市值: 0.00, 保证金: 0.00, 手续费: 0.00, 风险度: 0.00%
    INFO - 日期: 2018-06-25, 账户权益: 1037944.58, 可用资金: 1037944.58, 浮动盈亏: 0.00, 持仓盈亏: 0.00, 平仓盈亏: 0.00, 市值: 0.00, 保证金: 0.00, 手续费: 0.00, 风险度: 0.00%
    INFO - 日期: 2018-06-26, 账户权益: 1037944.58, 可用资金: 1037944.58, 浮动盈亏: 0.00, 持仓盈亏: 0.00, 平仓盈亏: 0.00, 市值: 0.00, 保证金: 0.00, 手续费: 0.00, 风险度: 0.00%
    INFO - 日期: 2018-06-27, 账户权益: 1037944.58, 可用资金: 1037944.58, 浮动盈亏: 0.00, 持仓盈亏: 0.00, 平仓盈亏: 0.00, 市值: 0.00, 保证金: 0.00, 手续费: 0.00, 风险度: 0.00%
    INFO - 日期: 2018-06-28, 账户权益: 1037944.58, 可用资金: 1037944.58, 浮动盈亏: 0.00, 持仓盈亏: 0.00, 平仓盈亏: 0.00, 市值: 0.00, 保证金: 0.00, 手续费: 0.00, 风险度: 0.00%
    INFO - 日期: 2018-06-29, 账户权益: 1037944.58, 可用资金: 1037944.58, 浮动盈亏: 0.00, 持仓盈亏: 0.00, 平仓盈亏: 0.00, 市值: 0.00, 保证金: 0.00, 手续费: 0.00, 风险度: 0.00%
    INFO - 日期: 2018-07-02, 账户权益: 1037944.58, 可用资金: 1037944.58, 浮动盈亏: 0.00, 持仓盈亏: 0.00, 平仓盈亏: 0.00, 市值: 0.00, 保证金: 0.00, 手续费: 0.00, 风险度: 0.00%
    INFO - 日期: 2018-07-03, 账户权益: 1037944.58, 可用资金: 1037944.58, 浮动盈亏: 0.00, 持仓盈亏: 0.00, 平仓盈亏: 0.00, 市值: 0.00, 保证金: 0.00, 手续费: 0.00, 风险度: 0.00%
    INFO - 日期: 2018-07-04, 账户权益: 1037944.58, 可用资金: 1037944.58, 浮动盈亏: 0.00, 持仓盈亏: 0.00, 平仓盈亏: 0.00, 市值: 0.00, 保证金: 0.00, 手续费: 0.00, 风险度: 0.00%
    INFO - 日期: 2018-07-05, 账户权益: 1037944.58, 可用资金: 1037944.58, 浮动盈亏: 0.00, 持仓盈亏: 0.00, 平仓盈亏: 0.00, 市值: 0.00, 保证金: 0.00, 手续费: 0.00, 风险度: 0.00%
    INFO - 日期: 2018-07-06, 账户权益: 1037944.58, 可用资金: 1037944.58, 浮动盈亏: 0.00, 持仓盈亏: 0.00, 平仓盈亏: 0.00, 市值: 0.00, 保证金: 0.00, 手续费: 0.00, 风险度: 0.00%
    INFO - 日期: 2018-07-09, 账户权益: 1037944.58, 可用资金: 1037944.58, 浮动盈亏: 0.00, 持仓盈亏: 0.00, 平仓盈亏: 0.00, 市值: 0.00, 保证金: 0.00, 手续费: 0.00, 风险度: 0.00%
    INFO - 日期: 2018-07-10, 账户权益: 1037944.58, 可用资金: 1037944.58, 浮动盈亏: 0.00, 持仓盈亏: 0.00, 平仓盈亏: 0.00, 市值: 0.00, 保证金: 0.00, 手续费: 0.00, 风险度: 0.00%
    INFO - 日期: 2018-07-11, 账户权益: 1037944.58, 可用资金: 1037944.58, 浮动盈亏: 0.00, 持仓盈亏: 0.00, 平仓盈亏: 0.00, 市值: 0.00, 保证金: 0.00, 手续费: 0.00, 风险度: 0.00%
    INFO - 日期: 2018-07-12, 账户权益: 1037944.58, 可用资金: 1037944.58, 浮动盈亏: 0.00, 持仓盈亏: 0.00, 平仓盈亏: 0.00, 市值: 0.00, 保证金: 0.00, 手续费: 0.00, 风险度: 0.00%
    INFO - 日期: 2018-07-13, 账户权益: 1037944.58, 可用资金: 1037944.58, 浮动盈亏: 0.00, 持仓盈亏: 0.00, 平仓盈亏: 0.00, 市值: 0.00, 保证金: 0.00, 手续费: 0.00, 风险度: 0.00%
    INFO - 日期: 2018-07-16, 账户权益: 1037944.58, 可用资金: 1037944.58, 浮动盈亏: 0.00, 持仓盈亏: 0.00, 平仓盈亏: 0.00, 市值: 0.00, 保证金: 0.00, 手续费: 0.00, 风险度: 0.00%
    INFO - 日期: 2018-07-17, 账户权益: 1037944.58, 可用资金: 1037944.58, 浮动盈亏: 0.00, 持仓盈亏: 0.00, 平仓盈亏: 0.00, 市值: 0.00, 保证金: 0.00, 手续费: 0.00, 风险度: 0.00%
    INFO - 日期: 2018-07-18, 账户权益: 1037944.58, 可用资金: 1037944.58, 浮动盈亏: 0.00, 持仓盈亏: 0.00, 平仓盈亏: 0.00, 市值: 0.00, 保证金: 0.00, 手续费: 0.00, 风险度: 0.00%
    INFO - 日期: 2018-07-19, 账户权益: 1037944.58, 可用资金: 1037944.58, 浮动盈亏: 0.00, 持仓盈亏: 0.00, 平仓盈亏: 0.00, 市值: 0.00, 保证金: 0.00, 手续费: 0.00, 风险度: 0.00%
    INFO - 日期: 2018-07-20, 账户权益: 1037944.58, 可用资金: 1037944.58, 浮动盈亏: 0.00, 持仓盈亏: 0.00, 平仓盈亏: 0.00, 市值: 0.00, 保证金: 0.00, 手续费: 0.00, 风险度: 0.00%
    INFO - 日期: 2018-07-23, 账户权益: 1037944.58, 可用资金: 1037944.58, 浮动盈亏: 0.00, 持仓盈亏: 0.00, 平仓盈亏: 0.00, 市值: 0.00, 保证金: 0.00, 手续费: 0.00, 风险度: 0.00%
    INFO - 日期: 2018-07-24, 账户权益: 1037944.58, 可用资金: 1037944.58, 浮动盈亏: 0.00, 持仓盈亏: 0.00, 平仓盈亏: 0.00, 市值: 0.00, 保证金: 0.00, 手续费: 0.00, 风险度: 0.00%
    INFO - 日期: 2018-07-25, 账户权益: 1037944.58, 可用资金: 1037944.58, 浮动盈亏: 0.00, 持仓盈亏: 0.00, 平仓盈亏: 0.00, 市值: 0.00, 保证金: 0.00, 手续费: 0.00, 风险度: 0.00%
    INFO - 日期: 2018-07-26, 账户权益: 1037944.58, 可用资金: 1037944.58, 浮动盈亏: 0.00, 持仓盈亏: 0.00, 平仓盈亏: 0.00, 市值: 0.00, 保证金: 0.00, 手续费: 0.00, 风险度: 0.00%
    INFO - 日期: 2018-07-27, 账户权益: 1037944.58, 可用资金: 1037944.58, 浮动盈亏: 0.00, 持仓盈亏: 0.00, 平仓盈亏: 0.00, 市值: 0.00, 保证金: 0.00, 手续费: 0.00, 风险度: 0.00%
    INFO - 日期: 2018-07-30, 账户权益: 1037944.58, 可用资金: 1037944.58, 浮动盈亏: 0.00, 持仓盈亏: 0.00, 平仓盈亏: 0.00, 市值: 0.00, 保证金: 0.00, 手续费: 0.00, 风险度: 0.00%
    INFO - 日期: 2018-07-31, 账户权益: 1040355.34, 可用资金: 887816.14, 浮动盈亏: 2440.00, 持仓盈亏: 2440.00, 平仓盈亏: 0.00, 市值: 0.00, 保证金: 152539.20, 手续费: 29.24, 风险度: 14.66%
    INFO - 日期: 2018-08-01, 账户权益: 1046406.11, 可用资金: 1046406.11, 浮动盈亏: 0.00, 持仓盈亏: 0.00, 平仓盈亏: 6080.00, 市值: 0.00, 保证金: 0.00, 手续费: 29.24, 风险度: 0.00%
    INFO - 日期: 2018-08-02, 账户权益: 1046406.11, 可用资金: 1046406.11, 浮动盈亏: 0.00, 持仓盈亏: 0.00, 平仓盈亏: 0.00, 市值: 0.00, 保证金: 0.00, 手续费: 0.00, 风险度: 0.00%
    INFO - 日期: 2018-08-03, 账户权益: 1046406.11, 可用资金: 1046406.11, 浮动盈亏: 0.00, 持仓盈亏: 0.00, 平仓盈亏: 0.00, 市值: 0.00, 保证金: 0.00, 手续费: 0.00, 风险度: 0.00%
    INFO - 日期: 2018-08-06, 账户权益: 1046406.11, 可用资金: 1046406.11, 浮动盈亏: 0.00, 持仓盈亏: 0.00, 平仓盈亏: 0.00, 市值: 0.00, 保证金: 0.00, 手续费: 0.00, 风险度: 0.00%
    INFO - 日期: 2018-08-07, 账户权益: 1046406.11, 可用资金: 1046406.11, 浮动盈亏: 0.00, 持仓盈亏: 0.00, 平仓盈亏: 0.00, 市值: 0.00, 保证金: 0.00, 手续费: 0.00, 风险度: 0.00%
    INFO - 日期: 2018-08-08, 账户权益: 1046406.11, 可用资金: 1046406.11, 浮动盈亏: 0.00, 持仓盈亏: 0.00, 平仓盈亏: 0.00, 市值: 0.00, 保证金: 0.00, 手续费: 0.00, 风险度: 0.00%
    INFO - 日期: 2018-08-09, 账户权益: 1046406.11, 可用资金: 1046406.11, 浮动盈亏: 0.00, 持仓盈亏: 0.00, 平仓盈亏: 0.00, 市值: 0.00, 保证金: 0.00, 手续费: 0.00, 风险度: 0.00%
    INFO - 日期: 2018-08-10, 账户权益: 1046406.11, 可用资金: 1046406.11, 浮动盈亏: 0.00, 持仓盈亏: 0.00, 平仓盈亏: 0.00, 市值: 0.00, 保证金: 0.00, 手续费: 0.00, 风险度: 0.00%
    INFO - 日期: 2018-08-13, 账户权益: 1046406.11, 可用资金: 1046406.11, 浮动盈亏: 0.00, 持仓盈亏: 0.00, 平仓盈亏: 0.00, 市值: 0.00, 保证金: 0.00, 手续费: 0.00, 风险度: 0.00%
    INFO - 日期: 2018-08-14, 账户权益: 1046406.11, 可用资金: 1046406.11, 浮动盈亏: 0.00, 持仓盈亏: 0.00, 平仓盈亏: 0.00, 市值: 0.00, 保证金: 0.00, 手续费: 0.00, 风险度: 0.00%
    INFO - 日期: 2018-08-15, 账户权益: 1046406.11, 可用资金: 1046406.11, 浮动盈亏: 0.00, 持仓盈亏: 0.00, 平仓盈亏: 0.00, 市值: 0.00, 保证金: 0.00, 手续费: 0.00, 风险度: 0.00%
    INFO - 日期: 2018-08-16, 账户权益: 1046406.11, 可用资金: 1046406.11, 浮动盈亏: 0.00, 持仓盈亏: 0.00, 平仓盈亏: 0.00, 市值: 0.00, 保证金: 0.00, 手续费: 0.00, 风险度: 0.00%
    INFO - 日期: 2018-08-17, 账户权益: 1046406.11, 可用资金: 1046406.11, 浮动盈亏: 0.00, 持仓盈亏: 0.00, 平仓盈亏: 0.00, 市值: 0.00, 保证金: 0.00, 手续费: 0.00, 风险度: 0.00%
    INFO - 日期: 2018-08-20, 账户权益: 1046406.11, 可用资金: 1046406.11, 浮动盈亏: 0.00, 持仓盈亏: 0.00, 平仓盈亏: 0.00, 市值: 0.00, 保证金: 0.00, 手续费: 0.00, 风险度: 0.00%
    INFO - 日期: 2018-08-21, 账户权益: 1046406.11, 可用资金: 1046406.11, 浮动盈亏: 0.00, 持仓盈亏: 0.00, 平仓盈亏: 0.00, 市值: 0.00, 保证金: 0.00, 手续费: 0.00, 风险度: 0.00%
    INFO - 日期: 2018-08-22, 账户权益: 1046406.11, 可用资金: 1046406.11, 浮动盈亏: 0.00, 持仓盈亏: 0.00, 平仓盈亏: 0.00, 市值: 0.00, 保证金: 0.00, 手续费: 0.00, 风险度: 0.00%
    INFO - 日期: 2018-08-23, 账户权益: 1046406.11, 可用资金: 1046406.11, 浮动盈亏: 0.00, 持仓盈亏: 0.00, 平仓盈亏: 0.00, 市值: 0.00, 保证金: 0.00, 手续费: 0.00, 风险度: 0.00%
    INFO - 日期: 2018-08-24, 账户权益: 1046406.11, 可用资金: 1046406.11, 浮动盈亏: 0.00, 持仓盈亏: 0.00, 平仓盈亏: 0.00, 市值: 0.00, 保证金: 0.00, 手续费: 0.00, 风险度: 0.00%
    INFO - 日期: 2018-08-27, 账户权益: 1046406.11, 可用资金: 1046406.11, 浮动盈亏: 0.00, 持仓盈亏: 0.00, 平仓盈亏: 0.00, 市值: 0.00, 保证金: 0.00, 手续费: 0.00, 风险度: 0.00%
    INFO - 日期: 2018-08-28, 账户权益: 1046406.11, 可用资金: 1046406.11, 浮动盈亏: 0.00, 持仓盈亏: 0.00, 平仓盈亏: 0.00, 市值: 0.00, 保证金: 0.00, 手续费: 0.00, 风险度: 0.00%
    INFO - 日期: 2018-08-29, 账户权益: 1043056.87, 可用资金: 890517.67, 浮动盈亏: -3320.00, 持仓盈亏: -3320.00, 平仓盈亏: 0.00, 市值: 0.00, 保证金: 152539.20, 手续费: 29.24, 风险度: 14.62%
    INFO - 日期: 2018-08-30, 账户权益: 1028616.87, 可用资金: 876077.67, 浮动盈亏: -17760.00, 持仓盈亏: -14440.00, 平仓盈亏: 0.00, 市值: 0.00, 保证金: 152539.20, 手续费: 0.00, 风险度: 14.83%
    INFO - 日期: 2018-08-31, 账户权益: 1016096.87, 可用资金: 863557.67, 浮动盈亏: -30280.00, 持仓盈亏: -12520.00, 平仓盈亏: 0.00, 市值: 0.00, 保证金: 152539.20, 手续费: 0.00, 风险度: 15.01%
    INFO - 日期: 2018-09-03, 账户权益: 1023336.87, 可用资金: 870797.67, 浮动盈亏: -23040.00, 持仓盈亏: 7240.00, 平仓盈亏: 0.00, 市值: 0.00, 保证金: 152539.20, 手续费: 0.00, 风险度: 14.91%
    INFO - 日期: 2018-09-04, 账户权益: 1030936.87, 可用资金: 878397.67, 浮动盈亏: -15440.00, 持仓盈亏: 7600.00, 平仓盈亏: 0.00, 市值: 0.00, 保证金: 152539.20, 手续费: 0.00, 风险度: 14.80%
    INFO - 日期: 2018-09-05, 账户权益: 1016416.87, 可用资金: 863877.67, 浮动盈亏: -29960.00, 持仓盈亏: -14520.00, 平仓盈亏: 0.00, 市值: 0.00, 保证金: 152539.20, 手续费: 0.00, 风险度: 15.01%
    INFO - 日期: 2018-09-06, 账户权益: 1012976.87, 可用资金: 860437.67, 浮动盈亏: -33400.00, 持仓盈亏: -3440.00, 平仓盈亏: 0.00, 市值: 0.00, 保证金: 152539.20, 手续费: 0.00, 风险度: 15.06%
    INFO - 日期: 2018-09-07, 账户权益: 1016947.63, 可用资金: 1016947.63, 浮动盈亏: 0.00, 持仓盈亏: 0.00, 平仓盈亏: 4000.00, 市值: 0.00, 保证金: 0.00, 手续费: 29.24, 风险度: 0.00%
    INFO - 日期: 2018-09-10, 账户权益: 1016947.63, 可用资金: 1016947.63, 浮动盈亏: 0.00, 持仓盈亏: 0.00, 平仓盈亏: 0.00, 市值: 0.00, 保证金: 0.00, 手续费: 0.00, 风险度: 0.00%
    INFO - 日期: 2018-09-11, 账户权益: 1016947.63, 可用资金: 1016947.63, 浮动盈亏: 0.00, 持仓盈亏: 0.00, 平仓盈亏: 0.00, 市值: 0.00, 保证金: 0.00, 手续费: 0.00, 风险度: 0.00%
    INFO - 日期: 2018-09-12, 账户权益: 1016947.63, 可用资金: 1016947.63, 浮动盈亏: 0.00, 持仓盈亏: 0.00, 平仓盈亏: 0.00, 市值: 0.00, 保证金: 0.00, 手续费: 0.00, 风险度: 0.00%
    INFO - 日期: 2018-09-13, 账户权益: 1016947.63, 可用资金: 1016947.63, 浮动盈亏: 0.00, 持仓盈亏: 0.00, 平仓盈亏: 0.00, 市值: 0.00, 保证金: 0.00, 手续费: 0.00, 风险度: 0.00%
    INFO - 日期: 2018-09-14, 账户权益: 1016947.63, 可用资金: 1016947.63, 浮动盈亏: 0.00, 持仓盈亏: 0.00, 平仓盈亏: 0.00, 市值: 0.00, 保证金: 0.00, 手续费: 0.00, 风险度: 0.00%
    INFO - 日期: 2018-09-17, 账户权益: 1016947.63, 可用资金: 1016947.63, 浮动盈亏: 0.00, 持仓盈亏: 0.00, 平仓盈亏: 0.00, 市值: 0.00, 保证金: 0.00, 手续费: 0.00, 风险度: 0.00%
    INFO - 日期: 2018-09-18, 账户权益: 1016947.63, 可用资金: 1016947.63, 浮动盈亏: 0.00, 持仓盈亏: 0.00, 平仓盈亏: 0.00, 市值: 0.00, 保证金: 0.00, 手续费: 0.00, 风险度: 0.00%
    INFO - 日期: 2018-09-19, 账户权益: 1016947.63, 可用资金: 1016947.63, 浮动盈亏: 0.00, 持仓盈亏: 0.00, 平仓盈亏: 0.00, 市值: 0.00, 保证金: 0.00, 手续费: 0.00, 风险度: 0.00%
    INFO - 日期: 2018-09-20, 账户权益: 1016947.63, 可用资金: 1016947.63, 浮动盈亏: 0.00, 持仓盈亏: 0.00, 平仓盈亏: 0.00, 市值: 0.00, 保证金: 0.00, 手续费: 0.00, 风险度: 0.00%
    INFO - 日期: 2018-09-21, 账户权益: 1016947.63, 可用资金: 1016947.63, 浮动盈亏: 0.00, 持仓盈亏: 0.00, 平仓盈亏: 0.00, 市值: 0.00, 保证金: 0.00, 手续费: 0.00, 风险度: 0.00%
    INFO - 日期: 2018-09-25, 账户权益: 1016947.63, 可用资金: 1016947.63, 浮动盈亏: 0.00, 持仓盈亏: 0.00, 平仓盈亏: 0.00, 市值: 0.00, 保证金: 0.00, 手续费: 0.00, 风险度: 0.00%
    INFO - 日期: 2018-09-26, 账户权益: 1016947.63, 可用资金: 1016947.63, 浮动盈亏: 0.00, 持仓盈亏: 0.00, 平仓盈亏: 0.00, 市值: 0.00, 保证金: 0.00, 手续费: 0.00, 风险度: 0.00%
    INFO - 日期: 2018-09-27, 账户权益: 1016947.63, 可用资金: 1016947.63, 浮动盈亏: 0.00, 持仓盈亏: 0.00, 平仓盈亏: 0.00, 市值: 0.00, 保证金: 0.00, 手续费: 0.00, 风险度: 0.00%
    INFO - 日期: 2018-09-28, 账户权益: 1016947.63, 可用资金: 1016947.63, 浮动盈亏: 0.00, 持仓盈亏: 0.00, 平仓盈亏: 0.00, 市值: 0.00, 保证金: 0.00, 手续费: 0.00, 风险度: 0.00%
    INFO - 日期: 2018-10-08, 账户权益: 1016947.63, 可用资金: 1016947.63, 浮动盈亏: 0.00, 持仓盈亏: 0.00, 平仓盈亏: 0.00, 市值: 0.00, 保证金: 0.00, 手续费: 0.00, 风险度: 0.00%
    INFO - 日期: 2018-10-09, 账户权益: 1016947.63, 可用资金: 1016947.63, 浮动盈亏: 0.00, 持仓盈亏: 0.00, 平仓盈亏: 0.00, 市值: 0.00, 保证金: 0.00, 手续费: 0.00, 风险度: 0.00%
    INFO - 日期: 2018-10-10, 账户权益: 1016947.63, 可用资金: 1016947.63, 浮动盈亏: 0.00, 持仓盈亏: 0.00, 平仓盈亏: 0.00, 市值: 0.00, 保证金: 0.00, 手续费: 0.00, 风险度: 0.00%
    INFO - 日期: 2018-10-11, 账户权益: 1016947.63, 可用资金: 1016947.63, 浮动盈亏: 0.00, 持仓盈亏: 0.00, 平仓盈亏: 0.00, 市值: 0.00, 保证金: 0.00, 手续费: 0.00, 风险度: 0.00%
    INFO - 日期: 2018-10-12, 账户权益: 1016947.63, 可用资金: 1016947.63, 浮动盈亏: 0.00, 持仓盈亏: 0.00, 平仓盈亏: 0.00, 市值: 0.00, 保证金: 0.00, 手续费: 0.00, 风险度: 0.00%
    INFO - 日期: 2018-10-15, 账户权益: 1016947.63, 可用资金: 1016947.63, 浮动盈亏: 0.00, 持仓盈亏: 0.00, 平仓盈亏: 0.00, 市值: 0.00, 保证金: 0.00, 手续费: 0.00, 风险度: 0.00%
    INFO - 日期: 2018-10-16, 账户权益: 1016947.63, 可用资金: 1016947.63, 浮动盈亏: 0.00, 持仓盈亏: 0.00, 平仓盈亏: 0.00, 市值: 0.00, 保证金: 0.00, 手续费: 0.00, 风险度: 0.00%
    INFO - 日期: 2018-10-17, 账户权益: 1016947.63, 可用资金: 1016947.63, 浮动盈亏: 0.00, 持仓盈亏: 0.00, 平仓盈亏: 0.00, 市值: 0.00, 保证金: 0.00, 手续费: 0.00, 风险度: 0.00%
    INFO - 日期: 2018-10-18, 账户权益: 1016947.63, 可用资金: 1016947.63, 浮动盈亏: 0.00, 持仓盈亏: 0.00, 平仓盈亏: 0.00, 市值: 0.00, 保证金: 0.00, 手续费: 0.00, 风险度: 0.00%
    INFO - 日期: 2018-10-19, 账户权益: 1016947.63, 可用资金: 1016947.63, 浮动盈亏: 0.00, 持仓盈亏: 0.00, 平仓盈亏: 0.00, 市值: 0.00, 保证金: 0.00, 手续费: 0.00, 风险度: 0.00%
    INFO - 日期: 2018-10-22, 账户权益: 1016947.63, 可用资金: 1016947.63, 浮动盈亏: 0.00, 持仓盈亏: 0.00, 平仓盈亏: 0.00, 市值: 0.00, 保证金: 0.00, 手续费: 0.00, 风险度: 0.00%
    INFO - 日期: 2018-10-23, 账户权益: 1016947.63, 可用资金: 1016947.63, 浮动盈亏: 0.00, 持仓盈亏: 0.00, 平仓盈亏: 0.00, 市值: 0.00, 保证金: 0.00, 手续费: 0.00, 风险度: 0.00%
    INFO - 日期: 2018-10-24, 账户权益: 1016947.63, 可用资金: 1016947.63, 浮动盈亏: 0.00, 持仓盈亏: 0.00, 平仓盈亏: 0.00, 市值: 0.00, 保证金: 0.00, 手续费: 0.00, 风险度: 0.00%
    INFO - 日期: 2018-10-25, 账户权益: 1016947.63, 可用资金: 1016947.63, 浮动盈亏: 0.00, 持仓盈亏: 0.00, 平仓盈亏: 0.00, 市值: 0.00, 保证金: 0.00, 手续费: 0.00, 风险度: 0.00%
    INFO - 日期: 2018-10-26, 账户权益: 1016947.63, 可用资金: 1016947.63, 浮动盈亏: 0.00, 持仓盈亏: 0.00, 平仓盈亏: 0.00, 市值: 0.00, 保证金: 0.00, 手续费: 0.00, 风险度: 0.00%
    INFO - 日期: 2018-10-29, 账户权益: 1016947.63, 可用资金: 1016947.63, 浮动盈亏: 0.00, 持仓盈亏: 0.00, 平仓盈亏: 0.00, 市值: 0.00, 保证金: 0.00, 手续费: 0.00, 风险度: 0.00%
    INFO - 日期: 2018-10-30, 账户权益: 1016947.63, 可用资金: 1016947.63, 浮动盈亏: 0.00, 持仓盈亏: 0.00, 平仓盈亏: 0.00, 市值: 0.00, 保证金: 0.00, 手续费: 0.00, 风险度: 0.00%
    INFO - 日期: 2018-10-31, 账户权益: 1016947.63, 可用资金: 1016947.63, 浮动盈亏: 0.00, 持仓盈亏: 0.00, 平仓盈亏: 0.00, 市值: 0.00, 保证金: 0.00, 手续费: 0.00, 风险度: 0.00%
    INFO - 日期: 2018-11-01, 账户权益: 1016947.63, 可用资金: 1016947.63, 浮动盈亏: 0.00, 持仓盈亏: 0.00, 平仓盈亏: 0.00, 市值: 0.00, 保证金: 0.00, 手续费: 0.00, 风险度: 0.00%
    INFO - 日期: 2018-11-02, 账户权益: 1016947.63, 可用资金: 1016947.63, 浮动盈亏: 0.00, 持仓盈亏: 0.00, 平仓盈亏: 0.00, 市值: 0.00, 保证金: 0.00, 手续费: 0.00, 风险度: 0.00%
    INFO - 日期: 2018-11-05, 账户权益: 1016947.63, 可用资金: 1016947.63, 浮动盈亏: 0.00, 持仓盈亏: 0.00, 平仓盈亏: 0.00, 市值: 0.00, 保证金: 0.00, 手续费: 0.00, 风险度: 0.00%
    INFO - 日期: 2018-11-06, 账户权益: 1016947.63, 可用资金: 1016947.63, 浮动盈亏: 0.00, 持仓盈亏: 0.00, 平仓盈亏: 0.00, 市值: 0.00, 保证金: 0.00, 手续费: 0.00, 风险度: 0.00%
    INFO - 日期: 2018-11-07, 账户权益: 1016947.63, 可用资金: 1016947.63, 浮动盈亏: 0.00, 持仓盈亏: 0.00, 平仓盈亏: 0.00, 市值: 0.00, 保证金: 0.00, 手续费: 0.00, 风险度: 0.00%
    INFO - 日期: 2018-11-08, 账户权益: 1016947.63, 可用资金: 1016947.63, 浮动盈亏: 0.00, 持仓盈亏: 0.00, 平仓盈亏: 0.00, 市值: 0.00, 保证金: 0.00, 手续费: 0.00, 风险度: 0.00%
    INFO - 日期: 2018-11-09, 账户权益: 1021078.40, 可用资金: 868539.20, 浮动盈亏: 4160.00, 持仓盈亏: 4160.00, 平仓盈亏: 0.00, 市值: 0.00, 保证金: 152539.20, 手续费: 29.24, 风险度: 14.94%
    INFO - 日期: 2018-11-12, 账户权益: 1020849.16, 可用资金: 1020849.16, 浮动盈亏: 0.00, 持仓盈亏: 0.00, 平仓盈亏: -200.00, 市值: 0.00, 保证金: 0.00, 手续费: 29.24, 风险度: 0.00%
    INFO - 日期: 2018-11-13, 账户权益: 1020849.16, 可用资金: 1020849.16, 浮动盈亏: 0.00, 持仓盈亏: 0.00, 平仓盈亏: 0.00, 市值: 0.00, 保证金: 0.00, 手续费: 0.00, 风险度: 0.00%
    INFO - 日期: 2018-11-14, 账户权益: 1020849.16, 可用资金: 1020849.16, 浮动盈亏: 0.00, 持仓盈亏: 0.00, 平仓盈亏: 0.00, 市值: 0.00, 保证金: 0.00, 手续费: 0.00, 风险度: 0.00%
    INFO - 日期: 2018-11-15, 账户权益: 1020849.16, 可用资金: 1020849.16, 浮动盈亏: 0.00, 持仓盈亏: 0.00, 平仓盈亏: 0.00, 市值: 0.00, 保证金: 0.00, 手续费: 0.00, 风险度: 0.00%
    INFO - 日期: 2018-11-16, 账户权益: 1020849.16, 可用资金: 1020849.16, 浮动盈亏: 0.00, 持仓盈亏: 0.00, 平仓盈亏: 0.00, 市值: 0.00, 保证金: 0.00, 手续费: 0.00, 风险度: 0.00%
    INFO - 日期: 2018-11-19, 账户权益: 1020849.16, 可用资金: 1020849.16, 浮动盈亏: 0.00, 持仓盈亏: 0.00, 平仓盈亏: 0.00, 市值: 0.00, 保证金: 0.00, 手续费: 0.00, 风险度: 0.00%
    INFO - 日期: 2018-11-20, 账户权益: 1020849.16, 可用资金: 1020849.16, 浮动盈亏: 0.00, 持仓盈亏: 0.00, 平仓盈亏: 0.00, 市值: 0.00, 保证金: 0.00, 手续费: 0.00, 风险度: 0.00%
    INFO - 日期: 2018-11-21, 账户权益: 1020849.16, 可用资金: 1020849.16, 浮动盈亏: 0.00, 持仓盈亏: 0.00, 平仓盈亏: 0.00, 市值: 0.00, 保证金: 0.00, 手续费: 0.00, 风险度: 0.00%
    INFO - 日期: 2018-11-22, 账户权益: 1020849.16, 可用资金: 1020849.16, 浮动盈亏: 0.00, 持仓盈亏: 0.00, 平仓盈亏: 0.00, 市值: 0.00, 保证金: 0.00, 手续费: 0.00, 风险度: 0.00%
    INFO - 日期: 2018-11-23, 账户权益: 1020849.16, 可用资金: 1020849.16, 浮动盈亏: 0.00, 持仓盈亏: 0.00, 平仓盈亏: 0.00, 市值: 0.00, 保证金: 0.00, 手续费: 0.00, 风险度: 0.00%
    INFO - 日期: 2018-11-26, 账户权益: 1020849.16, 可用资金: 1020849.16, 浮动盈亏: 0.00, 持仓盈亏: 0.00, 平仓盈亏: 0.00, 市值: 0.00, 保证金: 0.00, 手续费: 0.00, 风险度: 0.00%
    INFO - 日期: 2018-11-27, 账户权益: 1020849.16, 可用资金: 1020849.16, 浮动盈亏: 0.00, 持仓盈亏: 0.00, 平仓盈亏: 0.00, 市值: 0.00, 保证金: 0.00, 手续费: 0.00, 风险度: 0.00%
    INFO - 日期: 2018-11-28, 账户权益: 1020849.16, 可用资金: 1020849.16, 浮动盈亏: 0.00, 持仓盈亏: 0.00, 平仓盈亏: 0.00, 市值: 0.00, 保证金: 0.00, 手续费: 0.00, 风险度: 0.00%
    INFO - 日期: 2018-11-29, 账户权益: 1020849.16, 可用资金: 1020849.16, 浮动盈亏: 0.00, 持仓盈亏: 0.00, 平仓盈亏: 0.00, 市值: 0.00, 保证金: 0.00, 手续费: 0.00, 风险度: 0.00%
    INFO - 日期: 2018-11-30, 账户权益: 1020849.16, 可用资金: 1020849.16, 浮动盈亏: 0.00, 持仓盈亏: 0.00, 平仓盈亏: 0.00, 市值: 0.00, 保证金: 0.00, 手续费: 0.00, 风险度: 0.00%
    INFO - 日期: 2018-12-03, 账户权益: 1020849.16, 可用资金: 1020849.16, 浮动盈亏: 0.00, 持仓盈亏: 0.00, 平仓盈亏: 0.00, 市值: 0.00, 保证金: 0.00, 手续费: 0.00, 风险度: 0.00%
    INFO - 日期: 2018-12-04, 账户权益: 1031939.92, 可用资金: 879400.72, 浮动盈亏: 11120.00, 持仓盈亏: 11120.00, 平仓盈亏: 0.00, 市值: 0.00, 保证金: 152539.20, 手续费: 29.24, 风险度: 14.78%
    INFO - 日期: 2018-12-05, 账户权益: 1023019.92, 可用资金: 870480.72, 浮动盈亏: 2200.00, 持仓盈亏: -8920.00, 平仓盈亏: 0.00, 市值: 0.00, 保证金: 152539.20, 手续费: 0.00, 风险度: 14.91%
    INFO - 日期: 2018-12-06, 账户权益: 1006659.92, 可用资金: 854120.72, 浮动盈亏: -14160.00, 持仓盈亏: -16360.00, 平仓盈亏: 0.00, 市值: 0.00, 保证金: 152539.20, 手续费: 0.00, 风险度: 15.15%
    INFO - 日期: 2018-12-07, 账户权益: 1010670.69, 可用资金: 1010670.69, 浮动盈亏: 0.00, 持仓盈亏: 0.00, 平仓盈亏: 4040.00, 市值: 0.00, 保证金: 0.00, 手续费: 29.24, 风险度: 0.00%
    INFO - 日期: 2018-12-10, 账户权益: 1010670.69, 可用资金: 1010670.69, 浮动盈亏: 0.00, 持仓盈亏: 0.00, 平仓盈亏: 0.00, 市值: 0.00, 保证金: 0.00, 手续费: 0.00, 风险度: 0.00%
    INFO - 日期: 2018-12-11, 账户权益: 1010670.69, 可用资金: 1010670.69, 浮动盈亏: 0.00, 持仓盈亏: 0.00, 平仓盈亏: 0.00, 市值: 0.00, 保证金: 0.00, 手续费: 0.00, 风险度: 0.00%
    INFO - 日期: 2018-12-12, 账户权益: 1010670.69, 可用资金: 1010670.69, 浮动盈亏: 0.00, 持仓盈亏: 0.00, 平仓盈亏: 0.00, 市值: 0.00, 保证金: 0.00, 手续费: 0.00, 风险度: 0.00%
    INFO - 日期: 2018-12-13, 账户权益: 1010670.69, 可用资金: 1010670.69, 浮动盈亏: 0.00, 持仓盈亏: 0.00, 平仓盈亏: 0.00, 市值: 0.00, 保证金: 0.00, 手续费: 0.00, 风险度: 0.00%
    INFO - 日期: 2018-12-14, 账户权益: 1010670.69, 可用资金: 1010670.69, 浮动盈亏: 0.00, 持仓盈亏: 0.00, 平仓盈亏: 0.00, 市值: 0.00, 保证金: 0.00, 手续费: 0.00, 风险度: 0.00%
    INFO - 日期: 2018-12-17, 账户权益: 1010670.69, 可用资金: 1010670.69, 浮动盈亏: 0.00, 持仓盈亏: 0.00, 平仓盈亏: 0.00, 市值: 0.00, 保证金: 0.00, 手续费: 0.00, 风险度: 0.00%
    INFO - 日期: 2018-12-18, 账户权益: 1010670.69, 可用资金: 1010670.69, 浮动盈亏: 0.00, 持仓盈亏: 0.00, 平仓盈亏: 0.00, 市值: 0.00, 保证金: 0.00, 手续费: 0.00, 风险度: 0.00%
    INFO - 日期: 2018-12-19, 账户权益: 1010670.69, 可用资金: 1010670.69, 浮动盈亏: 0.00, 持仓盈亏: 0.00, 平仓盈亏: 0.00, 市值: 0.00, 保证金: 0.00, 手续费: 0.00, 风险度: 0.00%
    INFO - 日期: 2018-12-20, 账户权益: 1010670.69, 可用资金: 1010670.69, 浮动盈亏: 0.00, 持仓盈亏: 0.00, 平仓盈亏: 0.00, 市值: 0.00, 保证金: 0.00, 手续费: 0.00, 风险度: 0.00%
    INFO - 日期: 2018-12-21, 账户权益: 1010670.69, 可用资金: 1010670.69, 浮动盈亏: 0.00, 持仓盈亏: 0.00, 平仓盈亏: 0.00, 市值: 0.00, 保证金: 0.00, 手续费: 0.00, 风险度: 0.00%
    INFO - 日期: 2018-12-24, 账户权益: 1010670.69, 可用资金: 1010670.69, 浮动盈亏: 0.00, 持仓盈亏: 0.00, 平仓盈亏: 0.00, 市值: 0.00, 保证金: 0.00, 手续费: 0.00, 风险度: 0.00%
    INFO - 日期: 2018-12-25, 账户权益: 1010670.69, 可用资金: 1010670.69, 浮动盈亏: 0.00, 持仓盈亏: 0.00, 平仓盈亏: 0.00, 市值: 0.00, 保证金: 0.00, 手续费: 0.00, 风险度: 0.00%
    INFO - 日期: 2018-12-26, 账户权益: 1010670.69, 可用资金: 1010670.69, 浮动盈亏: 0.00, 持仓盈亏: 0.00, 平仓盈亏: 0.00, 市值: 0.00, 保证金: 0.00, 手续费: 0.00, 风险度: 0.00%
    INFO - 日期: 2018-12-27, 账户权益: 1010670.69, 可用资金: 1010670.69, 浮动盈亏: 0.00, 持仓盈亏: 0.00, 平仓盈亏: 0.00, 市值: 0.00, 保证金: 0.00, 手续费: 0.00, 风险度: 0.00%
    INFO - 日期: 2018-12-28, 账户权益: 1010670.69, 可用资金: 1010670.69, 浮动盈亏: 0.00, 持仓盈亏: 0.00, 平仓盈亏: 0.00, 市值: 0.00, 保证金: 0.00, 手续费: 0.00, 风险度: 0.00%
    INFO - 日期: 2019-01-02, 账户权益: 1010670.69, 可用资金: 1010670.69, 浮动盈亏: 0.00, 持仓盈亏: 0.00, 平仓盈亏: 0.00, 市值: 0.00, 保证金: 0.00, 手续费: 0.00, 风险度: 0.00%
    INFO - 日期: 2019-01-03, 账户权益: 1010670.69, 可用资金: 1010670.69, 浮动盈亏: 0.00, 持仓盈亏: 0.00, 平仓盈亏: 0.00, 市值: 0.00, 保证金: 0.00, 手续费: 0.00, 风险度: 0.00%
    INFO - 日期: 2019-01-04, 账户权益: 1010670.69, 可用资金: 1010670.69, 浮动盈亏: 0.00, 持仓盈亏: 0.00, 平仓盈亏: 0.00, 市值: 0.00, 保证金: 0.00, 手续费: 0.00, 风险度: 0.00%
    INFO - 日期: 2019-01-07, 账户权益: 1010670.69, 可用资金: 1010670.69, 浮动盈亏: 0.00, 持仓盈亏: 0.00, 平仓盈亏: 0.00, 市值: 0.00, 保证金: 0.00, 手续费: 0.00, 风险度: 0.00%
    INFO - 日期: 2019-01-08, 账户权益: 1012761.45, 可用资金: 860222.25, 浮动盈亏: 2120.00, 持仓盈亏: 2120.00, 平仓盈亏: 0.00, 市值: 0.00, 保证金: 152539.20, 手续费: 29.24, 风险度: 15.06%
    INFO - 日期: 2019-01-09, 账户权益: 1016252.21, 可用资金: 1016252.21, 浮动盈亏: 0.00, 持仓盈亏: 0.00, 平仓盈亏: 3520.00, 市值: 0.00, 保证金: 0.00, 手续费: 29.24, 风险度: 0.00%
    INFO - 日期: 2019-01-10, 账户权益: 1016252.21, 可用资金: 1016252.21, 浮动盈亏: 0.00, 持仓盈亏: 0.00, 平仓盈亏: 0.00, 市值: 0.00, 保证金: 0.00, 手续费: 0.00, 风险度: 0.00%
    INFO - 日期: 2019-01-11, 账户权益: 1016252.21, 可用资金: 1016252.21, 浮动盈亏: 0.00, 持仓盈亏: 0.00, 平仓盈亏: 0.00, 市值: 0.00, 保证金: 0.00, 手续费: 0.00, 风险度: 0.00%
    INFO - 日期: 2019-01-14, 账户权益: 1016252.21, 可用资金: 1016252.21, 浮动盈亏: 0.00, 持仓盈亏: 0.00, 平仓盈亏: 0.00, 市值: 0.00, 保证金: 0.00, 手续费: 0.00, 风险度: 0.00%
    INFO - 日期: 2019-01-15, 账户权益: 1016252.21, 可用资金: 1016252.21, 浮动盈亏: 0.00, 持仓盈亏: 0.00, 平仓盈亏: 0.00, 市值: 0.00, 保证金: 0.00, 手续费: 0.00, 风险度: 0.00%
    INFO - 日期: 2019-01-16, 账户权益: 1016252.21, 可用资金: 1016252.21, 浮动盈亏: 0.00, 持仓盈亏: 0.00, 平仓盈亏: 0.00, 市值: 0.00, 保证金: 0.00, 手续费: 0.00, 风险度: 0.00%
    INFO - 日期: 2019-01-17, 账户权益: 1016252.21, 可用资金: 1016252.21, 浮动盈亏: 0.00, 持仓盈亏: 0.00, 平仓盈亏: 0.00, 市值: 0.00, 保证金: 0.00, 手续费: 0.00, 风险度: 0.00%
    INFO - 日期: 2019-01-18, 账户权益: 1016252.21, 可用资金: 1016252.21, 浮动盈亏: 0.00, 持仓盈亏: 0.00, 平仓盈亏: 0.00, 市值: 0.00, 保证金: 0.00, 手续费: 0.00, 风险度: 0.00%
    INFO - 日期: 2019-01-21, 账户权益: 1016252.21, 可用资金: 1016252.21, 浮动盈亏: 0.00, 持仓盈亏: 0.00, 平仓盈亏: 0.00, 市值: 0.00, 保证金: 0.00, 手续费: 0.00, 风险度: 0.00%
    INFO - 日期: 2019-01-22, 账户权益: 1016252.21, 可用资金: 1016252.21, 浮动盈亏: 0.00, 持仓盈亏: 0.00, 平仓盈亏: 0.00, 市值: 0.00, 保证金: 0.00, 手续费: 0.00, 风险度: 0.00%
    INFO - 日期: 2019-01-23, 账户权益: 1016252.21, 可用资金: 1016252.21, 浮动盈亏: 0.00, 持仓盈亏: 0.00, 平仓盈亏: 0.00, 市值: 0.00, 保证金: 0.00, 手续费: 0.00, 风险度: 0.00%
    INFO - 日期: 2019-01-24, 账户权益: 1016252.21, 可用资金: 1016252.21, 浮动盈亏: 0.00, 持仓盈亏: 0.00, 平仓盈亏: 0.00, 市值: 0.00, 保证金: 0.00, 手续费: 0.00, 风险度: 0.00%
    INFO - 日期: 2019-01-25, 账户权益: 1016252.21, 可用资金: 1016252.21, 浮动盈亏: 0.00, 持仓盈亏: 0.00, 平仓盈亏: 0.00, 市值: 0.00, 保证金: 0.00, 手续费: 0.00, 风险度: 0.00%
    INFO - 日期: 2019-01-28, 账户权益: 1016252.21, 可用资金: 1016252.21, 浮动盈亏: 0.00, 持仓盈亏: 0.00, 平仓盈亏: 0.00, 市值: 0.00, 保证金: 0.00, 手续费: 0.00, 风险度: 0.00%
    INFO - 日期: 2019-01-29, 账户权益: 1016252.21, 可用资金: 1016252.21, 浮动盈亏: 0.00, 持仓盈亏: 0.00, 平仓盈亏: 0.00, 市值: 0.00, 保证金: 0.00, 手续费: 0.00, 风险度: 0.00%
    INFO - 日期: 2019-01-30, 账户权益: 1016252.21, 可用资金: 1016252.21, 浮动盈亏: 0.00, 持仓盈亏: 0.00, 平仓盈亏: 0.00, 市值: 0.00, 保证金: 0.00, 手续费: 0.00, 风险度: 0.00%
    INFO - 日期: 2019-01-31, 账户权益: 1016252.21, 可用资金: 1016252.21, 浮动盈亏: 0.00, 持仓盈亏: 0.00, 平仓盈亏: 0.00, 市值: 0.00, 保证金: 0.00, 手续费: 0.00, 风险度: 0.00%
    INFO - 日期: 2019-02-01, 账户权益: 1016252.21, 可用资金: 1016252.21, 浮动盈亏: 0.00, 持仓盈亏: 0.00, 平仓盈亏: 0.00, 市值: 0.00, 保证金: 0.00, 手续费: 0.00, 风险度: 0.00%
    INFO - 日期: 2019-02-11, 账户权益: 1016252.21, 可用资金: 1016252.21, 浮动盈亏: 0.00, 持仓盈亏: 0.00, 平仓盈亏: 0.00, 市值: 0.00, 保证金: 0.00, 手续费: 0.00, 风险度: 0.00%
    INFO - 日期: 2019-02-12, 账户权益: 1016252.21, 可用资金: 1016252.21, 浮动盈亏: 0.00, 持仓盈亏: 0.00, 平仓盈亏: 0.00, 市值: 0.00, 保证金: 0.00, 手续费: 0.00, 风险度: 0.00%
    INFO - 日期: 2019-02-13, 账户权益: 1016252.21, 可用资金: 1016252.21, 浮动盈亏: 0.00, 持仓盈亏: 0.00, 平仓盈亏: 0.00, 市值: 0.00, 保证金: 0.00, 手续费: 0.00, 风险度: 0.00%
    INFO - 日期: 2019-02-14, 账户权益: 1016252.21, 可用资金: 1016252.21, 浮动盈亏: 0.00, 持仓盈亏: 0.00, 平仓盈亏: 0.00, 市值: 0.00, 保证金: 0.00, 手续费: 0.00, 风险度: 0.00%
    INFO - 日期: 2019-02-15, 账户权益: 1016252.21, 可用资金: 1016252.21, 浮动盈亏: 0.00, 持仓盈亏: 0.00, 平仓盈亏: 0.00, 市值: 0.00, 保证金: 0.00, 手续费: 0.00, 风险度: 0.00%
    INFO - 日期: 2019-02-18, 账户权益: 1016252.21, 可用资金: 1016252.21, 浮动盈亏: 0.00, 持仓盈亏: 0.00, 平仓盈亏: 0.00, 市值: 0.00, 保证金: 0.00, 手续费: 0.00, 风险度: 0.00%
    INFO - 日期: 2019-02-19, 账户权益: 1016252.21, 可用资金: 1016252.21, 浮动盈亏: 0.00, 持仓盈亏: 0.00, 平仓盈亏: 0.00, 市值: 0.00, 保证金: 0.00, 手续费: 0.00, 风险度: 0.00%
    INFO - 日期: 2019-02-20, 账户权益: 1016252.21, 可用资金: 1016252.21, 浮动盈亏: 0.00, 持仓盈亏: 0.00, 平仓盈亏: 0.00, 市值: 0.00, 保证金: 0.00, 手续费: 0.00, 风险度: 0.00%
    INFO - 日期: 2019-02-21, 账户权益: 1016252.21, 可用资金: 1016252.21, 浮动盈亏: 0.00, 持仓盈亏: 0.00, 平仓盈亏: 0.00, 市值: 0.00, 保证金: 0.00, 手续费: 0.00, 风险度: 0.00%
    INFO - 日期: 2019-02-22, 账户权益: 1016252.21, 可用资金: 1016252.21, 浮动盈亏: 0.00, 持仓盈亏: 0.00, 平仓盈亏: 0.00, 市值: 0.00, 保证金: 0.00, 手续费: 0.00, 风险度: 0.00%
    INFO - 日期: 2019-02-25, 账户权益: 1016252.21, 可用资金: 1016252.21, 浮动盈亏: 0.00, 持仓盈亏: 0.00, 平仓盈亏: 0.00, 市值: 0.00, 保证金: 0.00, 手续费: 0.00, 风险度: 0.00%
    INFO - 日期: 2019-02-26, 账户权益: 1016252.21, 可用资金: 1016252.21, 浮动盈亏: 0.00, 持仓盈亏: 0.00, 平仓盈亏: 0.00, 市值: 0.00, 保证金: 0.00, 手续费: 0.00, 风险度: 0.00%
    INFO - 日期: 2019-02-27, 账户权益: 1016252.21, 可用资金: 1016252.21, 浮动盈亏: 0.00, 持仓盈亏: 0.00, 平仓盈亏: 0.00, 市值: 0.00, 保证金: 0.00, 手续费: 0.00, 风险度: 0.00%
    INFO - 日期: 2019-02-28, 账户权益: 1016252.21, 可用资金: 1016252.21, 浮动盈亏: 0.00, 持仓盈亏: 0.00, 平仓盈亏: 0.00, 市值: 0.00, 保证金: 0.00, 手续费: 0.00, 风险度: 0.00%
    INFO - 日期: 2019-03-01, 账户权益: 1016252.21, 可用资金: 1016252.21, 浮动盈亏: 0.00, 持仓盈亏: 0.00, 平仓盈亏: 0.00, 市值: 0.00, 保证金: 0.00, 手续费: 0.00, 风险度: 0.00%
    INFO - 日期: 2019-03-04, 账户权益: 1016252.21, 可用资金: 1016252.21, 浮动盈亏: 0.00, 持仓盈亏: 0.00, 平仓盈亏: 0.00, 市值: 0.00, 保证金: 0.00, 手续费: 0.00, 风险度: 0.00%
    INFO - 日期: 2019-03-05, 账户权益: 1016252.21, 可用资金: 1016252.21, 浮动盈亏: 0.00, 持仓盈亏: 0.00, 平仓盈亏: 0.00, 市值: 0.00, 保证金: 0.00, 手续费: 0.00, 风险度: 0.00%
    INFO - 日期: 2019-03-06, 账户权益: 1016252.21, 可用资金: 1016252.21, 浮动盈亏: 0.00, 持仓盈亏: 0.00, 平仓盈亏: 0.00, 市值: 0.00, 保证金: 0.00, 手续费: 0.00, 风险度: 0.00%
    INFO - 日期: 2019-03-07, 账户权益: 1016252.21, 可用资金: 1016252.21, 浮动盈亏: 0.00, 持仓盈亏: 0.00, 平仓盈亏: 0.00, 市值: 0.00, 保证金: 0.00, 手续费: 0.00, 风险度: 0.00%
    INFO - 日期: 2019-03-08, 账户权益: 1011862.98, 可用资金: 859323.78, 浮动盈亏: -4360.00, 持仓盈亏: -4360.00, 平仓盈亏: 0.00, 市值: 0.00, 保证金: 152539.20, 手续费: 29.24, 风险度: 15.08%
    INFO - 日期: 2019-03-11, 账户权益: 1018793.74, 可用资金: 1018793.74, 浮动盈亏: 0.00, 持仓盈亏: 0.00, 平仓盈亏: 6960.00, 市值: 0.00, 保证金: 0.00, 手续费: 29.24, 风险度: 0.00%
    INFO - 日期: 2019-03-12, 账户权益: 1018793.74, 可用资金: 1018793.74, 浮动盈亏: 0.00, 持仓盈亏: 0.00, 平仓盈亏: 0.00, 市值: 0.00, 保证金: 0.00, 手续费: 0.00, 风险度: 0.00%
    INFO - 日期: 2019-03-13, 账户权益: 1018793.74, 可用资金: 1018793.74, 浮动盈亏: 0.00, 持仓盈亏: 0.00, 平仓盈亏: 0.00, 市值: 0.00, 保证金: 0.00, 手续费: 0.00, 风险度: 0.00%
    INFO - 日期: 2019-03-14, 账户权益: 1018793.74, 可用资金: 1018793.74, 浮动盈亏: 0.00, 持仓盈亏: 0.00, 平仓盈亏: 0.00, 市值: 0.00, 保证金: 0.00, 手续费: 0.00, 风险度: 0.00%
    INFO - 日期: 2019-03-15, 账户权益: 1018793.74, 可用资金: 1018793.74, 浮动盈亏: 0.00, 持仓盈亏: 0.00, 平仓盈亏: 0.00, 市值: 0.00, 保证金: 0.00, 手续费: 0.00, 风险度: 0.00%
    INFO - 日期: 2019-03-18, 账户权益: 1018793.74, 可用资金: 1018793.74, 浮动盈亏: 0.00, 持仓盈亏: 0.00, 平仓盈亏: 0.00, 市值: 0.00, 保证金: 0.00, 手续费: 0.00, 风险度: 0.00%
    INFO - 日期: 2019-03-19, 账户权益: 1018793.74, 可用资金: 1018793.74, 浮动盈亏: 0.00, 持仓盈亏: 0.00, 平仓盈亏: 0.00, 市值: 0.00, 保证金: 0.00, 手续费: 0.00, 风险度: 0.00%
    INFO - 日期: 2019-03-20, 账户权益: 1018793.74, 可用资金: 1018793.74, 浮动盈亏: 0.00, 持仓盈亏: 0.00, 平仓盈亏: 0.00, 市值: 0.00, 保证金: 0.00, 手续费: 0.00, 风险度: 0.00%
    INFO - 日期: 2019-03-21, 账户权益: 1018793.74, 可用资金: 1018793.74, 浮动盈亏: 0.00, 持仓盈亏: 0.00, 平仓盈亏: 0.00, 市值: 0.00, 保证金: 0.00, 手续费: 0.00, 风险度: 0.00%
    INFO - 日期: 2019-03-22, 账户权益: 1018793.74, 可用资金: 1018793.74, 浮动盈亏: 0.00, 持仓盈亏: 0.00, 平仓盈亏: 0.00, 市值: 0.00, 保证金: 0.00, 手续费: 0.00, 风险度: 0.00%
    INFO - 日期: 2019-03-25, 账户权益: 1018793.74, 可用资金: 1018793.74, 浮动盈亏: 0.00, 持仓盈亏: 0.00, 平仓盈亏: 0.00, 市值: 0.00, 保证金: 0.00, 手续费: 0.00, 风险度: 0.00%
    INFO - 日期: 2019-03-26, 账户权益: 1018793.74, 可用资金: 1018793.74, 浮动盈亏: 0.00, 持仓盈亏: 0.00, 平仓盈亏: 0.00, 市值: 0.00, 保证金: 0.00, 手续费: 0.00, 风险度: 0.00%
    INFO - 日期: 2019-03-27, 账户权益: 1019244.50, 可用资金: 866705.30, 浮动盈亏: 480.00, 持仓盈亏: 480.00, 平仓盈亏: 0.00, 市值: 0.00, 保证金: 152539.20, 手续费: 29.24, 风险度: 14.97%
    INFO - 日期: 2019-03-28, 账户权益: 1004644.50, 可用资金: 852105.30, 浮动盈亏: -14120.00, 持仓盈亏: -14600.00, 平仓盈亏: 0.00, 市值: 0.00, 保证金: 152539.20, 手续费: 0.00, 风险度: 15.18%
    INFO - 日期: 2019-03-29, 账户权益: 1047804.50, 可用资金: 895265.30, 浮动盈亏: 29040.00, 持仓盈亏: 43160.00, 平仓盈亏: 0.00, 市值: 0.00, 保证金: 152539.20, 手续费: 0.00, 风险度: 14.56%
    INFO - 日期: 2019-04-01, 账户权益: 1055815.27, 可用资金: 1055815.27, 浮动盈亏: 0.00, 持仓盈亏: 0.00, 平仓盈亏: 8040.00, 市值: 0.00, 保证金: 0.00, 手续费: 29.24, 风险度: 0.00%
    INFO - 日期: 2019-04-02, 账户权益: 1055815.27, 可用资金: 1055815.27, 浮动盈亏: 0.00, 持仓盈亏: 0.00, 平仓盈亏: 0.00, 市值: 0.00, 保证金: 0.00, 手续费: 0.00, 风险度: 0.00%
    INFO - 日期: 2019-04-03, 账户权益: 1055815.27, 可用资金: 1055815.27, 浮动盈亏: 0.00, 持仓盈亏: 0.00, 平仓盈亏: 0.00, 市值: 0.00, 保证金: 0.00, 手续费: 0.00, 风险度: 0.00%
    INFO - 日期: 2019-04-04, 账户权益: 1055815.27, 可用资金: 1055815.27, 浮动盈亏: 0.00, 持仓盈亏: 0.00, 平仓盈亏: 0.00, 市值: 0.00, 保证金: 0.00, 手续费: 0.00, 风险度: 0.00%
    INFO - 日期: 2019-04-08, 账户权益: 1055815.27, 可用资金: 1055815.27, 浮动盈亏: 0.00, 持仓盈亏: 0.00, 平仓盈亏: 0.00, 市值: 0.00, 保证金: 0.00, 手续费: 0.00, 风险度: 0.00%
    INFO - 日期: 2019-04-09, 账户权益: 1055815.27, 可用资金: 1055815.27, 浮动盈亏: 0.00, 持仓盈亏: 0.00, 平仓盈亏: 0.00, 市值: 0.00, 保证金: 0.00, 手续费: 0.00, 风险度: 0.00%
    INFO - 日期: 2019-04-10, 账户权益: 1055815.27, 可用资金: 1055815.27, 浮动盈亏: 0.00, 持仓盈亏: 0.00, 平仓盈亏: 0.00, 市值: 0.00, 保证金: 0.00, 手续费: 0.00, 风险度: 0.00%
    INFO - 日期: 2019-04-11, 账户权益: 1055815.27, 可用资金: 1055815.27, 浮动盈亏: 0.00, 持仓盈亏: 0.00, 平仓盈亏: 0.00, 市值: 0.00, 保证金: 0.00, 手续费: 0.00, 风险度: 0.00%
    INFO - 日期: 2019-04-12, 账户权益: 1055815.27, 可用资金: 1055815.27, 浮动盈亏: 0.00, 持仓盈亏: 0.00, 平仓盈亏: 0.00, 市值: 0.00, 保证金: 0.00, 手续费: 0.00, 风险度: 0.00%
    INFO - 日期: 2019-04-15, 账户权益: 1055815.27, 可用资金: 1055815.27, 浮动盈亏: 0.00, 持仓盈亏: 0.00, 平仓盈亏: 0.00, 市值: 0.00, 保证金: 0.00, 手续费: 0.00, 风险度: 0.00%
    INFO - 日期: 2019-04-16, 账户权益: 1055815.27, 可用资金: 1055815.27, 浮动盈亏: 0.00, 持仓盈亏: 0.00, 平仓盈亏: 0.00, 市值: 0.00, 保证金: 0.00, 手续费: 0.00, 风险度: 0.00%
    INFO - 日期: 2019-04-17, 账户权益: 1055815.27, 可用资金: 1055815.27, 浮动盈亏: 0.00, 持仓盈亏: 0.00, 平仓盈亏: 0.00, 市值: 0.00, 保证金: 0.00, 手续费: 0.00, 风险度: 0.00%
    INFO - 日期: 2019-04-18, 账户权益: 1055815.27, 可用资金: 1055815.27, 浮动盈亏: 0.00, 持仓盈亏: 0.00, 平仓盈亏: 0.00, 市值: 0.00, 保证金: 0.00, 手续费: 0.00, 风险度: 0.00%
    INFO - 日期: 2019-04-19, 账户权益: 1055815.27, 可用资金: 1055815.27, 浮动盈亏: 0.00, 持仓盈亏: 0.00, 平仓盈亏: 0.00, 市值: 0.00, 保证金: 0.00, 手续费: 0.00, 风险度: 0.00%
    INFO - 日期: 2019-04-22, 账户权益: 1055815.27, 可用资金: 1055815.27, 浮动盈亏: 0.00, 持仓盈亏: 0.00, 平仓盈亏: 0.00, 市值: 0.00, 保证金: 0.00, 手续费: 0.00, 风险度: 0.00%
    INFO - 日期: 2019-04-23, 账户权益: 1055815.27, 可用资金: 1055815.27, 浮动盈亏: 0.00, 持仓盈亏: 0.00, 平仓盈亏: 0.00, 市值: 0.00, 保证金: 0.00, 手续费: 0.00, 风险度: 0.00%
    INFO - 日期: 2019-04-24, 账户权益: 1055815.27, 可用资金: 1055815.27, 浮动盈亏: 0.00, 持仓盈亏: 0.00, 平仓盈亏: 0.00, 市值: 0.00, 保证金: 0.00, 手续费: 0.00, 风险度: 0.00%
    INFO - 日期: 2019-04-25, 账户权益: 1055815.27, 可用资金: 1055815.27, 浮动盈亏: 0.00, 持仓盈亏: 0.00, 平仓盈亏: 0.00, 市值: 0.00, 保证金: 0.00, 手续费: 0.00, 风险度: 0.00%
    INFO - 日期: 2019-04-26, 账户权益: 1055815.27, 可用资金: 1055815.27, 浮动盈亏: 0.00, 持仓盈亏: 0.00, 平仓盈亏: 0.00, 市值: 0.00, 保证金: 0.00, 手续费: 0.00, 风险度: 0.00%
    INFO - 日期: 2019-04-29, 账户权益: 1055815.27, 可用资金: 1055815.27, 浮动盈亏: 0.00, 持仓盈亏: 0.00, 平仓盈亏: 0.00, 市值: 0.00, 保证金: 0.00, 手续费: 0.00, 风险度: 0.00%
    INFO - 日期: 2019-04-30, 账户权益: 1055815.27, 可用资金: 1055815.27, 浮动盈亏: 0.00, 持仓盈亏: 0.00, 平仓盈亏: 0.00, 市值: 0.00, 保证金: 0.00, 手续费: 0.00, 风险度: 0.00%
    INFO - 日期: 2019-05-06, 账户权益: 1055815.27, 可用资金: 1055815.27, 浮动盈亏: 0.00, 持仓盈亏: 0.00, 平仓盈亏: 0.00, 市值: 0.00, 保证金: 0.00, 手续费: 0.00, 风险度: 0.00%
    INFO - 日期: 2019-05-07, 账户权益: 1055815.27, 可用资金: 1055815.27, 浮动盈亏: 0.00, 持仓盈亏: 0.00, 平仓盈亏: 0.00, 市值: 0.00, 保证金: 0.00, 手续费: 0.00, 风险度: 0.00%
    INFO - 日期: 2019-05-08, 账户权益: 1055815.27, 可用资金: 1055815.27, 浮动盈亏: 0.00, 持仓盈亏: 0.00, 平仓盈亏: 0.00, 市值: 0.00, 保证金: 0.00, 手续费: 0.00, 风险度: 0.00%
    INFO - 日期: 2019-05-09, 账户权益: 1055815.27, 可用资金: 1055815.27, 浮动盈亏: 0.00, 持仓盈亏: 0.00, 平仓盈亏: 0.00, 市值: 0.00, 保证金: 0.00, 手续费: 0.00, 风险度: 0.00%
    INFO - 日期: 2019-05-10, 账户权益: 1055815.27, 可用资金: 1055815.27, 浮动盈亏: 0.00, 持仓盈亏: 0.00, 平仓盈亏: 0.00, 市值: 0.00, 保证金: 0.00, 手续费: 0.00, 风险度: 0.00%
    INFO - 日期: 2019-05-13, 账户权益: 1055815.27, 可用资金: 1055815.27, 浮动盈亏: 0.00, 持仓盈亏: 0.00, 平仓盈亏: 0.00, 市值: 0.00, 保证金: 0.00, 手续费: 0.00, 风险度: 0.00%
    INFO - 日期: 2019-05-14, 账户权益: 1055815.27, 可用资金: 1055815.27, 浮动盈亏: 0.00, 持仓盈亏: 0.00, 平仓盈亏: 0.00, 市值: 0.00, 保证金: 0.00, 手续费: 0.00, 风险度: 0.00%
    INFO - 日期: 2019-05-15, 账户权益: 1055815.27, 可用资金: 1055815.27, 浮动盈亏: 0.00, 持仓盈亏: 0.00, 平仓盈亏: 0.00, 市值: 0.00, 保证金: 0.00, 手续费: 0.00, 风险度: 0.00%
    INFO - 日期: 2019-05-16, 账户权益: 1055815.27, 可用资金: 1055815.27, 浮动盈亏: 0.00, 持仓盈亏: 0.00, 平仓盈亏: 0.00, 市值: 0.00, 保证金: 0.00, 手续费: 0.00, 风险度: 0.00%
    INFO - 日期: 2019-05-17, 账户权益: 1055815.27, 可用资金: 1055815.27, 浮动盈亏: 0.00, 持仓盈亏: 0.00, 平仓盈亏: 0.00, 市值: 0.00, 保证金: 0.00, 手续费: 0.00, 风险度: 0.00%
    INFO - 日期: 2019-05-20, 账户权益: 1055815.27, 可用资金: 1055815.27, 浮动盈亏: 0.00, 持仓盈亏: 0.00, 平仓盈亏: 0.00, 市值: 0.00, 保证金: 0.00, 手续费: 0.00, 风险度: 0.00%
    INFO - 日期: 2019-05-21, 账户权益: 1055815.27, 可用资金: 1055815.27, 浮动盈亏: 0.00, 持仓盈亏: 0.00, 平仓盈亏: 0.00, 市值: 0.00, 保证金: 0.00, 手续费: 0.00, 风险度: 0.00%
    INFO - 日期: 2019-05-22, 账户权益: 1055815.27, 可用资金: 1055815.27, 浮动盈亏: 0.00, 持仓盈亏: 0.00, 平仓盈亏: 0.00, 市值: 0.00, 保证金: 0.00, 手续费: 0.00, 风险度: 0.00%
    INFO - 日期: 2019-05-23, 账户权益: 1055815.27, 可用资金: 1055815.27, 浮动盈亏: 0.00, 持仓盈亏: 0.00, 平仓盈亏: 0.00, 市值: 0.00, 保证金: 0.00, 手续费: 0.00, 风险度: 0.00%
    INFO - 日期: 2019-05-24, 账户权益: 1055815.27, 可用资金: 1055815.27, 浮动盈亏: 0.00, 持仓盈亏: 0.00, 平仓盈亏: 0.00, 市值: 0.00, 保证金: 0.00, 手续费: 0.00, 风险度: 0.00%
    INFO - 日期: 2019-05-27, 账户权益: 1055815.27, 可用资金: 1055815.27, 浮动盈亏: 0.00, 持仓盈亏: 0.00, 平仓盈亏: 0.00, 市值: 0.00, 保证金: 0.00, 手续费: 0.00, 风险度: 0.00%
    INFO - 日期: 2019-05-28, 账户权益: 1055815.27, 可用资金: 1055815.27, 浮动盈亏: 0.00, 持仓盈亏: 0.00, 平仓盈亏: 0.00, 市值: 0.00, 保证金: 0.00, 手续费: 0.00, 风险度: 0.00%
    INFO - 日期: 2019-05-29, 账户权益: 1055815.27, 可用资金: 1055815.27, 浮动盈亏: 0.00, 持仓盈亏: 0.00, 平仓盈亏: 0.00, 市值: 0.00, 保证金: 0.00, 手续费: 0.00, 风险度: 0.00%
    INFO - 日期: 2019-05-30, 账户权益: 1055815.27, 可用资金: 1055815.27, 浮动盈亏: 0.00, 持仓盈亏: 0.00, 平仓盈亏: 0.00, 市值: 0.00, 保证金: 0.00, 手续费: 0.00, 风险度: 0.00%
    INFO - 日期: 2019-05-31, 账户权益: 1055815.27, 可用资金: 1055815.27, 浮动盈亏: 0.00, 持仓盈亏: 0.00, 平仓盈亏: 0.00, 市值: 0.00, 保证金: 0.00, 手续费: 0.00, 风险度: 0.00%
    INFO - 日期: 2019-06-03, 账户权益: 1055815.27, 可用资金: 1055815.27, 浮动盈亏: 0.00, 持仓盈亏: 0.00, 平仓盈亏: 0.00, 市值: 0.00, 保证金: 0.00, 手续费: 0.00, 风险度: 0.00%
    INFO - 日期: 2019-06-04, 账户权益: 1055815.27, 可用资金: 1055815.27, 浮动盈亏: 0.00, 持仓盈亏: 0.00, 平仓盈亏: 0.00, 市值: 0.00, 保证金: 0.00, 手续费: 0.00, 风险度: 0.00%
    INFO - 日期: 2019-06-05, 账户权益: 1055815.27, 可用资金: 1055815.27, 浮动盈亏: 0.00, 持仓盈亏: 0.00, 平仓盈亏: 0.00, 市值: 0.00, 保证金: 0.00, 手续费: 0.00, 风险度: 0.00%
    INFO - 日期: 2019-06-06, 账户权益: 1055815.27, 可用资金: 1055815.27, 浮动盈亏: 0.00, 持仓盈亏: 0.00, 平仓盈亏: 0.00, 市值: 0.00, 保证金: 0.00, 手续费: 0.00, 风险度: 0.00%
    INFO - 日期: 2019-06-10, 账户权益: 1055815.27, 可用资金: 1055815.27, 浮动盈亏: 0.00, 持仓盈亏: 0.00, 平仓盈亏: 0.00, 市值: 0.00, 保证金: 0.00, 手续费: 0.00, 风险度: 0.00%
    INFO - 日期: 2019-06-11, 账户权益: 1055815.27, 可用资金: 1055815.27, 浮动盈亏: 0.00, 持仓盈亏: 0.00, 平仓盈亏: 0.00, 市值: 0.00, 保证金: 0.00, 手续费: 0.00, 风险度: 0.00%
    INFO - 日期: 2019-06-12, 账户权益: 1055815.27, 可用资金: 1055815.27, 浮动盈亏: 0.00, 持仓盈亏: 0.00, 平仓盈亏: 0.00, 市值: 0.00, 保证金: 0.00, 手续费: 0.00, 风险度: 0.00%
    INFO - 日期: 2019-06-13, 账户权益: 1055815.27, 可用资金: 1055815.27, 浮动盈亏: 0.00, 持仓盈亏: 0.00, 平仓盈亏: 0.00, 市值: 0.00, 保证金: 0.00, 手续费: 0.00, 风险度: 0.00%
    INFO - 日期: 2019-06-14, 账户权益: 1055815.27, 可用资金: 1055815.27, 浮动盈亏: 0.00, 持仓盈亏: 0.00, 平仓盈亏: 0.00, 市值: 0.00, 保证金: 0.00, 手续费: 0.00, 风险度: 0.00%
    INFO - 日期: 2019-06-17, 账户权益: 1055815.27, 可用资金: 1055815.27, 浮动盈亏: 0.00, 持仓盈亏: 0.00, 平仓盈亏: 0.00, 市值: 0.00, 保证金: 0.00, 手续费: 0.00, 风险度: 0.00%
    INFO - 日期: 2019-06-18, 账户权益: 1055815.27, 可用资金: 1055815.27, 浮动盈亏: 0.00, 持仓盈亏: 0.00, 平仓盈亏: 0.00, 市值: 0.00, 保证金: 0.00, 手续费: 0.00, 风险度: 0.00%
    INFO - 日期: 2019-06-19, 账户权益: 1055815.27, 可用资金: 1055815.27, 浮动盈亏: 0.00, 持仓盈亏: 0.00, 平仓盈亏: 0.00, 市值: 0.00, 保证金: 0.00, 手续费: 0.00, 风险度: 0.00%
    INFO - 日期: 2019-06-20, 账户权益: 1079626.03, 可用资金: 927086.83, 浮动盈亏: 23840.00, 持仓盈亏: 23840.00, 平仓盈亏: 0.00, 市值: 0.00, 保证金: 152539.20, 手续费: 29.24, 风险度: 14.13%
    INFO - 日期: 2019-06-21, 账户权益: 1098836.79, 可用资金: 1098836.79, 浮动盈亏: 0.00, 持仓盈亏: 0.00, 平仓盈亏: 19240.00, 市值: 0.00, 保证金: 0.00, 手续费: 29.24, 风险度: 0.00%
    INFO - 日期: 2019-06-24, 账户权益: 1098836.79, 可用资金: 1098836.79, 浮动盈亏: 0.00, 持仓盈亏: 0.00, 平仓盈亏: 0.00, 市值: 0.00, 保证金: 0.00, 手续费: 0.00, 风险度: 0.00%
    INFO - 日期: 2019-06-25, 账户权益: 1098836.79, 可用资金: 1098836.79, 浮动盈亏: 0.00, 持仓盈亏: 0.00, 平仓盈亏: 0.00, 市值: 0.00, 保证金: 0.00, 手续费: 0.00, 风险度: 0.00%
    INFO - 日期: 2019-06-26, 账户权益: 1098836.79, 可用资金: 1098836.79, 浮动盈亏: 0.00, 持仓盈亏: 0.00, 平仓盈亏: 0.00, 市值: 0.00, 保证金: 0.00, 手续费: 0.00, 风险度: 0.00%
    INFO - 日期: 2019-06-27, 账户权益: 1098836.79, 可用资金: 1098836.79, 浮动盈亏: 0.00, 持仓盈亏: 0.00, 平仓盈亏: 0.00, 市值: 0.00, 保证金: 0.00, 手续费: 0.00, 风险度: 0.00%
    INFO - 日期: 2019-06-28, 账户权益: 1098836.79, 可用资金: 1098836.79, 浮动盈亏: 0.00, 持仓盈亏: 0.00, 平仓盈亏: 0.00, 市值: 0.00, 保证金: 0.00, 手续费: 0.00, 风险度: 0.00%
    INFO - 日期: 2019-07-01, 账户权益: 1098836.79, 可用资金: 1098836.79, 浮动盈亏: 0.00, 持仓盈亏: 0.00, 平仓盈亏: 0.00, 市值: 0.00, 保证金: 0.00, 手续费: 0.00, 风险度: 0.00%
    INFO - 日期: 2019-07-02, 账户权益: 1098836.79, 可用资金: 1098836.79, 浮动盈亏: 0.00, 持仓盈亏: 0.00, 平仓盈亏: 0.00, 市值: 0.00, 保证金: 0.00, 手续费: 0.00, 风险度: 0.00%
    INFO - 日期: 2019-07-03, 账户权益: 1098836.79, 可用资金: 1098836.79, 浮动盈亏: 0.00, 持仓盈亏: 0.00, 平仓盈亏: 0.00, 市值: 0.00, 保证金: 0.00, 手续费: 0.00, 风险度: 0.00%
    INFO - 日期: 2019-07-04, 账户权益: 1098836.79, 可用资金: 1098836.79, 浮动盈亏: 0.00, 持仓盈亏: 0.00, 平仓盈亏: 0.00, 市值: 0.00, 保证金: 0.00, 手续费: 0.00, 风险度: 0.00%
    INFO - 日期: 2019-07-05, 账户权益: 1098836.79, 可用资金: 1098836.79, 浮动盈亏: 0.00, 持仓盈亏: 0.00, 平仓盈亏: 0.00, 市值: 0.00, 保证金: 0.00, 手续费: 0.00, 风险度: 0.00%
    INFO - 日期: 2019-07-08, 账户权益: 1098836.79, 可用资金: 1098836.79, 浮动盈亏: 0.00, 持仓盈亏: 0.00, 平仓盈亏: 0.00, 市值: 0.00, 保证金: 0.00, 手续费: 0.00, 风险度: 0.00%
    INFO - 日期: 2019-07-09, 账户权益: 1098836.79, 可用资金: 1098836.79, 浮动盈亏: 0.00, 持仓盈亏: 0.00, 平仓盈亏: 0.00, 市值: 0.00, 保证金: 0.00, 手续费: 0.00, 风险度: 0.00%
    INFO - 日期: 2019-07-10, 账户权益: 1098836.79, 可用资金: 1098836.79, 浮动盈亏: 0.00, 持仓盈亏: 0.00, 平仓盈亏: 0.00, 市值: 0.00, 保证金: 0.00, 手续费: 0.00, 风险度: 0.00%
    INFO - 日期: 2019-07-11, 账户权益: 1098836.79, 可用资金: 1098836.79, 浮动盈亏: 0.00, 持仓盈亏: 0.00, 平仓盈亏: 0.00, 市值: 0.00, 保证金: 0.00, 手续费: 0.00, 风险度: 0.00%
    INFO - 日期: 2019-07-12, 账户权益: 1098836.79, 可用资金: 1098836.79, 浮动盈亏: 0.00, 持仓盈亏: 0.00, 平仓盈亏: 0.00, 市值: 0.00, 保证金: 0.00, 手续费: 0.00, 风险度: 0.00%
    INFO - 日期: 2019-07-15, 账户权益: 1098836.79, 可用资金: 1098836.79, 浮动盈亏: 0.00, 持仓盈亏: 0.00, 平仓盈亏: 0.00, 市值: 0.00, 保证金: 0.00, 手续费: 0.00, 风险度: 0.00%
    INFO - 日期: 2019-07-16, 账户权益: 1098836.79, 可用资金: 1098836.79, 浮动盈亏: 0.00, 持仓盈亏: 0.00, 平仓盈亏: 0.00, 市值: 0.00, 保证金: 0.00, 手续费: 0.00, 风险度: 0.00%
    INFO - 日期: 2019-07-17, 账户权益: 1098836.79, 可用资金: 1098836.79, 浮动盈亏: 0.00, 持仓盈亏: 0.00, 平仓盈亏: 0.00, 市值: 0.00, 保证金: 0.00, 手续费: 0.00, 风险度: 0.00%
    INFO - 日期: 2019-07-18, 账户权益: 1098836.79, 可用资金: 1098836.79, 浮动盈亏: 0.00, 持仓盈亏: 0.00, 平仓盈亏: 0.00, 市值: 0.00, 保证金: 0.00, 手续费: 0.00, 风险度: 0.00%
    INFO - 日期: 2019-07-19, 账户权益: 1098836.79, 可用资金: 1098836.79, 浮动盈亏: 0.00, 持仓盈亏: 0.00, 平仓盈亏: 0.00, 市值: 0.00, 保证金: 0.00, 手续费: 0.00, 风险度: 0.00%
    INFO - 日期: 2019-07-22, 账户权益: 1098836.79, 可用资金: 1098836.79, 浮动盈亏: 0.00, 持仓盈亏: 0.00, 平仓盈亏: 0.00, 市值: 0.00, 保证金: 0.00, 手续费: 0.00, 风险度: 0.00%
    INFO - 日期: 2019-07-23, 账户权益: 1098836.79, 可用资金: 1098836.79, 浮动盈亏: 0.00, 持仓盈亏: 0.00, 平仓盈亏: 0.00, 市值: 0.00, 保证金: 0.00, 手续费: 0.00, 风险度: 0.00%
    INFO - 日期: 2019-07-24, 账户权益: 1098836.79, 可用资金: 1098836.79, 浮动盈亏: 0.00, 持仓盈亏: 0.00, 平仓盈亏: 0.00, 市值: 0.00, 保证金: 0.00, 手续费: 0.00, 风险度: 0.00%
    INFO - 日期: 2019-07-25, 账户权益: 1098836.79, 可用资金: 1098836.79, 浮动盈亏: 0.00, 持仓盈亏: 0.00, 平仓盈亏: 0.00, 市值: 0.00, 保证金: 0.00, 手续费: 0.00, 风险度: 0.00%
    INFO - 日期: 2019-07-26, 账户权益: 1098836.79, 可用资金: 1098836.79, 浮动盈亏: 0.00, 持仓盈亏: 0.00, 平仓盈亏: 0.00, 市值: 0.00, 保证金: 0.00, 手续费: 0.00, 风险度: 0.00%
    INFO - 日期: 2019-07-29, 账户权益: 1098836.79, 可用资金: 1098836.79, 浮动盈亏: 0.00, 持仓盈亏: 0.00, 平仓盈亏: 0.00, 市值: 0.00, 保证金: 0.00, 手续费: 0.00, 风险度: 0.00%
    INFO - 日期: 2019-07-30, 账户权益: 1102807.56, 可用资金: 950268.36, 浮动盈亏: 4000.00, 持仓盈亏: 4000.00, 平仓盈亏: 0.00, 市值: 0.00, 保证金: 152539.20, 手续费: 29.24, 风险度: 13.83%
    INFO - 日期: 2019-07-31, 账户权益: 1102087.56, 可用资金: 949548.36, 浮动盈亏: 3280.00, 持仓盈亏: -720.00, 平仓盈亏: 0.00, 市值: 0.00, 保证金: 152539.20, 手续费: 0.00, 风险度: 13.84%
    INFO - 日期: 2019-08-01, 账户权益: 1095487.56, 可用资金: 942948.36, 浮动盈亏: -3320.00, 持仓盈亏: -6600.00, 平仓盈亏: 0.00, 市值: 0.00, 保证金: 152539.20, 手续费: 0.00, 风险度: 13.92%
    INFO - 日期: 2019-08-02, 账户权益: 1083127.56, 可用资金: 930588.36, 浮动盈亏: -15680.00, 持仓盈亏: -12360.00, 平仓盈亏: 0.00, 市值: 0.00, 保证金: 152539.20, 手续费: 0.00, 风险度: 14.08%
    INFO - 日期: 2019-08-05, 账户权益: 1072287.56, 可用资金: 919748.36, 浮动盈亏: -26520.00, 持仓盈亏: -10840.00, 平仓盈亏: 0.00, 市值: 0.00, 保证金: 152539.20, 手续费: 0.00, 风险度: 14.23%
    INFO - 日期: 2019-08-06, 账户权益: 1052647.56, 可用资金: 900108.36, 浮动盈亏: -46160.00, 持仓盈亏: -19640.00, 平仓盈亏: 0.00, 市值: 0.00, 保证金: 152539.20, 手续费: 0.00, 风险度: 14.49%
    INFO - 日期: 2019-08-07, 账户权益: 1045607.56, 可用资金: 893068.36, 浮动盈亏: -53200.00, 持仓盈亏: -7040.00, 平仓盈亏: 0.00, 市值: 0.00, 保证金: 152539.20, 手续费: 0.00, 风险度: 14.59%
    INFO - 日期: 2019-08-08, 账户权益: 1050607.56, 可用资金: 898068.36, 浮动盈亏: -48200.00, 持仓盈亏: 5000.00, 平仓盈亏: 0.00, 市值: 0.00, 保证金: 152539.20, 手续费: 0.00, 风险度: 14.52%
    INFO - 日期: 2019-08-09, 账户权益: 1041407.56, 可用资金: 888868.36, 浮动盈亏: -57400.00, 持仓盈亏: -9200.00, 平仓盈亏: 0.00, 市值: 0.00, 保证金: 152539.20, 手续费: 0.00, 风险度: 14.65%
    INFO - 日期: 2019-08-12, 账户权益: 1060447.56, 可用资金: 907908.36, 浮动盈亏: -38360.00, 持仓盈亏: 19040.00, 平仓盈亏: 0.00, 市值: 0.00, 保证金: 152539.20, 手续费: 0.00, 风险度: 14.38%
    INFO - 日期: 2019-08-13, 账户权益: 1057418.32, 可用资金: 1057418.32, 浮动盈亏: 0.00, 持仓盈亏: 0.00, 平仓盈亏: -3000.00, 市值: 0.00, 保证金: 0.00, 手续费: 29.24, 风险度: 0.00%
    INFO - 日期: 2019-08-14, 账户权益: 1057418.32, 可用资金: 1057418.32, 浮动盈亏: 0.00, 持仓盈亏: 0.00, 平仓盈亏: 0.00, 市值: 0.00, 保证金: 0.00, 手续费: 0.00, 风险度: 0.00%
    INFO - 日期: 2019-08-15, 账户权益: 1057418.32, 可用资金: 1057418.32, 浮动盈亏: 0.00, 持仓盈亏: 0.00, 平仓盈亏: 0.00, 市值: 0.00, 保证金: 0.00, 手续费: 0.00, 风险度: 0.00%
    INFO - 日期: 2019-08-16, 账户权益: 1057418.32, 可用资金: 1057418.32, 浮动盈亏: 0.00, 持仓盈亏: 0.00, 平仓盈亏: 0.00, 市值: 0.00, 保证金: 0.00, 手续费: 0.00, 风险度: 0.00%
    INFO - 日期: 2019-08-19, 账户权益: 1057418.32, 可用资金: 1057418.32, 浮动盈亏: 0.00, 持仓盈亏: 0.00, 平仓盈亏: 0.00, 市值: 0.00, 保证金: 0.00, 手续费: 0.00, 风险度: 0.00%
    INFO - 日期: 2019-08-20, 账户权益: 1057418.32, 可用资金: 1057418.32, 浮动盈亏: 0.00, 持仓盈亏: 0.00, 平仓盈亏: 0.00, 市值: 0.00, 保证金: 0.00, 手续费: 0.00, 风险度: 0.00%
    INFO - 日期: 2019-08-21, 账户权益: 1057418.32, 可用资金: 1057418.32, 浮动盈亏: 0.00, 持仓盈亏: 0.00, 平仓盈亏: 0.00, 市值: 0.00, 保证金: 0.00, 手续费: 0.00, 风险度: 0.00%
    INFO - 日期: 2019-08-22, 账户权益: 1057418.32, 可用资金: 1057418.32, 浮动盈亏: 0.00, 持仓盈亏: 0.00, 平仓盈亏: 0.00, 市值: 0.00, 保证金: 0.00, 手续费: 0.00, 风险度: 0.00%
    INFO - 日期: 2019-08-23, 账户权益: 1057109.08, 可用资金: 904569.88, 浮动盈亏: -280.00, 持仓盈亏: -280.00, 平仓盈亏: 0.00, 市值: 0.00, 保证金: 152539.20, 手续费: 29.24, 风险度: 14.43%
    INFO - 日期: 2019-08-26, 账户权益: 1051749.08, 可用资金: 899209.88, 浮动盈亏: -5640.00, 持仓盈亏: -5360.00, 平仓盈亏: 0.00, 市值: 0.00, 保证金: 152539.20, 手续费: 0.00, 风险度: 14.50%
    INFO - 日期: 2019-08-27, 账户权益: 1063629.08, 可用资金: 911089.88, 浮动盈亏: 6240.00, 持仓盈亏: 11880.00, 平仓盈亏: 0.00, 市值: 0.00, 保证金: 152539.20, 手续费: 0.00, 风险度: 14.34%
    INFO - 日期: 2019-08-28, 账户权益: 1065909.08, 可用资金: 913369.88, 浮动盈亏: 8520.00, 持仓盈亏: 2280.00, 平仓盈亏: 0.00, 市值: 0.00, 保证金: 152539.20, 手续费: 0.00, 风险度: 14.31%
    INFO - 日期: 2019-08-29, 账户权益: 1066989.08, 可用资金: 914449.88, 浮动盈亏: 9600.00, 持仓盈亏: 1080.00, 平仓盈亏: 0.00, 市值: 0.00, 保证金: 152539.20, 手续费: 0.00, 风险度: 14.30%
    INFO - 日期: 2019-08-30, 账户权益: 1060549.08, 可用资金: 908009.88, 浮动盈亏: 3160.00, 持仓盈亏: -6440.00, 平仓盈亏: 0.00, 市值: 0.00, 保证金: 152539.20, 手续费: 0.00, 风险度: 14.38%
    INFO - 日期: 2019-09-02, 账户权益: 1084229.08, 可用资金: 931689.88, 浮动盈亏: 26840.00, 持仓盈亏: 23680.00, 平仓盈亏: 0.00, 市值: 0.00, 保证金: 152539.20, 手续费: 0.00, 风险度: 14.07%
    INFO - 日期: 2019-09-03, 账户权益: 1089549.08, 可用资金: 937009.88, 浮动盈亏: 32160.00, 持仓盈亏: 5320.00, 平仓盈亏: 0.00, 市值: 0.00, 保证金: 152539.20, 手续费: 0.00, 风险度: 14.00%
    INFO - 日期: 2019-09-04, 账户权益: 1108349.08, 可用资金: 955809.88, 浮动盈亏: 50960.00, 持仓盈亏: 18800.00, 平仓盈亏: 0.00, 市值: 0.00, 保证金: 152539.20, 手续费: 0.00, 风险度: 13.76%
    INFO - 日期: 2019-09-05, 账户权益: 1114679.85, 可用资金: 1114679.85, 浮动盈亏: 0.00, 持仓盈亏: 0.00, 平仓盈亏: 6360.00, 市值: 0.00, 保证金: 0.00, 手续费: 29.24, 风险度: 0.00%
    INFO - 日期: 2019-09-06, 账户权益: 1114679.85, 可用资金: 1114679.85, 浮动盈亏: 0.00, 持仓盈亏: 0.00, 平仓盈亏: 0.00, 市值: 0.00, 保证金: 0.00, 手续费: 0.00, 风险度: 0.00%
    INFO - 日期: 2019-09-09, 账户权益: 1114679.85, 可用资金: 1114679.85, 浮动盈亏: 0.00, 持仓盈亏: 0.00, 平仓盈亏: 0.00, 市值: 0.00, 保证金: 0.00, 手续费: 0.00, 风险度: 0.00%
    INFO - 日期: 2019-09-10, 账户权益: 1114679.85, 可用资金: 1114679.85, 浮动盈亏: 0.00, 持仓盈亏: 0.00, 平仓盈亏: 0.00, 市值: 0.00, 保证金: 0.00, 手续费: 0.00, 风险度: 0.00%
    INFO - 日期: 2019-09-11, 账户权益: 1114679.85, 可用资金: 1114679.85, 浮动盈亏: 0.00, 持仓盈亏: 0.00, 平仓盈亏: 0.00, 市值: 0.00, 保证金: 0.00, 手续费: 0.00, 风险度: 0.00%
    INFO - 日期: 2019-09-12, 账户权益: 1114679.85, 可用资金: 1114679.85, 浮动盈亏: 0.00, 持仓盈亏: 0.00, 平仓盈亏: 0.00, 市值: 0.00, 保证金: 0.00, 手续费: 0.00, 风险度: 0.00%
    INFO - 日期: 2019-09-16, 账户权益: 1114679.85, 可用资金: 1114679.85, 浮动盈亏: 0.00, 持仓盈亏: 0.00, 平仓盈亏: 0.00, 市值: 0.00, 保证金: 0.00, 手续费: 0.00, 风险度: 0.00%
    INFO - 日期: 2019-09-17, 账户权益: 1114679.85, 可用资金: 1114679.85, 浮动盈亏: 0.00, 持仓盈亏: 0.00, 平仓盈亏: 0.00, 市值: 0.00, 保证金: 0.00, 手续费: 0.00, 风险度: 0.00%
    INFO - 日期: 2019-09-18, 账户权益: 1114679.85, 可用资金: 1114679.85, 浮动盈亏: 0.00, 持仓盈亏: 0.00, 平仓盈亏: 0.00, 市值: 0.00, 保证金: 0.00, 手续费: 0.00, 风险度: 0.00%
    INFO - 日期: 2019-09-19, 账户权益: 1114679.85, 可用资金: 1114679.85, 浮动盈亏: 0.00, 持仓盈亏: 0.00, 平仓盈亏: 0.00, 市值: 0.00, 保证金: 0.00, 手续费: 0.00, 风险度: 0.00%
    INFO - 日期: 2019-09-20, 账户权益: 1114679.85, 可用资金: 1114679.85, 浮动盈亏: 0.00, 持仓盈亏: 0.00, 平仓盈亏: 0.00, 市值: 0.00, 保证金: 0.00, 手续费: 0.00, 风险度: 0.00%
    INFO - 日期: 2019-09-23, 账户权益: 1114490.61, 可用资金: 961951.41, 浮动盈亏: -160.00, 持仓盈亏: -160.00, 平仓盈亏: 0.00, 市值: 0.00, 保证金: 152539.20, 手续费: 29.24, 风险度: 13.69%
    INFO - 日期: 2019-09-24, 账户权益: 1112050.61, 可用资金: 959511.41, 浮动盈亏: -2600.00, 持仓盈亏: -2440.00, 平仓盈亏: 0.00, 市值: 0.00, 保证金: 152539.20, 手续费: 0.00, 风险度: 13.72%
    INFO - 日期: 2019-09-25, 账户权益: 1096130.61, 可用资金: 943591.41, 浮动盈亏: -18520.00, 持仓盈亏: -15920.00, 平仓盈亏: 0.00, 市值: 0.00, 保证金: 152539.20, 手续费: 0.00, 风险度: 13.92%
    INFO - 日期: 2019-09-26, 账户权益: 1077250.61, 可用资金: 924711.41, 浮动盈亏: -37400.00, 持仓盈亏: -18880.00, 平仓盈亏: 0.00, 市值: 0.00, 保证金: 152539.20, 手续费: 0.00, 风险度: 14.16%
    INFO - 日期: 2019-09-27, 账户权益: 1079741.37, 可用资金: 1079741.37, 浮动盈亏: 0.00, 持仓盈亏: 0.00, 平仓盈亏: 2520.00, 市值: 0.00, 保证金: 0.00, 手续费: 29.24, 风险度: 0.00%
    INFO - 日期: 2019-09-30, 账户权益: 1079741.37, 可用资金: 1079741.37, 浮动盈亏: 0.00, 持仓盈亏: 0.00, 平仓盈亏: 0.00, 市值: 0.00, 保证金: 0.00, 手续费: 0.00, 风险度: 0.00%
    INFO - 日期: 2019-10-08, 账户权益: 1079741.37, 可用资金: 1079741.37, 浮动盈亏: 0.00, 持仓盈亏: 0.00, 平仓盈亏: 0.00, 市值: 0.00, 保证金: 0.00, 手续费: 0.00, 风险度: 0.00%
    INFO - 日期: 2019-10-09, 账户权益: 1079741.37, 可用资金: 1079741.37, 浮动盈亏: 0.00, 持仓盈亏: 0.00, 平仓盈亏: 0.00, 市值: 0.00, 保证金: 0.00, 手续费: 0.00, 风险度: 0.00%
    INFO - 日期: 2019-10-10, 账户权益: 1079741.37, 可用资金: 1079741.37, 浮动盈亏: 0.00, 持仓盈亏: 0.00, 平仓盈亏: 0.00, 市值: 0.00, 保证金: 0.00, 手续费: 0.00, 风险度: 0.00%
    INFO - 日期: 2019-10-11, 账户权益: 1079741.37, 可用资金: 1079741.37, 浮动盈亏: 0.00, 持仓盈亏: 0.00, 平仓盈亏: 0.00, 市值: 0.00, 保证金: 0.00, 手续费: 0.00, 风险度: 0.00%
    INFO - 日期: 2019-10-14, 账户权益: 1079741.37, 可用资金: 1079741.37, 浮动盈亏: 0.00, 持仓盈亏: 0.00, 平仓盈亏: 0.00, 市值: 0.00, 保证金: 0.00, 手续费: 0.00, 风险度: 0.00%
    INFO - 日期: 2019-10-15, 账户权益: 1079741.37, 可用资金: 1079741.37, 浮动盈亏: 0.00, 持仓盈亏: 0.00, 平仓盈亏: 0.00, 市值: 0.00, 保证金: 0.00, 手续费: 0.00, 风险度: 0.00%
    INFO - 日期: 2019-10-16, 账户权益: 1079741.37, 可用资金: 1079741.37, 浮动盈亏: 0.00, 持仓盈亏: 0.00, 平仓盈亏: 0.00, 市值: 0.00, 保证金: 0.00, 手续费: 0.00, 风险度: 0.00%
    INFO - 日期: 2019-10-17, 账户权益: 1079741.37, 可用资金: 1079741.37, 浮动盈亏: 0.00, 持仓盈亏: 0.00, 平仓盈亏: 0.00, 市值: 0.00, 保证金: 0.00, 手续费: 0.00, 风险度: 0.00%
    INFO - 日期: 2019-10-18, 账户权益: 1079741.37, 可用资金: 1079741.37, 浮动盈亏: 0.00, 持仓盈亏: 0.00, 平仓盈亏: 0.00, 市值: 0.00, 保证金: 0.00, 手续费: 0.00, 风险度: 0.00%
    INFO - 日期: 2019-10-21, 账户权益: 1079741.37, 可用资金: 1079741.37, 浮动盈亏: 0.00, 持仓盈亏: 0.00, 平仓盈亏: 0.00, 市值: 0.00, 保证金: 0.00, 手续费: 0.00, 风险度: 0.00%
    INFO - 日期: 2019-10-22, 账户权益: 1079741.37, 可用资金: 1079741.37, 浮动盈亏: 0.00, 持仓盈亏: 0.00, 平仓盈亏: 0.00, 市值: 0.00, 保证金: 0.00, 手续费: 0.00, 风险度: 0.00%
    INFO - 日期: 2019-10-23, 账户权益: 1079741.37, 可用资金: 1079741.37, 浮动盈亏: 0.00, 持仓盈亏: 0.00, 平仓盈亏: 0.00, 市值: 0.00, 保证金: 0.00, 手续费: 0.00, 风险度: 0.00%
    INFO - 日期: 2019-10-24, 账户权益: 1079741.37, 可用资金: 1079741.37, 浮动盈亏: 0.00, 持仓盈亏: 0.00, 平仓盈亏: 0.00, 市值: 0.00, 保证金: 0.00, 手续费: 0.00, 风险度: 0.00%
    INFO - 日期: 2019-10-25, 账户权益: 1079741.37, 可用资金: 1079741.37, 浮动盈亏: 0.00, 持仓盈亏: 0.00, 平仓盈亏: 0.00, 市值: 0.00, 保证金: 0.00, 手续费: 0.00, 风险度: 0.00%
    INFO - 日期: 2019-10-28, 账户权益: 1079741.37, 可用资金: 1079741.37, 浮动盈亏: 0.00, 持仓盈亏: 0.00, 平仓盈亏: 0.00, 市值: 0.00, 保证金: 0.00, 手续费: 0.00, 风险度: 0.00%
    INFO - 日期: 2019-10-29, 账户权益: 1066792.14, 可用资金: 914252.94, 浮动盈亏: -12920.00, 持仓盈亏: -12920.00, 平仓盈亏: 0.00, 市值: 0.00, 保证金: 152539.20, 手续费: 29.24, 风险度: 14.30%
    INFO - 日期: 2019-10-30, 账户权益: 1063482.90, 可用资金: 1063482.90, 浮动盈亏: 0.00, 持仓盈亏: 0.00, 平仓盈亏: -3280.00, 市值: 0.00, 保证金: 0.00, 手续费: 29.24, 风险度: 0.00%
    INFO - 日期: 2019-10-31, 账户权益: 1063482.90, 可用资金: 1063482.90, 浮动盈亏: 0.00, 持仓盈亏: 0.00, 平仓盈亏: 0.00, 市值: 0.00, 保证金: 0.00, 手续费: 0.00, 风险度: 0.00%
    INFO - 日期: 2019-11-01, 账户权益: 1063482.90, 可用资金: 1063482.90, 浮动盈亏: 0.00, 持仓盈亏: 0.00, 平仓盈亏: 0.00, 市值: 0.00, 保证金: 0.00, 手续费: 0.00, 风险度: 0.00%
    INFO - 日期: 2019-11-04, 账户权益: 1063482.90, 可用资金: 1063482.90, 浮动盈亏: 0.00, 持仓盈亏: 0.00, 平仓盈亏: 0.00, 市值: 0.00, 保证金: 0.00, 手续费: 0.00, 风险度: 0.00%
    INFO - 日期: 2019-11-05, 账户权益: 1063482.90, 可用资金: 1063482.90, 浮动盈亏: 0.00, 持仓盈亏: 0.00, 平仓盈亏: 0.00, 市值: 0.00, 保证金: 0.00, 手续费: 0.00, 风险度: 0.00%
    INFO - 日期: 2019-11-06, 账户权益: 1063482.90, 可用资金: 1063482.90, 浮动盈亏: 0.00, 持仓盈亏: 0.00, 平仓盈亏: 0.00, 市值: 0.00, 保证金: 0.00, 手续费: 0.00, 风险度: 0.00%
    INFO - 日期: 2019-11-07, 账户权益: 1063482.90, 可用资金: 1063482.90, 浮动盈亏: 0.00, 持仓盈亏: 0.00, 平仓盈亏: 0.00, 市值: 0.00, 保证金: 0.00, 手续费: 0.00, 风险度: 0.00%
    INFO - 日期: 2019-11-08, 账户权益: 1063482.90, 可用资金: 1063482.90, 浮动盈亏: 0.00, 持仓盈亏: 0.00, 平仓盈亏: 0.00, 市值: 0.00, 保证金: 0.00, 手续费: 0.00, 风险度: 0.00%
    INFO - 日期: 2019-11-11, 账户权益: 1063482.90, 可用资金: 1063482.90, 浮动盈亏: 0.00, 持仓盈亏: 0.00, 平仓盈亏: 0.00, 市值: 0.00, 保证金: 0.00, 手续费: 0.00, 风险度: 0.00%
    INFO - 日期: 2019-11-12, 账户权益: 1063482.90, 可用资金: 1063482.90, 浮动盈亏: 0.00, 持仓盈亏: 0.00, 平仓盈亏: 0.00, 市值: 0.00, 保证金: 0.00, 手续费: 0.00, 风险度: 0.00%
    INFO - 日期: 2019-11-13, 账户权益: 1063482.90, 可用资金: 1063482.90, 浮动盈亏: 0.00, 持仓盈亏: 0.00, 平仓盈亏: 0.00, 市值: 0.00, 保证金: 0.00, 手续费: 0.00, 风险度: 0.00%
    INFO - 日期: 2019-11-14, 账户权益: 1063482.90, 可用资金: 1063482.90, 浮动盈亏: 0.00, 持仓盈亏: 0.00, 平仓盈亏: 0.00, 市值: 0.00, 保证金: 0.00, 手续费: 0.00, 风险度: 0.00%
    INFO - 日期: 2019-11-15, 账户权益: 1063482.90, 可用资金: 1063482.90, 浮动盈亏: 0.00, 持仓盈亏: 0.00, 平仓盈亏: 0.00, 市值: 0.00, 保证金: 0.00, 手续费: 0.00, 风险度: 0.00%
    INFO - 日期: 2019-11-18, 账户权益: 1063482.90, 可用资金: 1063482.90, 浮动盈亏: 0.00, 持仓盈亏: 0.00, 平仓盈亏: 0.00, 市值: 0.00, 保证金: 0.00, 手续费: 0.00, 风险度: 0.00%
    INFO - 日期: 2019-11-19, 账户权益: 1063482.90, 可用资金: 1063482.90, 浮动盈亏: 0.00, 持仓盈亏: 0.00, 平仓盈亏: 0.00, 市值: 0.00, 保证金: 0.00, 手续费: 0.00, 风险度: 0.00%
    INFO - 日期: 2019-11-20, 账户权益: 1063482.90, 可用资金: 1063482.90, 浮动盈亏: 0.00, 持仓盈亏: 0.00, 平仓盈亏: 0.00, 市值: 0.00, 保证金: 0.00, 手续费: 0.00, 风险度: 0.00%
    INFO - 日期: 2019-11-21, 账户权益: 1063482.90, 可用资金: 1063482.90, 浮动盈亏: 0.00, 持仓盈亏: 0.00, 平仓盈亏: 0.00, 市值: 0.00, 保证金: 0.00, 手续费: 0.00, 风险度: 0.00%
    INFO - 日期: 2019-11-22, 账户权益: 1063482.90, 可用资金: 1063482.90, 浮动盈亏: 0.00, 持仓盈亏: 0.00, 平仓盈亏: 0.00, 市值: 0.00, 保证金: 0.00, 手续费: 0.00, 风险度: 0.00%
    INFO - 日期: 2019-11-25, 账户权益: 1063482.90, 可用资金: 1063482.90, 浮动盈亏: 0.00, 持仓盈亏: 0.00, 平仓盈亏: 0.00, 市值: 0.00, 保证金: 0.00, 手续费: 0.00, 风险度: 0.00%
    INFO - 日期: 2019-11-26, 账户权益: 1063482.90, 可用资金: 1063482.90, 浮动盈亏: 0.00, 持仓盈亏: 0.00, 平仓盈亏: 0.00, 市值: 0.00, 保证金: 0.00, 手续费: 0.00, 风险度: 0.00%
    INFO - 日期: 2019-11-27, 账户权益: 1063482.90, 可用资金: 1063482.90, 浮动盈亏: 0.00, 持仓盈亏: 0.00, 平仓盈亏: 0.00, 市值: 0.00, 保证金: 0.00, 手续费: 0.00, 风险度: 0.00%
    INFO - 日期: 2019-11-28, 账户权益: 1063482.90, 可用资金: 1063482.90, 浮动盈亏: 0.00, 持仓盈亏: 0.00, 平仓盈亏: 0.00, 市值: 0.00, 保证金: 0.00, 手续费: 0.00, 风险度: 0.00%
    INFO - 日期: 2019-11-29, 账户权益: 1063482.90, 可用资金: 1063482.90, 浮动盈亏: 0.00, 持仓盈亏: 0.00, 平仓盈亏: 0.00, 市值: 0.00, 保证金: 0.00, 手续费: 0.00, 风险度: 0.00%
    INFO - 日期: 2019-12-02, 账户权益: 1063482.90, 可用资金: 1063482.90, 浮动盈亏: 0.00, 持仓盈亏: 0.00, 平仓盈亏: 0.00, 市值: 0.00, 保证金: 0.00, 手续费: 0.00, 风险度: 0.00%
    INFO - 日期: 2019-12-03, 账户权益: 1063482.90, 可用资金: 1063482.90, 浮动盈亏: 0.00, 持仓盈亏: 0.00, 平仓盈亏: 0.00, 市值: 0.00, 保证金: 0.00, 手续费: 0.00, 风险度: 0.00%
    INFO - 日期: 2019-12-04, 账户权益: 1063482.90, 可用资金: 1063482.90, 浮动盈亏: 0.00, 持仓盈亏: 0.00, 平仓盈亏: 0.00, 市值: 0.00, 保证金: 0.00, 手续费: 0.00, 风险度: 0.00%
    INFO - 日期: 2019-12-05, 账户权益: 1063482.90, 可用资金: 1063482.90, 浮动盈亏: 0.00, 持仓盈亏: 0.00, 平仓盈亏: 0.00, 市值: 0.00, 保证金: 0.00, 手续费: 0.00, 风险度: 0.00%
    INFO - 日期: 2019-12-06, 账户权益: 1063482.90, 可用资金: 1063482.90, 浮动盈亏: 0.00, 持仓盈亏: 0.00, 平仓盈亏: 0.00, 市值: 0.00, 保证金: 0.00, 手续费: 0.00, 风险度: 0.00%
    INFO - 日期: 2019-12-09, 账户权益: 1063482.90, 可用资金: 1063482.90, 浮动盈亏: 0.00, 持仓盈亏: 0.00, 平仓盈亏: 0.00, 市值: 0.00, 保证金: 0.00, 手续费: 0.00, 风险度: 0.00%
    INFO - 日期: 2019-12-10, 账户权益: 1063482.90, 可用资金: 1063482.90, 浮动盈亏: 0.00, 持仓盈亏: 0.00, 平仓盈亏: 0.00, 市值: 0.00, 保证金: 0.00, 手续费: 0.00, 风险度: 0.00%
    INFO - 日期: 2019-12-11, 账户权益: 1063482.90, 可用资金: 1063482.90, 浮动盈亏: 0.00, 持仓盈亏: 0.00, 平仓盈亏: 0.00, 市值: 0.00, 保证金: 0.00, 手续费: 0.00, 风险度: 0.00%
    INFO - 日期: 2019-12-12, 账户权益: 1063482.90, 可用资金: 1063482.90, 浮动盈亏: 0.00, 持仓盈亏: 0.00, 平仓盈亏: 0.00, 市值: 0.00, 保证金: 0.00, 手续费: 0.00, 风险度: 0.00%
    INFO - 日期: 2019-12-13, 账户权益: 1063482.90, 可用资金: 1063482.90, 浮动盈亏: 0.00, 持仓盈亏: 0.00, 平仓盈亏: 0.00, 市值: 0.00, 保证金: 0.00, 手续费: 0.00, 风险度: 0.00%
    INFO - 日期: 2019-12-16, 账户权益: 1063482.90, 可用资金: 1063482.90, 浮动盈亏: 0.00, 持仓盈亏: 0.00, 平仓盈亏: 0.00, 市值: 0.00, 保证金: 0.00, 手续费: 0.00, 风险度: 0.00%
    INFO - 日期: 2019-12-17, 账户权益: 1063482.90, 可用资金: 1063482.90, 浮动盈亏: 0.00, 持仓盈亏: 0.00, 平仓盈亏: 0.00, 市值: 0.00, 保证金: 0.00, 手续费: 0.00, 风险度: 0.00%
    INFO - 日期: 2019-12-18, 账户权益: 1063482.90, 可用资金: 1063482.90, 浮动盈亏: 0.00, 持仓盈亏: 0.00, 平仓盈亏: 0.00, 市值: 0.00, 保证金: 0.00, 手续费: 0.00, 风险度: 0.00%
    INFO - 日期: 2019-12-19, 账户权益: 1063482.90, 可用资金: 1063482.90, 浮动盈亏: 0.00, 持仓盈亏: 0.00, 平仓盈亏: 0.00, 市值: 0.00, 保证金: 0.00, 手续费: 0.00, 风险度: 0.00%
    INFO - 日期: 2019-12-20, 账户权益: 1063482.90, 可用资金: 1063482.90, 浮动盈亏: 0.00, 持仓盈亏: 0.00, 平仓盈亏: 0.00, 市值: 0.00, 保证金: 0.00, 手续费: 0.00, 风险度: 0.00%
    INFO - 日期: 2019-12-23, 账户权益: 1063482.90, 可用资金: 1063482.90, 浮动盈亏: 0.00, 持仓盈亏: 0.00, 平仓盈亏: 0.00, 市值: 0.00, 保证金: 0.00, 手续费: 0.00, 风险度: 0.00%
    INFO - 日期: 2019-12-24, 账户权益: 1063482.90, 可用资金: 1063482.90, 浮动盈亏: 0.00, 持仓盈亏: 0.00, 平仓盈亏: 0.00, 市值: 0.00, 保证金: 0.00, 手续费: 0.00, 风险度: 0.00%
    INFO - 日期: 2019-12-25, 账户权益: 1063482.90, 可用资金: 1063482.90, 浮动盈亏: 0.00, 持仓盈亏: 0.00, 平仓盈亏: 0.00, 市值: 0.00, 保证金: 0.00, 手续费: 0.00, 风险度: 0.00%
    INFO - 日期: 2019-12-26, 账户权益: 1063482.90, 可用资金: 1063482.90, 浮动盈亏: 0.00, 持仓盈亏: 0.00, 平仓盈亏: 0.00, 市值: 0.00, 保证金: 0.00, 手续费: 0.00, 风险度: 0.00%
    INFO - 日期: 2019-12-27, 账户权益: 1063482.90, 可用资金: 1063482.90, 浮动盈亏: 0.00, 持仓盈亏: 0.00, 平仓盈亏: 0.00, 市值: 0.00, 保证金: 0.00, 手续费: 0.00, 风险度: 0.00%
    INFO - 日期: 2019-12-30, 账户权益: 1063482.90, 可用资金: 1063482.90, 浮动盈亏: 0.00, 持仓盈亏: 0.00, 平仓盈亏: 0.00, 市值: 0.00, 保证金: 0.00, 手续费: 0.00, 风险度: 0.00%
    INFO - 日期: 2019-12-31, 账户权益: 1063482.90, 可用资金: 1063482.90, 浮动盈亏: 0.00, 持仓盈亏: 0.00, 平仓盈亏: 0.00, 市值: 0.00, 保证金: 0.00, 手续费: 0.00, 风险度: 0.00%
    INFO - 日期: 2020-01-02, 账户权益: 1063482.90, 可用资金: 1063482.90, 浮动盈亏: 0.00, 持仓盈亏: 0.00, 平仓盈亏: 0.00, 市值: 0.00, 保证金: 0.00, 手续费: 0.00, 风险度: 0.00%
    INFO - 日期: 2020-01-03, 账户权益: 1063482.90, 可用资金: 1063482.90, 浮动盈亏: 0.00, 持仓盈亏: 0.00, 平仓盈亏: 0.00, 市值: 0.00, 保证金: 0.00, 手续费: 0.00, 风险度: 0.00%
    INFO - 日期: 2020-01-06, 账户权益: 1063482.90, 可用资金: 1063482.90, 浮动盈亏: 0.00, 持仓盈亏: 0.00, 平仓盈亏: 0.00, 市值: 0.00, 保证金: 0.00, 手续费: 0.00, 风险度: 0.00%
    INFO - 日期: 2020-01-07, 账户权益: 1063482.90, 可用资金: 1063482.90, 浮动盈亏: 0.00, 持仓盈亏: 0.00, 平仓盈亏: 0.00, 市值: 0.00, 保证金: 0.00, 手续费: 0.00, 风险度: 0.00%
    INFO - 日期: 2020-01-08, 账户权益: 1063482.90, 可用资金: 1063482.90, 浮动盈亏: 0.00, 持仓盈亏: 0.00, 平仓盈亏: 0.00, 市值: 0.00, 保证金: 0.00, 手续费: 0.00, 风险度: 0.00%
    INFO - 日期: 2020-01-09, 账户权益: 1063482.90, 可用资金: 1063482.90, 浮动盈亏: 0.00, 持仓盈亏: 0.00, 平仓盈亏: 0.00, 市值: 0.00, 保证金: 0.00, 手续费: 0.00, 风险度: 0.00%
    INFO - 日期: 2020-01-10, 账户权益: 1063482.90, 可用资金: 1063482.90, 浮动盈亏: 0.00, 持仓盈亏: 0.00, 平仓盈亏: 0.00, 市值: 0.00, 保证金: 0.00, 手续费: 0.00, 风险度: 0.00%
    INFO - 日期: 2020-01-13, 账户权益: 1063482.90, 可用资金: 1063482.90, 浮动盈亏: 0.00, 持仓盈亏: 0.00, 平仓盈亏: 0.00, 市值: 0.00, 保证金: 0.00, 手续费: 0.00, 风险度: 0.00%
    INFO - 日期: 2020-01-14, 账户权益: 1063482.90, 可用资金: 1063482.90, 浮动盈亏: 0.00, 持仓盈亏: 0.00, 平仓盈亏: 0.00, 市值: 0.00, 保证金: 0.00, 手续费: 0.00, 风险度: 0.00%
    INFO - 日期: 2020-01-15, 账户权益: 1063482.90, 可用资金: 1063482.90, 浮动盈亏: 0.00, 持仓盈亏: 0.00, 平仓盈亏: 0.00, 市值: 0.00, 保证金: 0.00, 手续费: 0.00, 风险度: 0.00%
    INFO - 日期: 2020-01-16, 账户权益: 1063482.90, 可用资金: 1063482.90, 浮动盈亏: 0.00, 持仓盈亏: 0.00, 平仓盈亏: 0.00, 市值: 0.00, 保证金: 0.00, 手续费: 0.00, 风险度: 0.00%
    INFO - 日期: 2020-01-17, 账户权益: 1063482.90, 可用资金: 1063482.90, 浮动盈亏: 0.00, 持仓盈亏: 0.00, 平仓盈亏: 0.00, 市值: 0.00, 保证金: 0.00, 手续费: 0.00, 风险度: 0.00%
    INFO - 日期: 2020-01-20, 账户权益: 1063482.90, 可用资金: 1063482.90, 浮动盈亏: 0.00, 持仓盈亏: 0.00, 平仓盈亏: 0.00, 市值: 0.00, 保证金: 0.00, 手续费: 0.00, 风险度: 0.00%
    INFO - 日期: 2020-01-21, 账户权益: 1063482.90, 可用资金: 1063482.90, 浮动盈亏: 0.00, 持仓盈亏: 0.00, 平仓盈亏: 0.00, 市值: 0.00, 保证金: 0.00, 手续费: 0.00, 风险度: 0.00%
    INFO - 日期: 2020-01-22, 账户权益: 1063482.90, 可用资金: 1063482.90, 浮动盈亏: 0.00, 持仓盈亏: 0.00, 平仓盈亏: 0.00, 市值: 0.00, 保证金: 0.00, 手续费: 0.00, 风险度: 0.00%
    INFO - 日期: 2020-01-23, 账户权益: 1063482.90, 可用资金: 1063482.90, 浮动盈亏: 0.00, 持仓盈亏: 0.00, 平仓盈亏: 0.00, 市值: 0.00, 保证金: 0.00, 手续费: 0.00, 风险度: 0.00%
    INFO - 日期: 2020-02-03, 账户权益: 1063482.90, 可用资金: 1063482.90, 浮动盈亏: 0.00, 持仓盈亏: 0.00, 平仓盈亏: 0.00, 市值: 0.00, 保证金: 0.00, 手续费: 0.00, 风险度: 0.00%
    INFO - 日期: 2020-02-04, 账户权益: 1063482.90, 可用资金: 1063482.90, 浮动盈亏: 0.00, 持仓盈亏: 0.00, 平仓盈亏: 0.00, 市值: 0.00, 保证金: 0.00, 手续费: 0.00, 风险度: 0.00%
    INFO - 日期: 2020-02-05, 账户权益: 1063482.90, 可用资金: 1063482.90, 浮动盈亏: 0.00, 持仓盈亏: 0.00, 平仓盈亏: 0.00, 市值: 0.00, 保证金: 0.00, 手续费: 0.00, 风险度: 0.00%
    INFO - 日期: 2020-02-06, 账户权益: 1063482.90, 可用资金: 1063482.90, 浮动盈亏: 0.00, 持仓盈亏: 0.00, 平仓盈亏: 0.00, 市值: 0.00, 保证金: 0.00, 手续费: 0.00, 风险度: 0.00%
    INFO - 日期: 2020-02-07, 账户权益: 1063482.90, 可用资金: 1063482.90, 浮动盈亏: 0.00, 持仓盈亏: 0.00, 平仓盈亏: 0.00, 市值: 0.00, 保证金: 0.00, 手续费: 0.00, 风险度: 0.00%
    INFO - 日期: 2020-02-10, 账户权益: 1063482.90, 可用资金: 1063482.90, 浮动盈亏: 0.00, 持仓盈亏: 0.00, 平仓盈亏: 0.00, 市值: 0.00, 保证金: 0.00, 手续费: 0.00, 风险度: 0.00%
    INFO - 日期: 2020-02-11, 账户权益: 1063482.90, 可用资金: 1063482.90, 浮动盈亏: 0.00, 持仓盈亏: 0.00, 平仓盈亏: 0.00, 市值: 0.00, 保证金: 0.00, 手续费: 0.00, 风险度: 0.00%
    INFO - 日期: 2020-02-12, 账户权益: 1063482.90, 可用资金: 1063482.90, 浮动盈亏: 0.00, 持仓盈亏: 0.00, 平仓盈亏: 0.00, 市值: 0.00, 保证金: 0.00, 手续费: 0.00, 风险度: 0.00%
    INFO - 日期: 2020-02-13, 账户权益: 1055533.66, 可用资金: 902994.46, 浮动盈亏: -7920.00, 持仓盈亏: -7920.00, 平仓盈亏: 0.00, 市值: 0.00, 保证金: 152539.20, 手续费: 29.24, 风险度: 14.45%
    INFO - 日期: 2020-02-14, 账户权益: 1058253.66, 可用资金: 905714.46, 浮动盈亏: -5200.00, 持仓盈亏: 2720.00, 平仓盈亏: 0.00, 市值: 0.00, 保证金: 152539.20, 手续费: 0.00, 风险度: 14.41%
    INFO - 日期: 2020-02-17, 账户权益: 1096253.66, 可用资金: 943714.46, 浮动盈亏: 32800.00, 持仓盈亏: 38000.00, 平仓盈亏: 0.00, 市值: 0.00, 保证金: 152539.20, 手续费: 0.00, 风险度: 13.91%
    INFO - 日期: 2020-02-18, 账户权益: 1102853.66, 可用资金: 950314.46, 浮动盈亏: 39400.00, 持仓盈亏: 6600.00, 平仓盈亏: 0.00, 市值: 0.00, 保证金: 152539.20, 手续费: 0.00, 风险度: 13.83%
    INFO - 日期: 2020-02-19, 账户权益: 1094624.43, 可用资金: 789546.03, 浮动盈亏: 31200.00, 持仓盈亏: -8200.00, 平仓盈亏: 0.00, 市值: 0.00, 保证金: 305078.40, 手续费: 29.24, 风险度: 27.87%
    INFO - 日期: 2020-02-20, 账户权益: 1118715.19, 可用资金: 966175.99, 浮动盈亏: 54640.00, 持仓盈亏: 20200.00, 平仓盈亏: 3920.00, 市值: 0.00, 保证金: 152539.20, 手续费: 29.24, 风险度: 13.64%
    INFO - 日期: 2020-02-21, 账户权益: 1134275.19, 可用资金: 981735.99, 浮动盈亏: 70200.00, 持仓盈亏: 15560.00, 平仓盈亏: 0.00, 市值: 0.00, 保证金: 152539.20, 手续费: 0.00, 风险度: 13.45%
    INFO - 日期: 2020-02-24, 账户权益: 1134275.19, 可用资金: 981735.99, 浮动盈亏: 70200.00, 持仓盈亏: 0.00, 平仓盈亏: 0.00, 市值: 0.00, 保证金: 152539.20, 手续费: 0.00, 风险度: 13.45%
    INFO - 日期: 2020-02-25, 账户权益: 1134275.19, 可用资金: 981735.99, 浮动盈亏: 70200.00, 持仓盈亏: 0.00, 平仓盈亏: 0.00, 市值: 0.00, 保证金: 152539.20, 手续费: 0.00, 风险度: 13.45%
    INFO - 日期: 2020-02-26, 账户权益: 1134275.19, 可用资金: 981735.99, 浮动盈亏: 70200.00, 持仓盈亏: 0.00, 平仓盈亏: 0.00, 市值: 0.00, 保证金: 152539.20, 手续费: 0.00, 风险度: 13.45%
    INFO - 日期: 2020-02-27, 账户权益: 1134275.19, 可用资金: 981735.99, 浮动盈亏: 70200.00, 持仓盈亏: 0.00, 平仓盈亏: 0.00, 市值: 0.00, 保证金: 152539.20, 手续费: 0.00, 风险度: 13.45%
    INFO - 日期: 2020-02-28, 账户权益: 1134275.19, 可用资金: 981735.99, 浮动盈亏: 70200.00, 持仓盈亏: 0.00, 平仓盈亏: 0.00, 市值: 0.00, 保证金: 152539.20, 手续费: 0.00, 风险度: 13.45%
    INFO - 日期: 2020-03-02, 账户权益: 1134275.19, 可用资金: 981735.99, 浮动盈亏: 70200.00, 持仓盈亏: 0.00, 平仓盈亏: 0.00, 市值: 0.00, 保证金: 152539.20, 手续费: 0.00, 风险度: 13.45%
    INFO - 日期: 2020-03-03, 账户权益: 1134275.19, 可用资金: 981735.99, 浮动盈亏: 70200.00, 持仓盈亏: 0.00, 平仓盈亏: 0.00, 市值: 0.00, 保证金: 152539.20, 手续费: 0.00, 风险度: 13.45%
    INFO - 日期: 2020-03-04, 账户权益: 1134275.19, 可用资金: 981735.99, 浮动盈亏: 70200.00, 持仓盈亏: 0.00, 平仓盈亏: 0.00, 市值: 0.00, 保证金: 152539.20, 手续费: 0.00, 风险度: 13.45%
    INFO - 日期: 2020-03-05, 账户权益: 1134275.19, 可用资金: 981735.99, 浮动盈亏: 70200.00, 持仓盈亏: 0.00, 平仓盈亏: 0.00, 市值: 0.00, 保证金: 152539.20, 手续费: 0.00, 风险度: 13.45%
    INFO - 日期: 2020-03-06, 账户权益: 1134275.19, 可用资金: 981735.99, 浮动盈亏: 70200.00, 持仓盈亏: 0.00, 平仓盈亏: 0.00, 市值: 0.00, 保证金: 152539.20, 手续费: 0.00, 风险度: 13.45%
    INFO - 日期: 2020-03-09, 账户权益: 1134275.19, 可用资金: 981735.99, 浮动盈亏: 70200.00, 持仓盈亏: 0.00, 平仓盈亏: 0.00, 市值: 0.00, 保证金: 152539.20, 手续费: 0.00, 风险度: 13.45%
    INFO - 日期: 2020-03-10, 账户权益: 1134275.19, 可用资金: 981735.99, 浮动盈亏: 70200.00, 持仓盈亏: 0.00, 平仓盈亏: 0.00, 市值: 0.00, 保证金: 152539.20, 手续费: 0.00, 风险度: 13.45%
    INFO - 日期: 2020-03-11, 账户权益: 1134275.19, 可用资金: 981735.99, 浮动盈亏: 70200.00, 持仓盈亏: 0.00, 平仓盈亏: 0.00, 市值: 0.00, 保证金: 152539.20, 手续费: 0.00, 风险度: 13.45%
    INFO - 日期: 2020-03-12, 账户权益: 1134275.19, 可用资金: 981735.99, 浮动盈亏: 70200.00, 持仓盈亏: 0.00, 平仓盈亏: 0.00, 市值: 0.00, 保证金: 152539.20, 手续费: 0.00, 风险度: 13.45%
    INFO - 日期: 2020-03-13, 账户权益: 1134275.19, 可用资金: 981735.99, 浮动盈亏: 70200.00, 持仓盈亏: 0.00, 平仓盈亏: 0.00, 市值: 0.00, 保证金: 152539.20, 手续费: 0.00, 风险度: 13.45%
    INFO - 日期: 2020-03-16, 账户权益: 1134275.19, 可用资金: 981735.99, 浮动盈亏: 70200.00, 持仓盈亏: 0.00, 平仓盈亏: 0.00, 市值: 0.00, 保证金: 152539.20, 手续费: 0.00, 风险度: 13.45%
    INFO - 日期: 2020-03-17, 账户权益: 1134275.19, 可用资金: 981735.99, 浮动盈亏: 70200.00, 持仓盈亏: 0.00, 平仓盈亏: 0.00, 市值: 0.00, 保证金: 152539.20, 手续费: 0.00, 风险度: 13.45%
    INFO - 日期: 2020-03-18, 账户权益: 1134275.19, 可用资金: 981735.99, 浮动盈亏: 70200.00, 持仓盈亏: 0.00, 平仓盈亏: 0.00, 市值: 0.00, 保证金: 152539.20, 手续费: 0.00, 风险度: 13.45%
    INFO - 日期: 2020-03-19, 账户权益: 1134275.19, 可用资金: 981735.99, 浮动盈亏: 70200.00, 持仓盈亏: 0.00, 平仓盈亏: 0.00, 市值: 0.00, 保证金: 152539.20, 手续费: 0.00, 风险度: 13.45%
    INFO - 日期: 2020-03-20, 账户权益: 1134275.19, 可用资金: 981735.99, 浮动盈亏: 70200.00, 持仓盈亏: 0.00, 平仓盈亏: 0.00, 市值: 0.00, 保证金: 152539.20, 手续费: 0.00, 风险度: 13.45%
    INFO - 日期: 2020-03-23, 账户权益: 1134275.19, 可用资金: 981735.99, 浮动盈亏: 70200.00, 持仓盈亏: 0.00, 平仓盈亏: 0.00, 市值: 0.00, 保证金: 152539.20, 手续费: 0.00, 风险度: 13.45%
    INFO - 日期: 2020-03-24, 账户权益: 1134275.19, 可用资金: 981735.99, 浮动盈亏: 70200.00, 持仓盈亏: 0.00, 平仓盈亏: 0.00, 市值: 0.00, 保证金: 152539.20, 手续费: 0.00, 风险度: 13.45%
    INFO - 日期: 2020-03-25, 账户权益: 1134275.19, 可用资金: 981735.99, 浮动盈亏: 70200.00, 持仓盈亏: 0.00, 平仓盈亏: 0.00, 市值: 0.00, 保证金: 152539.20, 手续费: 0.00, 风险度: 13.45%
    INFO - 日期: 2020-03-26, 账户权益: 1134275.19, 可用资金: 981735.99, 浮动盈亏: 70200.00, 持仓盈亏: 0.00, 平仓盈亏: 0.00, 市值: 0.00, 保证金: 152539.20, 手续费: 0.00, 风险度: 13.45%
    INFO - 日期: 2020-03-27, 账户权益: 1134275.19, 可用资金: 981735.99, 浮动盈亏: 70200.00, 持仓盈亏: 0.00, 平仓盈亏: 0.00, 市值: 0.00, 保证金: 152539.20, 手续费: 0.00, 风险度: 13.45%
    INFO - 日期: 2020-03-30, 账户权益: 1134275.19, 可用资金: 981735.99, 浮动盈亏: 70200.00, 持仓盈亏: 0.00, 平仓盈亏: 0.00, 市值: 0.00, 保证金: 152539.20, 手续费: 0.00, 风险度: 13.45%
    INFO - 日期: 2020-03-31, 账户权益: 1134275.19, 可用资金: 981735.99, 浮动盈亏: 70200.00, 持仓盈亏: 0.00, 平仓盈亏: 0.00, 市值: 0.00, 保证金: 152539.20, 手续费: 0.00, 风险度: 13.45%
    INFO - 日期: 2020-04-01, 账户权益: 1134275.19, 可用资金: 981735.99, 浮动盈亏: 70200.00, 持仓盈亏: 0.00, 平仓盈亏: 0.00, 市值: 0.00, 保证金: 152539.20, 手续费: 0.00, 风险度: 13.45%
    INFO - 日期: 2020-04-02, 账户权益: 1134275.19, 可用资金: 981735.99, 浮动盈亏: 70200.00, 持仓盈亏: 0.00, 平仓盈亏: 0.00, 市值: 0.00, 保证金: 152539.20, 手续费: 0.00, 风险度: 13.45%
    INFO - 日期: 2020-04-03, 账户权益: 1134275.19, 可用资金: 981735.99, 浮动盈亏: 70200.00, 持仓盈亏: 0.00, 平仓盈亏: 0.00, 市值: 0.00, 保证金: 152539.20, 手续费: 0.00, 风险度: 13.45%
    INFO - 日期: 2020-04-07, 账户权益: 1134275.19, 可用资金: 981735.99, 浮动盈亏: 70200.00, 持仓盈亏: 0.00, 平仓盈亏: 0.00, 市值: 0.00, 保证金: 152539.20, 手续费: 0.00, 风险度: 13.45%
    INFO - 日期: 2020-04-08, 账户权益: 1140965.95, 可用资金: 835887.55, 浮动盈亏: 76920.00, 持仓盈亏: 6720.00, 平仓盈亏: 0.00, 市值: 0.00, 保证金: 305078.40, 手续费: 29.24, 风险度: 26.74%
    INFO - 日期: 2020-04-09, 账户权益: 1149765.95, 可用资金: 844687.55, 浮动盈亏: 85720.00, 持仓盈亏: 8800.00, 平仓盈亏: 0.00, 市值: 0.00, 保证金: 305078.40, 手续费: 0.00, 风险度: 26.53%
    INFO - 日期: 2020-04-10, 账户权益: 1134285.95, 可用资金: 829207.55, 浮动盈亏: 70240.00, 持仓盈亏: -15480.00, 平仓盈亏: 0.00, 市值: 0.00, 保证金: 305078.40, 手续费: 0.00, 风险度: 26.90%
    INFO - 日期: 2020-04-13, 账户权益: 1123085.95, 可用资金: 818007.55, 浮动盈亏: 59040.00, 持仓盈亏: -11200.00, 平仓盈亏: 0.00, 市值: 0.00, 保证金: 305078.40, 手续费: 0.00, 风险度: 27.16%
    INFO - 日期: 2020-04-14, 账户权益: 1147525.95, 可用资金: 842447.55, 浮动盈亏: 83480.00, 持仓盈亏: 24440.00, 平仓盈亏: 0.00, 市值: 0.00, 保证金: 305078.40, 手续费: 0.00, 风险度: 26.59%
    INFO - 日期: 2020-04-15, 账户权益: 1145405.95, 可用资金: 840327.55, 浮动盈亏: 81360.00, 持仓盈亏: -2120.00, 平仓盈亏: 0.00, 市值: 0.00, 保证金: 305078.40, 手续费: 0.00, 风险度: 26.63%
    INFO - 日期: 2020-04-16, 账户权益: 1156805.95, 可用资金: 851727.55, 浮动盈亏: 92760.00, 持仓盈亏: 11400.00, 平仓盈亏: 0.00, 市值: 0.00, 保证金: 305078.40, 手续费: 0.00, 风险度: 26.37%
    INFO - 日期: 2020-04-17, 账户权益: 1152056.72, 可用资金: 694439.12, 浮动盈亏: 88040.00, 持仓盈亏: -4720.00, 平仓盈亏: 0.00, 市值: 0.00, 保证金: 457617.60, 手续费: 29.24, 风险度: 39.72%
    INFO - 日期: 2020-04-20, 账户权益: 1160736.72, 可用资金: 703119.12, 浮动盈亏: 96720.00, 持仓盈亏: 8680.00, 平仓盈亏: 0.00, 市值: 0.00, 保证金: 457617.60, 手续费: 0.00, 风险度: 39.42%
    INFO - 日期: 2020-04-21, 账户权益: 1152856.72, 可用资金: 695239.12, 浮动盈亏: 88840.00, 持仓盈亏: -7880.00, 平仓盈亏: 0.00, 市值: 0.00, 保证金: 457617.60, 手续费: 0.00, 风险度: 39.69%
    INFO - 日期: 2020-04-22, 账户权益: 1165496.72, 可用资金: 707879.12, 浮动盈亏: 101480.00, 持仓盈亏: 12640.00, 平仓盈亏: 0.00, 市值: 0.00, 保证金: 457617.60, 手续费: 0.00, 风险度: 39.26%
    INFO - 日期: 2020-04-23, 账户权益: 1158216.72, 可用资金: 700599.12, 浮动盈亏: 94200.00, 持仓盈亏: -7280.00, 平仓盈亏: 0.00, 市值: 0.00, 保证金: 457617.60, 手续费: 0.00, 风险度: 39.51%
    INFO - 日期: 2020-04-24, 账户权益: 1144936.72, 可用资金: 687319.12, 浮动盈亏: 80920.00, 持仓盈亏: -13280.00, 平仓盈亏: 0.00, 市值: 0.00, 保证金: 457617.60, 手续费: 0.00, 风险度: 39.97%
    INFO - 日期: 2020-04-27, 账户权益: 1142256.72, 可用资金: 684639.12, 浮动盈亏: 78240.00, 持仓盈亏: -2680.00, 平仓盈亏: 0.00, 市值: 0.00, 保证金: 457617.60, 手续费: 0.00, 风险度: 40.06%
    INFO - 日期: 2020-04-28, 账户权益: 1134136.72, 可用资金: 676519.12, 浮动盈亏: 70120.00, 持仓盈亏: -8120.00, 平仓盈亏: 0.00, 市值: 0.00, 保证金: 457617.60, 手续费: 0.00, 风险度: 40.35%
    INFO - 日期: 2020-04-29, 账户权益: 1139336.72, 可用资金: 681719.12, 浮动盈亏: 75320.00, 持仓盈亏: 5200.00, 平仓盈亏: 0.00, 市值: 0.00, 保证金: 457617.60, 手续费: 0.00, 风险度: 40.17%
    INFO - 日期: 2020-04-30, 账户权益: 1168096.72, 可用资金: 710479.12, 浮动盈亏: 104080.00, 持仓盈亏: 28760.00, 平仓盈亏: 0.00, 市值: 0.00, 保证金: 457617.60, 手续费: 0.00, 风险度: 39.18%
    INFO - 日期: 2020-05-06, 账户权益: 1184416.72, 可用资金: 726799.12, 浮动盈亏: 120400.00, 持仓盈亏: 16320.00, 平仓盈亏: 0.00, 市值: 0.00, 保证金: 457617.60, 手续费: 0.00, 风险度: 38.64%
    INFO - 日期: 2020-05-07, 账户权益: 1182216.72, 可用资金: 724599.12, 浮动盈亏: 118200.00, 持仓盈亏: -2200.00, 平仓盈亏: 0.00, 市值: 0.00, 保证金: 457617.60, 手续费: 0.00, 风险度: 38.71%
    INFO - 日期: 2020-05-08, 账户权益: 1197656.72, 可用资金: 740039.12, 浮动盈亏: 133640.00, 持仓盈亏: 15440.00, 平仓盈亏: 0.00, 市值: 0.00, 保证金: 457617.60, 手续费: 0.00, 风险度: 38.21%
    INFO - 日期: 2020-05-11, 账户权益: 1195336.72, 可用资金: 737719.12, 浮动盈亏: 131320.00, 持仓盈亏: -2320.00, 平仓盈亏: 0.00, 市值: 0.00, 保证金: 457617.60, 手续费: 0.00, 风险度: 38.28%
    INFO - 日期: 2020-05-12, 账户权益: 1198896.72, 可用资金: 741279.12, 浮动盈亏: 134880.00, 持仓盈亏: 3560.00, 平仓盈亏: 0.00, 市值: 0.00, 保证金: 457617.60, 手续费: 0.00, 风险度: 38.17%
    INFO - 日期: 2020-05-13, 账户权益: 1205496.72, 可用资金: 747879.12, 浮动盈亏: 141480.00, 持仓盈亏: 6600.00, 平仓盈亏: 0.00, 市值: 0.00, 保证金: 457617.60, 手续费: 0.00, 风险度: 37.96%
    INFO - 日期: 2020-05-14, 账户权益: 1198787.48, 可用资金: 588630.68, 浮动盈亏: 134800.00, 持仓盈亏: -6680.00, 平仓盈亏: 0.00, 市值: 0.00, 保证金: 610156.80, 手续费: 29.24, 风险度: 50.90%
    INFO - 日期: 2020-05-15, 账户权益: 1205187.48, 可用资金: 595030.68, 浮动盈亏: 141200.00, 持仓盈亏: 6400.00, 平仓盈亏: 0.00, 市值: 0.00, 保证金: 610156.80, 手续费: 0.00, 风险度: 50.63%
    INFO - 日期: 2020-05-18, 账户权益: 1202147.48, 可用资金: 591990.68, 浮动盈亏: 138160.00, 持仓盈亏: -3040.00, 平仓盈亏: 0.00, 市值: 0.00, 保证金: 610156.80, 手续费: 0.00, 风险度: 50.76%
    INFO - 日期: 2020-05-19, 账户权益: 1215107.48, 可用资金: 604950.68, 浮动盈亏: 151120.00, 持仓盈亏: 12960.00, 平仓盈亏: 0.00, 市值: 0.00, 保证金: 610156.80, 手续费: 0.00, 风险度: 50.21%
    INFO - 日期: 2020-05-20, 账户权益: 1206307.48, 可用资金: 596150.68, 浮动盈亏: 142320.00, 持仓盈亏: -8800.00, 平仓盈亏: 0.00, 市值: 0.00, 保证金: 610156.80, 手续费: 0.00, 风险度: 50.58%
    INFO - 日期: 2020-05-21, 账户权益: 1192907.48, 可用资金: 582750.68, 浮动盈亏: 128920.00, 持仓盈亏: -13400.00, 平仓盈亏: 0.00, 市值: 0.00, 保证金: 610156.80, 手续费: 0.00, 风险度: 51.15%
    INFO - 日期: 2020-05-22, 账户权益: 1177827.48, 可用资金: 567670.68, 浮动盈亏: 113840.00, 持仓盈亏: -15080.00, 平仓盈亏: 0.00, 市值: 0.00, 保证金: 610156.80, 手续费: 0.00, 风险度: 51.80%
    INFO - 日期: 2020-05-25, 账户权益: 1175187.48, 可用资金: 565030.68, 浮动盈亏: 111200.00, 持仓盈亏: -2640.00, 平仓盈亏: 0.00, 市值: 0.00, 保证金: 610156.80, 手续费: 0.00, 风险度: 51.92%
    INFO - 日期: 2020-05-26, 账户权益: 1192987.48, 可用资金: 582830.68, 浮动盈亏: 129000.00, 持仓盈亏: 17800.00, 平仓盈亏: 0.00, 市值: 0.00, 保证金: 610156.80, 手续费: 0.00, 风险度: 51.15%
    INFO - 日期: 2020-05-27, 账户权益: 1184547.48, 可用资金: 574390.68, 浮动盈亏: 120560.00, 持仓盈亏: -8440.00, 平仓盈亏: 0.00, 市值: 0.00, 保证金: 610156.80, 手续费: 0.00, 风险度: 51.51%
    INFO - 日期: 2020-05-28, 账户权益: 1180787.48, 可用资金: 570630.68, 浮动盈亏: 116800.00, 持仓盈亏: -3760.00, 平仓盈亏: 0.00, 市值: 0.00, 保证金: 610156.80, 手续费: 0.00, 风险度: 51.67%
    INFO - 日期: 2020-05-29, 账户权益: 1188027.48, 可用资金: 577870.68, 浮动盈亏: 124040.00, 持仓盈亏: 7240.00, 平仓盈亏: 0.00, 市值: 0.00, 保证金: 610156.80, 手续费: 0.00, 风险度: 51.36%
    INFO - 日期: 2020-06-01, 账户权益: 1229107.48, 可用资金: 618950.68, 浮动盈亏: 165120.00, 持仓盈亏: 41080.00, 平仓盈亏: 0.00, 市值: 0.00, 保证金: 610156.80, 手续费: 0.00, 风险度: 49.64%
    INFO - 日期: 2020-06-02, 账户权益: 1228867.48, 可用资金: 618710.68, 浮动盈亏: 164880.00, 持仓盈亏: -240.00, 平仓盈亏: 0.00, 市值: 0.00, 保证金: 610156.80, 手续费: 0.00, 风险度: 49.65%
    INFO - 日期: 2020-06-03, 账户权益: 1226667.48, 可用资金: 616510.68, 浮动盈亏: 162680.00, 持仓盈亏: -2200.00, 平仓盈亏: 0.00, 市值: 0.00, 保证金: 610156.80, 手续费: 0.00, 风险度: 49.74%
    INFO - 日期: 2020-06-04, 账户权益: 1227747.48, 可用资金: 617590.68, 浮动盈亏: 163760.00, 持仓盈亏: 1080.00, 平仓盈亏: 0.00, 市值: 0.00, 保证金: 610156.80, 手续费: 0.00, 风险度: 49.70%
    INFO - 日期: 2020-06-05, 账户权益: 1232467.48, 可用资金: 622310.68, 浮动盈亏: 168480.00, 持仓盈亏: 4720.00, 平仓盈亏: 0.00, 市值: 0.00, 保证金: 610156.80, 手续费: 0.00, 风险度: 49.51%
    INFO - 日期: 2020-06-08, 账户权益: 1228707.48, 可用资金: 618550.68, 浮动盈亏: 164720.00, 持仓盈亏: -3760.00, 平仓盈亏: 0.00, 市值: 0.00, 保证金: 610156.80, 手续费: 0.00, 风险度: 49.66%
    INFO - 日期: 2020-06-09, 账户权益: 1236107.48, 可用资金: 625950.68, 浮动盈亏: 172120.00, 持仓盈亏: 7400.00, 平仓盈亏: 0.00, 市值: 0.00, 保证金: 610156.80, 手续费: 0.00, 风险度: 49.36%
    INFO - 日期: 2020-06-10, 账户权益: 1236947.48, 可用资金: 626790.68, 浮动盈亏: 172960.00, 持仓盈亏: 840.00, 平仓盈亏: 0.00, 市值: 0.00, 保证金: 610156.80, 手续费: 0.00, 风险度: 49.33%
    INFO - 日期: 2020-06-11, 账户权益: 1235587.48, 可用资金: 625430.68, 浮动盈亏: 171600.00, 持仓盈亏: -1360.00, 平仓盈亏: 0.00, 市值: 0.00, 保证金: 610156.80, 手续费: 0.00, 风险度: 49.38%
    INFO - 日期: 2020-06-12, 账户权益: 1225638.24, 可用资金: 768020.64, 浮动盈亏: 142960.00, 持仓盈亏: 0.00, 平仓盈亏: -9920.00, 市值: 0.00, 保证金: 457617.60, 手续费: 29.24, 风险度: 37.34%
    INFO - 日期: 2020-06-15, 账户权益: 1225638.24, 可用资金: 768020.64, 浮动盈亏: 142960.00, 持仓盈亏: 0.00, 平仓盈亏: 0.00, 市值: 0.00, 保证金: 457617.60, 手续费: 0.00, 风险度: 37.34%
    INFO - 日期: 2020-06-16, 账户权益: 1225638.24, 可用资金: 768020.64, 浮动盈亏: 142960.00, 持仓盈亏: 0.00, 平仓盈亏: 0.00, 市值: 0.00, 保证金: 457617.60, 手续费: 0.00, 风险度: 37.34%
    INFO - 日期: 2020-06-17, 账户权益: 1225638.24, 可用资金: 768020.64, 浮动盈亏: 142960.00, 持仓盈亏: 0.00, 平仓盈亏: 0.00, 市值: 0.00, 保证金: 457617.60, 手续费: 0.00, 风险度: 37.34%
    INFO - 日期: 2020-06-18, 账户权益: 1236369.01, 可用资金: 626212.21, 浮动盈亏: 153720.00, 持仓盈亏: 10760.00, 平仓盈亏: 0.00, 市值: 0.00, 保证金: 610156.80, 手续费: 29.24, 风险度: 49.35%
    INFO - 日期: 2020-06-19, 账户权益: 1247209.01, 可用资金: 637052.21, 浮动盈亏: 164560.00, 持仓盈亏: 10840.00, 平仓盈亏: 0.00, 市值: 0.00, 保证金: 610156.80, 手续费: 0.00, 风险度: 48.92%
    INFO - 日期: 2020-06-22, 账户权益: 1246729.01, 可用资金: 636572.21, 浮动盈亏: 164080.00, 持仓盈亏: -480.00, 平仓盈亏: 0.00, 市值: 0.00, 保证金: 610156.80, 手续费: 0.00, 风险度: 48.94%
    INFO - 日期: 2020-06-23, 账户权益: 1251889.01, 可用资金: 641732.21, 浮动盈亏: 169240.00, 持仓盈亏: 5160.00, 平仓盈亏: 0.00, 市值: 0.00, 保证金: 610156.80, 手续费: 0.00, 风险度: 48.74%
    INFO - 日期: 2020-06-24, 账户权益: 1253289.01, 可用资金: 643132.21, 浮动盈亏: 170640.00, 持仓盈亏: 1400.00, 平仓盈亏: 0.00, 市值: 0.00, 保证金: 610156.80, 手续费: 0.00, 风险度: 48.68%
    INFO - 日期: 2020-06-29, 账户权益: 1250259.77, 可用资金: 792642.17, 浮动盈亏: 142960.00, 持仓盈亏: 0.00, 平仓盈亏: -3000.00, 市值: 0.00, 保证金: 457617.60, 手续费: 29.24, 风险度: 36.60%
    INFO - 日期: 2020-06-30, 账户权益: 1250259.77, 可用资金: 792642.17, 浮动盈亏: 142960.00, 持仓盈亏: 0.00, 平仓盈亏: 0.00, 市值: 0.00, 保证金: 457617.60, 手续费: 0.00, 风险度: 36.60%
    INFO - 日期: 2020-07-01, 账户权益: 1250259.77, 可用资金: 792642.17, 浮动盈亏: 142960.00, 持仓盈亏: 0.00, 平仓盈亏: 0.00, 市值: 0.00, 保证金: 457617.60, 手续费: 0.00, 风险度: 36.60%
    INFO - 日期: 2020-07-02, 账户权益: 1250259.77, 可用资金: 792642.17, 浮动盈亏: 142960.00, 持仓盈亏: 0.00, 平仓盈亏: 0.00, 市值: 0.00, 保证金: 457617.60, 手续费: 0.00, 风险度: 36.60%
    INFO - 日期: 2020-07-03, 账户权益: 1250259.77, 可用资金: 792642.17, 浮动盈亏: 142960.00, 持仓盈亏: 0.00, 平仓盈亏: 0.00, 市值: 0.00, 保证金: 457617.60, 手续费: 0.00, 风险度: 36.60%
    INFO - 日期: 2020-07-06, 账户权益: 1250259.77, 可用资金: 792642.17, 浮动盈亏: 142960.00, 持仓盈亏: 0.00, 平仓盈亏: 0.00, 市值: 0.00, 保证金: 457617.60, 手续费: 0.00, 风险度: 36.60%
    INFO - 日期: 2020-07-07, 账户权益: 1250259.77, 可用资金: 792642.17, 浮动盈亏: 142960.00, 持仓盈亏: 0.00, 平仓盈亏: 0.00, 市值: 0.00, 保证金: 457617.60, 手续费: 0.00, 风险度: 36.60%
    INFO - 日期: 2020-07-08, 账户权益: 1250259.77, 可用资金: 792642.17, 浮动盈亏: 142960.00, 持仓盈亏: 0.00, 平仓盈亏: 0.00, 市值: 0.00, 保证金: 457617.60, 手续费: 0.00, 风险度: 36.60%
    INFO - 日期: 2020-07-09, 账户权益: 1250259.77, 可用资金: 792642.17, 浮动盈亏: 142960.00, 持仓盈亏: 0.00, 平仓盈亏: 0.00, 市值: 0.00, 保证金: 457617.60, 手续费: 0.00, 风险度: 36.60%
    INFO - 日期: 2020-07-10, 账户权益: 1250259.77, 可用资金: 792642.17, 浮动盈亏: 142960.00, 持仓盈亏: 0.00, 平仓盈亏: 0.00, 市值: 0.00, 保证金: 457617.60, 手续费: 0.00, 风险度: 36.60%
    INFO - 日期: 2020-07-13, 账户权益: 1250259.77, 可用资金: 792642.17, 浮动盈亏: 142960.00, 持仓盈亏: 0.00, 平仓盈亏: 0.00, 市值: 0.00, 保证金: 457617.60, 手续费: 0.00, 风险度: 36.60%
    INFO - 日期: 2020-07-14, 账户权益: 1250259.77, 可用资金: 792642.17, 浮动盈亏: 142960.00, 持仓盈亏: 0.00, 平仓盈亏: 0.00, 市值: 0.00, 保证金: 457617.60, 手续费: 0.00, 风险度: 36.60%
    INFO - 日期: 2020-07-15, 账户权益: 1250259.77, 可用资金: 792642.17, 浮动盈亏: 142960.00, 持仓盈亏: 0.00, 平仓盈亏: 0.00, 市值: 0.00, 保证金: 457617.60, 手续费: 0.00, 风险度: 36.60%
    INFO - 日期: 2020-07-16, 账户权益: 1250259.77, 可用资金: 792642.17, 浮动盈亏: 142960.00, 持仓盈亏: 0.00, 平仓盈亏: 0.00, 市值: 0.00, 保证金: 457617.60, 手续费: 0.00, 风险度: 36.60%
    INFO - 日期: 2020-07-17, 账户权益: 1250259.77, 可用资金: 792642.17, 浮动盈亏: 142960.00, 持仓盈亏: 0.00, 平仓盈亏: 0.00, 市值: 0.00, 保证金: 457617.60, 手续费: 0.00, 风险度: 36.60%
    INFO - 日期: 2020-07-20, 账户权益: 1250259.77, 可用资金: 792642.17, 浮动盈亏: 142960.00, 持仓盈亏: 0.00, 平仓盈亏: 0.00, 市值: 0.00, 保证金: 457617.60, 手续费: 0.00, 风险度: 36.60%
    INFO - 日期: 2020-07-21, 账户权益: 1254110.53, 可用资金: 643953.73, 浮动盈亏: 146840.00, 持仓盈亏: 3880.00, 平仓盈亏: 0.00, 市值: 0.00, 保证金: 610156.80, 手续费: 29.24, 风险度: 48.65%
    INFO - 日期: 2020-07-22, 账户权益: 1263630.53, 可用资金: 653473.73, 浮动盈亏: 156360.00, 持仓盈亏: 9520.00, 平仓盈亏: 0.00, 市值: 0.00, 保证金: 610156.80, 手续费: 0.00, 风险度: 48.29%
    INFO - 日期: 2020-07-23, 账户权益: 1265430.53, 可用资金: 655273.73, 浮动盈亏: 158160.00, 持仓盈亏: 1800.00, 平仓盈亏: 0.00, 市值: 0.00, 保证金: 610156.80, 手续费: 0.00, 风险度: 48.22%
    INFO - 日期: 2020-07-24, 账户权益: 1196630.53, 可用资金: 586473.73, 浮动盈亏: 89360.00, 持仓盈亏: -68800.00, 平仓盈亏: 0.00, 市值: 0.00, 保证金: 610156.80, 手续费: 0.00, 风险度: 50.99%
    INFO - 日期: 2020-07-27, 账户权益: 1197350.53, 可用资金: 587193.73, 浮动盈亏: 90080.00, 持仓盈亏: 720.00, 平仓盈亏: 0.00, 市值: 0.00, 保证金: 610156.80, 手续费: 0.00, 风险度: 50.96%
    INFO - 日期: 2020-07-28, 账户权益: 1206230.53, 可用资金: 596073.73, 浮动盈亏: 98960.00, 持仓盈亏: 8880.00, 平仓盈亏: 0.00, 市值: 0.00, 保证金: 610156.80, 手续费: 0.00, 风险度: 50.58%
    INFO - 日期: 2020-07-29, 账户权益: 1256110.53, 可用资金: 645953.73, 浮动盈亏: 148840.00, 持仓盈亏: 49880.00, 平仓盈亏: 0.00, 市值: 0.00, 保证金: 610156.80, 手续费: 0.00, 风险度: 48.58%
    INFO - 日期: 2020-07-30, 账户权益: 1246430.53, 可用资金: 636273.73, 浮动盈亏: 139160.00, 持仓盈亏: -9680.00, 平仓盈亏: 0.00, 市值: 0.00, 保证金: 610156.80, 手续费: 0.00, 风险度: 48.95%
    INFO - 日期: 2020-07-31, 账户权益: 1259030.53, 可用资金: 648873.73, 浮动盈亏: 151760.00, 持仓盈亏: 12600.00, 平仓盈亏: 0.00, 市值: 0.00, 保证金: 610156.80, 手续费: 0.00, 风险度: 48.46%
    INFO - 日期: 2020-08-03, 账户权益: 1289510.53, 可用资金: 679353.73, 浮动盈亏: 182240.00, 持仓盈亏: 30480.00, 平仓盈亏: 0.00, 市值: 0.00, 保证金: 610156.80, 手续费: 0.00, 风险度: 47.32%
    INFO - 日期: 2020-08-04, 账户权益: 1282710.53, 可用资金: 672553.73, 浮动盈亏: 175440.00, 持仓盈亏: -6800.00, 平仓盈亏: 0.00, 市值: 0.00, 保证金: 610156.80, 手续费: 0.00, 风险度: 47.57%
    INFO - 日期: 2020-08-05, 账户权益: 1292430.53, 可用资金: 682273.73, 浮动盈亏: 185160.00, 持仓盈亏: 9720.00, 平仓盈亏: 0.00, 市值: 0.00, 保证金: 610156.80, 手续费: 0.00, 风险度: 47.21%
    INFO - 日期: 2020-08-06, 账户权益: 1294590.53, 可用资金: 684433.73, 浮动盈亏: 187320.00, 持仓盈亏: 2160.00, 平仓盈亏: 0.00, 市值: 0.00, 保证金: 610156.80, 手续费: 0.00, 风险度: 47.13%
    INFO - 日期: 2020-08-07, 账户权益: 1280270.53, 可用资金: 670113.73, 浮动盈亏: 173000.00, 持仓盈亏: -14320.00, 平仓盈亏: 0.00, 市值: 0.00, 保证金: 610156.80, 手续费: 0.00, 风险度: 47.66%
    INFO - 日期: 2020-08-10, 账户权益: 1288510.53, 可用资金: 678353.73, 浮动盈亏: 181240.00, 持仓盈亏: 8240.00, 平仓盈亏: 0.00, 市值: 0.00, 保证金: 610156.80, 手续费: 0.00, 风险度: 47.35%
    INFO - 日期: 2020-08-11, 账户权益: 1260030.53, 可用资金: 649873.73, 浮动盈亏: 152760.00, 持仓盈亏: -28480.00, 平仓盈亏: 0.00, 市值: 0.00, 保证金: 610156.80, 手续费: 0.00, 风险度: 48.42%
    INFO - 日期: 2020-08-12, 账户权益: 1245350.53, 可用资金: 635193.73, 浮动盈亏: 138080.00, 持仓盈亏: -14680.00, 平仓盈亏: 0.00, 市值: 0.00, 保证金: 610156.80, 手续费: 0.00, 风险度: 48.99%
    INFO - 日期: 2020-08-13, 账户权益: 1250950.53, 可用资金: 640793.73, 浮动盈亏: 143680.00, 持仓盈亏: 5600.00, 平仓盈亏: 0.00, 市值: 0.00, 保证金: 610156.80, 手续费: 0.00, 风险度: 48.78%
    INFO - 日期: 2020-08-14, 账户权益: 1281910.53, 可用资金: 671753.73, 浮动盈亏: 174640.00, 持仓盈亏: 30960.00, 平仓盈亏: 0.00, 市值: 0.00, 保证金: 610156.80, 手续费: 0.00, 风险度: 47.60%
    INFO - 日期: 2020-08-17, 账户权益: 1287161.30, 可用资金: 829543.70, 浮动盈亏: 142960.00, 持仓盈亏: 0.00, 平仓盈亏: 5280.00, 市值: 0.00, 保证金: 457617.60, 手续费: 29.24, 风险度: 35.55%
    INFO - 日期: 2020-08-18, 账户权益: 1287161.30, 可用资金: 829543.70, 浮动盈亏: 142960.00, 持仓盈亏: 0.00, 平仓盈亏: 0.00, 市值: 0.00, 保证金: 457617.60, 手续费: 0.00, 风险度: 35.55%
    INFO - 日期: 2020-08-19, 账户权益: 1287161.30, 可用资金: 829543.70, 浮动盈亏: 142960.00, 持仓盈亏: 0.00, 平仓盈亏: 0.00, 市值: 0.00, 保证金: 457617.60, 手续费: 0.00, 风险度: 35.55%
    INFO - 日期: 2020-08-20, 账户权益: 1288651.86, 可用资金: 677439.06, 浮动盈亏: 144480.00, 持仓盈亏: 1520.00, 平仓盈亏: 0.00, 市值: 0.00, 保证金: 611212.80, 手续费: 29.44, 风险度: 47.43%
    INFO - 日期: 2020-08-21, 账户权益: 1293931.86, 可用资金: 682719.06, 浮动盈亏: 149760.00, 持仓盈亏: 5280.00, 平仓盈亏: 0.00, 市值: 0.00, 保证金: 611212.80, 手续费: 0.00, 风险度: 47.24%
    INFO - 日期: 2020-08-24, 账户权益: 1298171.86, 可用资金: 686959.06, 浮动盈亏: 154000.00, 持仓盈亏: 4240.00, 平仓盈亏: 0.00, 市值: 0.00, 保证金: 611212.80, 手续费: 0.00, 风险度: 47.08%
    INFO - 日期: 2020-08-25, 账户权益: 1294211.86, 可用资金: 682999.06, 浮动盈亏: 150040.00, 持仓盈亏: -3960.00, 平仓盈亏: 0.00, 市值: 0.00, 保证金: 611212.80, 手续费: 0.00, 风险度: 47.23%
    INFO - 日期: 2020-08-26, 账户权益: 1276691.86, 可用资金: 665479.06, 浮动盈亏: 132520.00, 持仓盈亏: -17520.00, 平仓盈亏: 0.00, 市值: 0.00, 保证金: 611212.80, 手续费: 0.00, 风险度: 47.87%
    INFO - 日期: 2020-08-27, 账户权益: 1291371.86, 可用资金: 680159.06, 浮动盈亏: 147200.00, 持仓盈亏: 14680.00, 平仓盈亏: 0.00, 市值: 0.00, 保证金: 611212.80, 手续费: 0.00, 风险度: 47.33%
    INFO - 日期: 2020-08-28, 账户权益: 1321491.86, 可用资金: 710279.06, 浮动盈亏: 177320.00, 持仓盈亏: 30120.00, 平仓盈亏: 0.00, 市值: 0.00, 保证金: 611212.80, 手续费: 0.00, 风险度: 46.25%
    INFO - 日期: 2020-08-31, 账户权益: 1330422.42, 可用资金: 872804.82, 浮动盈亏: 142960.00, 持仓盈亏: 0.00, 平仓盈亏: 8960.00, 市值: 0.00, 保证金: 457617.60, 手续费: 29.44, 风险度: 34.40%
    INFO - 日期: 2020-09-01, 账户权益: 1330422.42, 可用资金: 872804.82, 浮动盈亏: 142960.00, 持仓盈亏: 0.00, 平仓盈亏: 0.00, 市值: 0.00, 保证金: 457617.60, 手续费: 0.00, 风险度: 34.40%
    INFO - 日期: 2020-09-02, 账户权益: 1330422.42, 可用资金: 872804.82, 浮动盈亏: 142960.00, 持仓盈亏: 0.00, 平仓盈亏: 0.00, 市值: 0.00, 保证金: 457617.60, 手续费: 0.00, 风险度: 34.40%
    INFO - 日期: 2020-09-03, 账户权益: 1330422.42, 可用资金: 872804.82, 浮动盈亏: 142960.00, 持仓盈亏: 0.00, 平仓盈亏: 0.00, 市值: 0.00, 保证金: 457617.60, 手续费: 0.00, 风险度: 34.40%
    INFO - 日期: 2020-09-04, 账户权益: 1330422.42, 可用资金: 872804.82, 浮动盈亏: 142960.00, 持仓盈亏: 0.00, 平仓盈亏: 0.00, 市值: 0.00, 保证金: 457617.60, 手续费: 0.00, 风险度: 34.40%
    INFO - 日期: 2020-09-07, 账户权益: 1330422.42, 可用资金: 872804.82, 浮动盈亏: 142960.00, 持仓盈亏: 0.00, 平仓盈亏: 0.00, 市值: 0.00, 保证金: 457617.60, 手续费: 0.00, 风险度: 34.40%
    INFO - 日期: 2020-09-08, 账户权益: 1330422.42, 可用资金: 872804.82, 浮动盈亏: 142960.00, 持仓盈亏: 0.00, 平仓盈亏: 0.00, 市值: 0.00, 保证金: 457617.60, 手续费: 0.00, 风险度: 34.40%
    INFO - 日期: 2020-09-09, 账户权益: 1330422.42, 可用资金: 872804.82, 浮动盈亏: 142960.00, 持仓盈亏: 0.00, 平仓盈亏: 0.00, 市值: 0.00, 保证金: 457617.60, 手续费: 0.00, 风险度: 34.40%
    INFO - 日期: 2020-09-10, 账户权益: 1330422.42, 可用资金: 872804.82, 浮动盈亏: 142960.00, 持仓盈亏: 0.00, 平仓盈亏: 0.00, 市值: 0.00, 保证金: 457617.60, 手续费: 0.00, 风险度: 34.40%
    INFO - 日期: 2020-09-11, 账户权益: 1330422.42, 可用资金: 872804.82, 浮动盈亏: 142960.00, 持仓盈亏: 0.00, 平仓盈亏: 0.00, 市值: 0.00, 保证金: 457617.60, 手续费: 0.00, 风险度: 34.40%
    INFO - 日期: 2020-09-14, 账户权益: 1330422.42, 可用资金: 872804.82, 浮动盈亏: 142960.00, 持仓盈亏: 0.00, 平仓盈亏: 0.00, 市值: 0.00, 保证金: 457617.60, 手续费: 0.00, 风险度: 34.40%
    INFO - 日期: 2020-09-15, 账户权益: 1330422.42, 可用资金: 872804.82, 浮动盈亏: 142960.00, 持仓盈亏: 0.00, 平仓盈亏: 0.00, 市值: 0.00, 保证金: 457617.60, 手续费: 0.00, 风险度: 34.40%
    INFO - 日期: 2020-09-16, 账户权益: 1330422.42, 可用资金: 872804.82, 浮动盈亏: 142960.00, 持仓盈亏: 0.00, 平仓盈亏: 0.00, 市值: 0.00, 保证金: 457617.60, 手续费: 0.00, 风险度: 34.40%
    INFO - 日期: 2020-09-17, 账户权益: 1330422.42, 可用资金: 872804.82, 浮动盈亏: 142960.00, 持仓盈亏: 0.00, 平仓盈亏: 0.00, 市值: 0.00, 保证金: 457617.60, 手续费: 0.00, 风险度: 34.40%
    INFO - 日期: 2020-09-18, 账户权益: 1330422.42, 可用资金: 872804.82, 浮动盈亏: 142960.00, 持仓盈亏: 0.00, 平仓盈亏: 0.00, 市值: 0.00, 保证金: 457617.60, 手续费: 0.00, 风险度: 34.40%
    INFO - 日期: 2020-09-21, 账户权益: 1330422.42, 可用资金: 872804.82, 浮动盈亏: 142960.00, 持仓盈亏: 0.00, 平仓盈亏: 0.00, 市值: 0.00, 保证金: 457617.60, 手续费: 0.00, 风险度: 34.40%
    INFO - 日期: 2020-09-22, 账户权益: 1330422.42, 可用资金: 872804.82, 浮动盈亏: 142960.00, 持仓盈亏: 0.00, 平仓盈亏: 0.00, 市值: 0.00, 保证金: 457617.60, 手续费: 0.00, 风险度: 34.40%
    INFO - 日期: 2020-09-23, 账户权益: 1330422.42, 可用资金: 872804.82, 浮动盈亏: 142960.00, 持仓盈亏: 0.00, 平仓盈亏: 0.00, 市值: 0.00, 保证金: 457617.60, 手续费: 0.00, 风险度: 34.40%
    INFO - 日期: 2020-09-24, 账户权益: 1330422.42, 可用资金: 872804.82, 浮动盈亏: 142960.00, 持仓盈亏: 0.00, 平仓盈亏: 0.00, 市值: 0.00, 保证金: 457617.60, 手续费: 0.00, 风险度: 34.40%
    INFO - 日期: 2020-09-25, 账户权益: 1330422.42, 可用资金: 872804.82, 浮动盈亏: 142960.00, 持仓盈亏: 0.00, 平仓盈亏: 0.00, 市值: 0.00, 保证金: 457617.60, 手续费: 0.00, 风险度: 34.40%
    INFO - 日期: 2020-09-28, 账户权益: 1330422.42, 可用资金: 872804.82, 浮动盈亏: 142960.00, 持仓盈亏: 0.00, 平仓盈亏: 0.00, 市值: 0.00, 保证金: 457617.60, 手续费: 0.00, 风险度: 34.40%
    INFO - 日期: 2020-09-29, 账户权益: 1330422.42, 可用资金: 872804.82, 浮动盈亏: 142960.00, 持仓盈亏: 0.00, 平仓盈亏: 0.00, 市值: 0.00, 保证金: 457617.60, 手续费: 0.00, 风险度: 34.40%
    INFO - 日期: 2020-09-30, 账户权益: 1330422.42, 可用资金: 872804.82, 浮动盈亏: 142960.00, 持仓盈亏: 0.00, 平仓盈亏: 0.00, 市值: 0.00, 保证金: 457617.60, 手续费: 0.00, 风险度: 34.40%
    INFO - 日期: 2020-10-09, 账户权益: 1330422.42, 可用资金: 872804.82, 浮动盈亏: 142960.00, 持仓盈亏: 0.00, 平仓盈亏: 0.00, 市值: 0.00, 保证金: 457617.60, 手续费: 0.00, 风险度: 34.40%
    INFO - 日期: 2020-10-12, 账户权益: 1330422.42, 可用资金: 872804.82, 浮动盈亏: 142960.00, 持仓盈亏: 0.00, 平仓盈亏: 0.00, 市值: 0.00, 保证金: 457617.60, 手续费: 0.00, 风险度: 34.40%
    INFO - 日期: 2020-10-13, 账户权益: 1330422.42, 可用资金: 872804.82, 浮动盈亏: 142960.00, 持仓盈亏: 0.00, 平仓盈亏: 0.00, 市值: 0.00, 保证金: 457617.60, 手续费: 0.00, 风险度: 34.40%
    INFO - 日期: 2020-10-14, 账户权益: 1330422.42, 可用资金: 872804.82, 浮动盈亏: 142960.00, 持仓盈亏: 0.00, 平仓盈亏: 0.00, 市值: 0.00, 保证金: 457617.60, 手续费: 0.00, 风险度: 34.40%
    INFO - 日期: 2020-10-15, 账户权益: 1330422.42, 可用资金: 872804.82, 浮动盈亏: 142960.00, 持仓盈亏: 0.00, 平仓盈亏: 0.00, 市值: 0.00, 保证金: 457617.60, 手续费: 0.00, 风险度: 34.40%
    INFO - 日期: 2020-10-16, 账户权益: 1330422.42, 可用资金: 872804.82, 浮动盈亏: 142960.00, 持仓盈亏: 0.00, 平仓盈亏: 0.00, 市值: 0.00, 保证金: 457617.60, 手续费: 0.00, 风险度: 34.40%
    INFO - 日期: 2020-10-19, 账户权益: 1330422.42, 可用资金: 872804.82, 浮动盈亏: 142960.00, 持仓盈亏: 0.00, 平仓盈亏: 0.00, 市值: 0.00, 保证金: 457617.60, 手续费: 0.00, 风险度: 34.40%
    INFO - 日期: 2020-10-20, 账户权益: 1330422.42, 可用资金: 872804.82, 浮动盈亏: 142960.00, 持仓盈亏: 0.00, 平仓盈亏: 0.00, 市值: 0.00, 保证金: 457617.60, 手续费: 0.00, 风险度: 34.40%
    INFO - 日期: 2020-10-21, 账户权益: 1318273.15, 可用资金: 707957.95, 浮动盈亏: 130840.00, 持仓盈亏: -12120.00, 平仓盈亏: 0.00, 市值: 0.00, 保证金: 610315.20, 手续费: 29.27, 风险度: 46.30%
    INFO - 日期: 2020-10-22, 账户权益: 1312593.15, 可用资金: 702277.95, 浮动盈亏: 125160.00, 持仓盈亏: -5680.00, 平仓盈亏: 0.00, 市值: 0.00, 保证金: 610315.20, 手续费: 0.00, 风险度: 46.50%
    INFO - 日期: 2020-10-23, 账户权益: 1294113.15, 可用资金: 683797.95, 浮动盈亏: 106680.00, 持仓盈亏: -18480.00, 平仓盈亏: 0.00, 市值: 0.00, 保证金: 610315.20, 手续费: 0.00, 风险度: 47.16%
    INFO - 日期: 2020-10-26, 账户权益: 1296393.15, 可用资金: 686077.95, 浮动盈亏: 108960.00, 持仓盈亏: 2280.00, 平仓盈亏: 0.00, 市值: 0.00, 保证金: 610315.20, 手续费: 0.00, 风险度: 47.08%
    INFO - 日期: 2020-10-27, 账户权益: 1292563.88, 可用资金: 834946.28, 浮动盈亏: 142960.00, 持仓盈亏: 0.00, 平仓盈亏: -3800.00, 市值: 0.00, 保证金: 457617.60, 手续费: 29.27, 风险度: 35.40%
    INFO - 日期: 2020-10-28, 账户权益: 1292563.88, 可用资金: 834946.28, 浮动盈亏: 142960.00, 持仓盈亏: 0.00, 平仓盈亏: 0.00, 市值: 0.00, 保证金: 457617.60, 手续费: 0.00, 风险度: 35.40%
    INFO - 日期: 2020-10-29, 账户权益: 1292563.88, 可用资金: 834946.28, 浮动盈亏: 142960.00, 持仓盈亏: 0.00, 平仓盈亏: 0.00, 市值: 0.00, 保证金: 457617.60, 手续费: 0.00, 风险度: 35.40%
    INFO - 日期: 2020-10-30, 账户权益: 1292563.88, 可用资金: 834946.28, 浮动盈亏: 142960.00, 持仓盈亏: 0.00, 平仓盈亏: 0.00, 市值: 0.00, 保证金: 457617.60, 手续费: 0.00, 风险度: 35.40%
    INFO - 日期: 2020-11-02, 账户权益: 1292563.88, 可用资金: 834946.28, 浮动盈亏: 142960.00, 持仓盈亏: 0.00, 平仓盈亏: 0.00, 市值: 0.00, 保证金: 457617.60, 手续费: 0.00, 风险度: 35.40%
    INFO - 日期: 2020-11-03, 账户权益: 1292563.88, 可用资金: 834946.28, 浮动盈亏: 142960.00, 持仓盈亏: 0.00, 平仓盈亏: 0.00, 市值: 0.00, 保证金: 457617.60, 手续费: 0.00, 风险度: 35.40%
    INFO - 日期: 2020-11-04, 账户权益: 1292563.88, 可用资金: 834946.28, 浮动盈亏: 142960.00, 持仓盈亏: 0.00, 平仓盈亏: 0.00, 市值: 0.00, 保证金: 457617.60, 手续费: 0.00, 风险度: 35.40%
    INFO - 日期: 2020-11-05, 账户权益: 1292563.88, 可用资金: 834946.28, 浮动盈亏: 142960.00, 持仓盈亏: 0.00, 平仓盈亏: 0.00, 市值: 0.00, 保证金: 457617.60, 手续费: 0.00, 风险度: 35.40%
    INFO - 日期: 2020-11-06, 账户权益: 1292563.88, 可用资金: 834946.28, 浮动盈亏: 142960.00, 持仓盈亏: 0.00, 平仓盈亏: 0.00, 市值: 0.00, 保证金: 457617.60, 手续费: 0.00, 风险度: 35.40%
    INFO - 日期: 2020-11-09, 账户权益: 1292563.88, 可用资金: 834946.28, 浮动盈亏: 142960.00, 持仓盈亏: 0.00, 平仓盈亏: 0.00, 市值: 0.00, 保证金: 457617.60, 手续费: 0.00, 风险度: 35.40%
    INFO - 日期: 2020-11-10, 账户权益: 1292563.88, 可用资金: 834946.28, 浮动盈亏: 142960.00, 持仓盈亏: 0.00, 平仓盈亏: 0.00, 市值: 0.00, 保证金: 457617.60, 手续费: 0.00, 风险度: 35.40%
    INFO - 日期: 2020-11-11, 账户权益: 1292563.88, 可用资金: 834946.28, 浮动盈亏: 142960.00, 持仓盈亏: 0.00, 平仓盈亏: 0.00, 市值: 0.00, 保证金: 457617.60, 手续费: 0.00, 风险度: 35.40%
    INFO - 日期: 2020-11-12, 账户权益: 1292563.88, 可用资金: 834946.28, 浮动盈亏: 142960.00, 持仓盈亏: 0.00, 平仓盈亏: 0.00, 市值: 0.00, 保证金: 457617.60, 手续费: 0.00, 风险度: 35.40%
    INFO - 日期: 2020-11-13, 账户权益: 1292563.88, 可用资金: 834946.28, 浮动盈亏: 142960.00, 持仓盈亏: 0.00, 平仓盈亏: 0.00, 市值: 0.00, 保证金: 457617.60, 手续费: 0.00, 风险度: 35.40%
    INFO - 日期: 2020-11-16, 账户权益: 1292563.88, 可用资金: 834946.28, 浮动盈亏: 142960.00, 持仓盈亏: 0.00, 平仓盈亏: 0.00, 市值: 0.00, 保证金: 457617.60, 手续费: 0.00, 风险度: 35.40%
    INFO - 日期: 2020-11-17, 账户权益: 1292563.88, 可用资金: 834946.28, 浮动盈亏: 142960.00, 持仓盈亏: 0.00, 平仓盈亏: 0.00, 市值: 0.00, 保证金: 457617.60, 手续费: 0.00, 风险度: 35.40%
    INFO - 日期: 2020-11-18, 账户权益: 1292563.88, 可用资金: 834946.28, 浮动盈亏: 142960.00, 持仓盈亏: 0.00, 平仓盈亏: 0.00, 市值: 0.00, 保证金: 457617.60, 手续费: 0.00, 风险度: 35.40%
    INFO - 日期: 2020-11-19, 账户权益: 1304614.83, 可用资金: 695422.83, 浮动盈亏: 155040.00, 持仓盈亏: 12080.00, 平仓盈亏: 0.00, 市值: 0.00, 保证金: 609192.00, 手续费: 29.05, 风险度: 46.70%
    INFO - 日期: 2020-11-20, 账户权益: 1316334.83, 可用资金: 707142.83, 浮动盈亏: 166760.00, 持仓盈亏: 11720.00, 平仓盈亏: 0.00, 市值: 0.00, 保证金: 609192.00, 手续费: 0.00, 风险度: 46.28%
    INFO - 日期: 2020-11-23, 账户权益: 1327294.83, 可用资金: 718102.83, 浮动盈亏: 177720.00, 持仓盈亏: 10960.00, 平仓盈亏: 0.00, 市值: 0.00, 保证金: 609192.00, 手续费: 0.00, 风险度: 45.90%
    INFO - 日期: 2020-11-24, 账户权益: 1325534.83, 可用资金: 716342.83, 浮动盈亏: 175960.00, 持仓盈亏: -1760.00, 平仓盈亏: 0.00, 市值: 0.00, 保证金: 609192.00, 手续费: 0.00, 风险度: 45.96%
    INFO - 日期: 2020-11-25, 账户权益: 1305574.83, 可用资金: 696382.83, 浮动盈亏: 156000.00, 持仓盈亏: -19960.00, 平仓盈亏: 0.00, 市值: 0.00, 保证金: 609192.00, 手续费: 0.00, 风险度: 46.66%
    INFO - 日期: 2020-11-26, 账户权益: 1305465.78, 可用资金: 847848.18, 浮动盈亏: 142960.00, 持仓盈亏: 0.00, 平仓盈亏: -80.00, 市值: 0.00, 保证金: 457617.60, 手续费: 29.05, 风险度: 35.05%
    INFO - 日期: 2020-11-27, 账户权益: 1305465.78, 可用资金: 847848.18, 浮动盈亏: 142960.00, 持仓盈亏: 0.00, 平仓盈亏: 0.00, 市值: 0.00, 保证金: 457617.60, 手续费: 0.00, 风险度: 35.05%
    INFO - 日期: 2020-11-30, 账户权益: 1305465.78, 可用资金: 847848.18, 浮动盈亏: 142960.00, 持仓盈亏: 0.00, 平仓盈亏: 0.00, 市值: 0.00, 保证金: 457617.60, 手续费: 0.00, 风险度: 35.05%
    INFO - 日期: 2020-12-01, 账户权益: 1305465.78, 可用资金: 847848.18, 浮动盈亏: 142960.00, 持仓盈亏: 0.00, 平仓盈亏: 0.00, 市值: 0.00, 保证金: 457617.60, 手续费: 0.00, 风险度: 35.05%
    INFO - 日期: 2020-12-02, 账户权益: 1305465.78, 可用资金: 847848.18, 浮动盈亏: 142960.00, 持仓盈亏: 0.00, 平仓盈亏: 0.00, 市值: 0.00, 保证金: 457617.60, 手续费: 0.00, 风险度: 35.05%
    INFO - 日期: 2020-12-03, 账户权益: 1305465.78, 可用资金: 847848.18, 浮动盈亏: 142960.00, 持仓盈亏: 0.00, 平仓盈亏: 0.00, 市值: 0.00, 保证金: 457617.60, 手续费: 0.00, 风险度: 35.05%
    INFO - 日期: 2020-12-04, 账户权益: 1305465.78, 可用资金: 847848.18, 浮动盈亏: 142960.00, 持仓盈亏: 0.00, 平仓盈亏: 0.00, 市值: 0.00, 保证金: 457617.60, 手续费: 0.00, 风险度: 35.05%
    INFO - 日期: 2020-12-07, 账户权益: 1305465.78, 可用资金: 847848.18, 浮动盈亏: 142960.00, 持仓盈亏: 0.00, 平仓盈亏: 0.00, 市值: 0.00, 保证金: 457617.60, 手续费: 0.00, 风险度: 35.05%
    INFO - 日期: 2020-12-08, 账户权益: 1305465.78, 可用资金: 847848.18, 浮动盈亏: 142960.00, 持仓盈亏: 0.00, 平仓盈亏: 0.00, 市值: 0.00, 保证金: 457617.60, 手续费: 0.00, 风险度: 35.05%
    INFO - 日期: 2020-12-09, 账户权益: 1305465.78, 可用资金: 847848.18, 浮动盈亏: 142960.00, 持仓盈亏: 0.00, 平仓盈亏: 0.00, 市值: 0.00, 保证金: 457617.60, 手续费: 0.00, 风险度: 35.05%
    INFO - 日期: 2020-12-10, 账户权益: 1305465.78, 可用资金: 847848.18, 浮动盈亏: 142960.00, 持仓盈亏: 0.00, 平仓盈亏: 0.00, 市值: 0.00, 保证金: 457617.60, 手续费: 0.00, 风险度: 35.05%
    INFO - 日期: 2020-12-11, 账户权益: 1305465.78, 可用资金: 847848.18, 浮动盈亏: 142960.00, 持仓盈亏: 0.00, 平仓盈亏: 0.00, 市值: 0.00, 保证金: 457617.60, 手续费: 0.00, 风险度: 35.05%
    INFO - 日期: 2020-12-14, 账户权益: 1305465.78, 可用资金: 847848.18, 浮动盈亏: 142960.00, 持仓盈亏: 0.00, 平仓盈亏: 0.00, 市值: 0.00, 保证金: 457617.60, 手续费: 0.00, 风险度: 35.05%
    INFO - 日期: 2020-12-15, 账户权益: 1305465.78, 可用资金: 847848.18, 浮动盈亏: 142960.00, 持仓盈亏: 0.00, 平仓盈亏: 0.00, 市值: 0.00, 保证金: 457617.60, 手续费: 0.00, 风险度: 35.05%
    INFO - 日期: 2020-12-16, 账户权益: 1305465.78, 可用资金: 847848.18, 浮动盈亏: 142960.00, 持仓盈亏: 0.00, 平仓盈亏: 0.00, 市值: 0.00, 保证金: 457617.60, 手续费: 0.00, 风险度: 35.05%
    INFO - 日期: 2020-12-17, 账户权益: 1305465.78, 可用资金: 847848.18, 浮动盈亏: 142960.00, 持仓盈亏: 0.00, 平仓盈亏: 0.00, 市值: 0.00, 保证金: 457617.60, 手续费: 0.00, 风险度: 35.05%
    INFO - 日期: 2020-12-18, 账户权益: 1305465.78, 可用资金: 847848.18, 浮动盈亏: 142960.00, 持仓盈亏: 0.00, 平仓盈亏: 0.00, 市值: 0.00, 保证金: 457617.60, 手续费: 0.00, 风险度: 35.05%
    INFO - 日期: 2020-12-21, 账户权益: 1305465.78, 可用资金: 847848.18, 浮动盈亏: 142960.00, 持仓盈亏: 0.00, 平仓盈亏: 0.00, 市值: 0.00, 保证金: 457617.60, 手续费: 0.00, 风险度: 35.05%
    INFO - 日期: 2020-12-22, 账户权益: 1305465.78, 可用资金: 847848.18, 浮动盈亏: 142960.00, 持仓盈亏: 0.00, 平仓盈亏: 0.00, 市值: 0.00, 保证金: 457617.60, 手续费: 0.00, 风险度: 35.05%
    INFO - 日期: 2020-12-23, 账户权益: 1305465.78, 可用资金: 847848.18, 浮动盈亏: 142960.00, 持仓盈亏: 0.00, 平仓盈亏: 0.00, 市值: 0.00, 保证金: 457617.60, 手续费: 0.00, 风险度: 35.05%
    INFO - 日期: 2020-12-24, 账户权益: 1305465.78, 可用资金: 847848.18, 浮动盈亏: 142960.00, 持仓盈亏: 0.00, 平仓盈亏: 0.00, 市值: 0.00, 保证金: 457617.60, 手续费: 0.00, 风险度: 35.05%
    INFO - 日期: 2020-12-25, 账户权益: 1305465.78, 可用资金: 847848.18, 浮动盈亏: 142960.00, 持仓盈亏: 0.00, 平仓盈亏: 0.00, 市值: 0.00, 保证金: 457617.60, 手续费: 0.00, 风险度: 35.05%
    INFO - 日期: 2020-12-28, 账户权益: 1305465.78, 可用资金: 847848.18, 浮动盈亏: 142960.00, 持仓盈亏: 0.00, 平仓盈亏: 0.00, 市值: 0.00, 保证金: 457617.60, 手续费: 0.00, 风险度: 35.05%
    INFO - 日期: 2020-12-29, 账户权益: 1305465.78, 可用资金: 847848.18, 浮动盈亏: 142960.00, 持仓盈亏: 0.00, 平仓盈亏: 0.00, 市值: 0.00, 保证金: 457617.60, 手续费: 0.00, 风险度: 35.05%
    INFO - 日期: 2020-12-30, 账户权益: 1305465.78, 可用资金: 847848.18, 浮动盈亏: 142960.00, 持仓盈亏: 0.00, 平仓盈亏: 0.00, 市值: 0.00, 保证金: 457617.60, 手续费: 0.00, 风险度: 35.05%
    INFO - 日期: 2020-12-31, 账户权益: 1305465.78, 可用资金: 847848.18, 浮动盈亏: 142960.00, 持仓盈亏: 0.00, 平仓盈亏: 0.00, 市值: 0.00, 保证金: 457617.60, 手续费: 0.00, 风险度: 35.05%
    INFO - 日期: 2021-01-04, 账户权益: 1305465.78, 可用资金: 847848.18, 浮动盈亏: 142960.00, 持仓盈亏: 0.00, 平仓盈亏: 0.00, 市值: 0.00, 保证金: 457617.60, 手续费: 0.00, 风险度: 35.05%
    INFO - 日期: 2021-01-05, 账户权益: 1313836.08, 可用资金: 701260.08, 浮动盈亏: 151360.00, 持仓盈亏: 8400.00, 平仓盈亏: 0.00, 市值: 0.00, 保证金: 612576.00, 手续费: 29.70, 风险度: 46.62%
    INFO - 日期: 2021-01-06, 账户权益: 1315516.08, 可用资金: 702940.08, 浮动盈亏: 153040.00, 持仓盈亏: 1680.00, 平仓盈亏: 0.00, 市值: 0.00, 保证金: 612576.00, 手续费: 0.00, 风险度: 46.57%
    INFO - 日期: 2021-01-07, 账户权益: 1323716.08, 可用资金: 711140.08, 浮动盈亏: 161240.00, 持仓盈亏: 8200.00, 平仓盈亏: 0.00, 市值: 0.00, 保证金: 612576.00, 手续费: 0.00, 风险度: 46.28%
    INFO - 日期: 2021-01-08, 账户权益: 1328636.08, 可用资金: 716060.08, 浮动盈亏: 166160.00, 持仓盈亏: 4920.00, 平仓盈亏: 0.00, 市值: 0.00, 保证金: 612576.00, 手续费: 0.00, 风险度: 46.11%
    INFO - 日期: 2021-01-11, 账户权益: 1329846.38, 可用资金: 872228.78, 浮动盈亏: 142960.00, 持仓盈亏: 0.00, 平仓盈亏: 1240.00, 市值: 0.00, 保证金: 457617.60, 手续费: 29.70, 风险度: 34.41%
    INFO - 日期: 2021-01-12, 账户权益: 1329846.38, 可用资金: 872228.78, 浮动盈亏: 142960.00, 持仓盈亏: 0.00, 平仓盈亏: 0.00, 市值: 0.00, 保证金: 457617.60, 手续费: 0.00, 风险度: 34.41%
    INFO - 日期: 2021-01-13, 账户权益: 1329846.38, 可用资金: 872228.78, 浮动盈亏: 142960.00, 持仓盈亏: 0.00, 平仓盈亏: 0.00, 市值: 0.00, 保证金: 457617.60, 手续费: 0.00, 风险度: 34.41%
    INFO - 日期: 2021-01-14, 账户权益: 1329846.38, 可用资金: 872228.78, 浮动盈亏: 142960.00, 持仓盈亏: 0.00, 平仓盈亏: 0.00, 市值: 0.00, 保证金: 457617.60, 手续费: 0.00, 风险度: 34.41%
    INFO - 日期: 2021-01-15, 账户权益: 1329846.38, 可用资金: 872228.78, 浮动盈亏: 142960.00, 持仓盈亏: 0.00, 平仓盈亏: 0.00, 市值: 0.00, 保证金: 457617.60, 手续费: 0.00, 风险度: 34.41%
    INFO - 日期: 2021-01-18, 账户权益: 1329846.38, 可用资金: 872228.78, 浮动盈亏: 142960.00, 持仓盈亏: 0.00, 平仓盈亏: 0.00, 市值: 0.00, 保证金: 457617.60, 手续费: 0.00, 风险度: 34.41%
    INFO - 日期: 2021-01-19, 账户权益: 1323496.09, 可用资金: 707843.29, 浮动盈亏: 136640.00, 持仓盈亏: -6320.00, 平仓盈亏: 0.00, 市值: 0.00, 保证金: 615652.80, 手续费: 30.29, 风险度: 46.52%
    INFO - 日期: 2021-01-20, 账户权益: 1337216.09, 可用资金: 721563.29, 浮动盈亏: 150360.00, 持仓盈亏: 13720.00, 平仓盈亏: 0.00, 市值: 0.00, 保证金: 615652.80, 手续费: 0.00, 风险度: 46.04%
    INFO - 日期: 2021-01-21, 账户权益: 1354416.09, 可用资金: 738763.29, 浮动盈亏: 167560.00, 持仓盈亏: 17200.00, 平仓盈亏: 0.00, 市值: 0.00, 保证金: 615652.80, 手续费: 0.00, 风险度: 45.46%
    INFO - 日期: 2021-01-22, 账户权益: 1354656.09, 可用资金: 739003.29, 浮动盈亏: 167800.00, 持仓盈亏: 240.00, 平仓盈亏: 0.00, 市值: 0.00, 保证金: 615652.80, 手续费: 0.00, 风险度: 45.45%
    INFO - 日期: 2021-01-25, 账户权益: 1353416.09, 可用资金: 737763.29, 浮动盈亏: 166560.00, 持仓盈亏: -1240.00, 平仓盈亏: 0.00, 市值: 0.00, 保证金: 615652.80, 手续费: 0.00, 风险度: 45.49%
    INFO - 日期: 2021-01-26, 账户权益: 1338536.09, 可用资金: 722883.29, 浮动盈亏: 151680.00, 持仓盈亏: -14880.00, 平仓盈亏: 0.00, 市值: 0.00, 保证金: 615652.80, 手续费: 0.00, 风险度: 45.99%
    INFO - 日期: 2021-01-27, 账户权益: 1337336.09, 可用资金: 721683.29, 浮动盈亏: 150480.00, 持仓盈亏: -1200.00, 平仓盈亏: 0.00, 市值: 0.00, 保证金: 615652.80, 手续费: 0.00, 风险度: 46.04%
    INFO - 日期: 2021-01-28, 账户权益: 1320216.09, 可用资金: 704563.29, 浮动盈亏: 133360.00, 持仓盈亏: -17120.00, 平仓盈亏: 0.00, 市值: 0.00, 保证金: 615652.80, 手续费: 0.00, 风险度: 46.63%
    INFO - 日期: 2021-01-29, 账户权益: 1304056.09, 可用资金: 688403.29, 浮动盈亏: 117200.00, 持仓盈亏: -16160.00, 平仓盈亏: 0.00, 市值: 0.00, 保证金: 615652.80, 手续费: 0.00, 风险度: 47.21%
    INFO - 日期: 2021-02-01, 账户权益: 1305665.80, 可用资金: 848048.20, 浮动盈亏: 142960.00, 持仓盈亏: 0.00, 平仓盈亏: 1640.00, 市值: 0.00, 保证金: 457617.60, 手续费: 30.29, 风险度: 35.05%
    INFO - 日期: 2021-02-02, 账户权益: 1305665.80, 可用资金: 848048.20, 浮动盈亏: 142960.00, 持仓盈亏: 0.00, 平仓盈亏: 0.00, 市值: 0.00, 保证金: 457617.60, 手续费: 0.00, 风险度: 35.05%
    INFO - 日期: 2021-02-03, 账户权益: 1305665.80, 可用资金: 848048.20, 浮动盈亏: 142960.00, 持仓盈亏: 0.00, 平仓盈亏: 0.00, 市值: 0.00, 保证金: 457617.60, 手续费: 0.00, 风险度: 35.05%
    INFO - 日期: 2021-02-04, 账户权益: 1305665.80, 可用资金: 848048.20, 浮动盈亏: 142960.00, 持仓盈亏: 0.00, 平仓盈亏: 0.00, 市值: 0.00, 保证金: 457617.60, 手续费: 0.00, 风险度: 35.05%
    INFO - 日期: 2021-02-05, 账户权益: 1305665.80, 可用资金: 848048.20, 浮动盈亏: 142960.00, 持仓盈亏: 0.00, 平仓盈亏: 0.00, 市值: 0.00, 保证金: 457617.60, 手续费: 0.00, 风险度: 35.05%
    INFO - 日期: 2021-02-08, 账户权益: 1305665.80, 可用资金: 848048.20, 浮动盈亏: 142960.00, 持仓盈亏: 0.00, 平仓盈亏: 0.00, 市值: 0.00, 保证金: 457617.60, 手续费: 0.00, 风险度: 35.05%
    INFO - 日期: 2021-02-09, 账户权益: 1305665.80, 可用资金: 848048.20, 浮动盈亏: 142960.00, 持仓盈亏: 0.00, 平仓盈亏: 0.00, 市值: 0.00, 保证金: 457617.60, 手续费: 0.00, 风险度: 35.05%
    INFO - 日期: 2021-02-10, 账户权益: 1305665.80, 可用资金: 848048.20, 浮动盈亏: 142960.00, 持仓盈亏: 0.00, 平仓盈亏: 0.00, 市值: 0.00, 保证金: 457617.60, 手续费: 0.00, 风险度: 35.05%
    INFO - 日期: 2021-02-18, 账户权益: 1305665.80, 可用资金: 848048.20, 浮动盈亏: 142960.00, 持仓盈亏: 0.00, 平仓盈亏: 0.00, 市值: 0.00, 保证金: 457617.60, 手续费: 0.00, 风险度: 35.05%
    INFO - 日期: 2021-02-19, 账户权益: 1331597.01, 可用资金: 723773.01, 浮动盈亏: 168920.00, 持仓盈亏: 25960.00, 平仓盈亏: 0.00, 市值: 0.00, 保证金: 607824.00, 手续费: 28.79, 风险度: 45.65%
    INFO - 日期: 2021-02-22, 账户权益: 1320957.01, 可用资金: 713133.01, 浮动盈亏: 158280.00, 持仓盈亏: -10640.00, 平仓盈亏: 0.00, 市值: 0.00, 保证金: 607824.00, 手续费: 0.00, 风险度: 46.01%
    INFO - 日期: 2021-02-23, 账户权益: 1319557.01, 可用资金: 711733.01, 浮动盈亏: 156880.00, 持仓盈亏: -1400.00, 平仓盈亏: 0.00, 市值: 0.00, 保证金: 607824.00, 手续费: 0.00, 风险度: 46.06%
    INFO - 日期: 2021-02-24, 账户权益: 1303837.01, 可用资金: 696013.01, 浮动盈亏: 141160.00, 持仓盈亏: -15720.00, 平仓盈亏: 0.00, 市值: 0.00, 保证金: 607824.00, 手续费: 0.00, 风险度: 46.62%
    INFO - 日期: 2021-02-25, 账户权益: 1317968.22, 可用资金: 860350.62, 浮动盈亏: 142960.00, 持仓盈亏: 0.00, 平仓盈亏: 14160.00, 市值: 0.00, 保证金: 457617.60, 手续费: 28.79, 风险度: 34.72%
    INFO - 日期: 2021-02-26, 账户权益: 1317968.22, 可用资金: 860350.62, 浮动盈亏: 142960.00, 持仓盈亏: 0.00, 平仓盈亏: 0.00, 市值: 0.00, 保证金: 457617.60, 手续费: 0.00, 风险度: 34.72%
    INFO - 日期: 2021-03-01, 账户权益: 1317968.22, 可用资金: 860350.62, 浮动盈亏: 142960.00, 持仓盈亏: 0.00, 平仓盈亏: 0.00, 市值: 0.00, 保证金: 457617.60, 手续费: 0.00, 风险度: 34.72%
    INFO - 日期: 2021-03-02, 账户权益: 1317968.22, 可用资金: 860350.62, 浮动盈亏: 142960.00, 持仓盈亏: 0.00, 平仓盈亏: 0.00, 市值: 0.00, 保证金: 457617.60, 手续费: 0.00, 风险度: 34.72%
    INFO - 日期: 2021-03-03, 账户权益: 1317968.22, 可用资金: 860350.62, 浮动盈亏: 142960.00, 持仓盈亏: 0.00, 平仓盈亏: 0.00, 市值: 0.00, 保证金: 457617.60, 手续费: 0.00, 风险度: 34.72%
    INFO - 日期: 2021-03-04, 账户权益: 1317968.22, 可用资金: 860350.62, 浮动盈亏: 142960.00, 持仓盈亏: 0.00, 平仓盈亏: 0.00, 市值: 0.00, 保证金: 457617.60, 手续费: 0.00, 风险度: 34.72%
    INFO - 日期: 2021-03-05, 账户权益: 1317968.22, 可用资金: 860350.62, 浮动盈亏: 142960.00, 持仓盈亏: 0.00, 平仓盈亏: 0.00, 市值: 0.00, 保证金: 457617.60, 手续费: 0.00, 风险度: 34.72%
    INFO - 日期: 2021-03-08, 账户权益: 1317968.22, 可用资金: 860350.62, 浮动盈亏: 142960.00, 持仓盈亏: 0.00, 平仓盈亏: 0.00, 市值: 0.00, 保证金: 457617.60, 手续费: 0.00, 风险度: 34.72%
    INFO - 日期: 2021-03-09, 账户权益: 1317968.22, 可用资金: 860350.62, 浮动盈亏: 142960.00, 持仓盈亏: 0.00, 平仓盈亏: 0.00, 市值: 0.00, 保证金: 457617.60, 手续费: 0.00, 风险度: 34.72%
    INFO - 日期: 2021-03-10, 账户权益: 1317968.22, 可用资金: 860350.62, 浮动盈亏: 142960.00, 持仓盈亏: 0.00, 平仓盈亏: 0.00, 市值: 0.00, 保证金: 457617.60, 手续费: 0.00, 风险度: 34.72%
    INFO - 日期: 2021-03-11, 账户权益: 1317968.22, 可用资金: 860350.62, 浮动盈亏: 142960.00, 持仓盈亏: 0.00, 平仓盈亏: 0.00, 市值: 0.00, 保证金: 457617.60, 手续费: 0.00, 风险度: 34.72%
    INFO - 日期: 2021-03-12, 账户权益: 1317968.22, 可用资金: 860350.62, 浮动盈亏: 142960.00, 持仓盈亏: 0.00, 平仓盈亏: 0.00, 市值: 0.00, 保证金: 457617.60, 手续费: 0.00, 风险度: 34.72%
    INFO - 日期: 2021-03-15, 账户权益: 1317968.22, 可用资金: 860350.62, 浮动盈亏: 142960.00, 持仓盈亏: 0.00, 平仓盈亏: 0.00, 市值: 0.00, 保证金: 457617.60, 手续费: 0.00, 风险度: 34.72%
    INFO - 日期: 2021-03-16, 账户权益: 1317968.22, 可用资金: 860350.62, 浮动盈亏: 142960.00, 持仓盈亏: 0.00, 平仓盈亏: 0.00, 市值: 0.00, 保证金: 457617.60, 手续费: 0.00, 风险度: 34.72%
    INFO - 日期: 2021-03-17, 账户权益: 1317968.22, 可用资金: 860350.62, 浮动盈亏: 142960.00, 持仓盈亏: 0.00, 平仓盈亏: 0.00, 市值: 0.00, 保证金: 457617.60, 手续费: 0.00, 风险度: 34.72%
    INFO - 日期: 2021-03-18, 账户权益: 1317968.22, 可用资金: 860350.62, 浮动盈亏: 142960.00, 持仓盈亏: 0.00, 平仓盈亏: 0.00, 市值: 0.00, 保证金: 457617.60, 手续费: 0.00, 风险度: 34.72%
    INFO - 日期: 2021-03-19, 账户权益: 1317968.22, 可用资金: 860350.62, 浮动盈亏: 142960.00, 持仓盈亏: 0.00, 平仓盈亏: 0.00, 市值: 0.00, 保证金: 457617.60, 手续费: 0.00, 风险度: 34.72%
    INFO - 日期: 2021-03-22, 账户权益: 1317968.22, 可用资金: 860350.62, 浮动盈亏: 142960.00, 持仓盈亏: 0.00, 平仓盈亏: 0.00, 市值: 0.00, 保证金: 457617.60, 手续费: 0.00, 风险度: 34.72%
    INFO - 日期: 2021-03-23, 账户权益: 1317968.22, 可用资金: 860350.62, 浮动盈亏: 142960.00, 持仓盈亏: 0.00, 平仓盈亏: 0.00, 市值: 0.00, 保证金: 457617.60, 手续费: 0.00, 风险度: 34.72%
    INFO - 日期: 2021-03-24, 账户权益: 1317968.22, 可用资金: 860350.62, 浮动盈亏: 142960.00, 持仓盈亏: 0.00, 平仓盈亏: 0.00, 市值: 0.00, 保证金: 457617.60, 手续费: 0.00, 风险度: 34.72%
    INFO - 日期: 2021-03-25, 账户权益: 1317968.22, 可用资金: 860350.62, 浮动盈亏: 142960.00, 持仓盈亏: 0.00, 平仓盈亏: 0.00, 市值: 0.00, 保证金: 457617.60, 手续费: 0.00, 风险度: 34.72%
    INFO - 日期: 2021-03-26, 账户权益: 1317968.22, 可用资金: 860350.62, 浮动盈亏: 142960.00, 持仓盈亏: 0.00, 平仓盈亏: 0.00, 市值: 0.00, 保证金: 457617.60, 手续费: 0.00, 风险度: 34.72%
    INFO - 日期: 2021-03-29, 账户权益: 1317968.22, 可用资金: 860350.62, 浮动盈亏: 142960.00, 持仓盈亏: 0.00, 平仓盈亏: 0.00, 市值: 0.00, 保证金: 457617.60, 手续费: 0.00, 风险度: 34.72%
    INFO - 日期: 2021-03-30, 账户权益: 1317968.22, 可用资金: 860350.62, 浮动盈亏: 142960.00, 持仓盈亏: 0.00, 平仓盈亏: 0.00, 市值: 0.00, 保证金: 457617.60, 手续费: 0.00, 风险度: 34.72%
    INFO - 日期: 2021-03-31, 账户权益: 1317059.34, 可用资金: 708755.34, 浮动盈亏: 142080.00, 持仓盈亏: -880.00, 平仓盈亏: 0.00, 市值: 0.00, 保证金: 608304.00, 手续费: 28.88, 风险度: 46.19%
    INFO - 日期: 2021-04-01, 账户权益: 1317310.46, 可用资金: 859692.86, 浮动盈亏: 142960.00, 持仓盈亏: 0.00, 平仓盈亏: 280.00, 市值: 0.00, 保证金: 457617.60, 手续费: 28.88, 风险度: 34.74%
    INFO - 日期: 2021-04-02, 账户权益: 1317310.46, 可用资金: 859692.86, 浮动盈亏: 142960.00, 持仓盈亏: 0.00, 平仓盈亏: 0.00, 市值: 0.00, 保证金: 457617.60, 手续费: 0.00, 风险度: 34.74%
    INFO - 日期: 2021-04-06, 账户权益: 1317310.46, 可用资金: 859692.86, 浮动盈亏: 142960.00, 持仓盈亏: 0.00, 平仓盈亏: 0.00, 市值: 0.00, 保证金: 457617.60, 手续费: 0.00, 风险度: 34.74%
    INFO - 日期: 2021-04-07, 账户权益: 1317310.46, 可用资金: 859692.86, 浮动盈亏: 142960.00, 持仓盈亏: 0.00, 平仓盈亏: 0.00, 市值: 0.00, 保证金: 457617.60, 手续费: 0.00, 风险度: 34.74%
    INFO - 日期: 2021-04-08, 账户权益: 1317310.46, 可用资金: 859692.86, 浮动盈亏: 142960.00, 持仓盈亏: 0.00, 平仓盈亏: 0.00, 市值: 0.00, 保证金: 457617.60, 手续费: 0.00, 风险度: 34.74%
    INFO - 日期: 2021-04-09, 账户权益: 1317310.46, 可用资金: 859692.86, 浮动盈亏: 142960.00, 持仓盈亏: 0.00, 平仓盈亏: 0.00, 市值: 0.00, 保证金: 457617.60, 手续费: 0.00, 风险度: 34.74%
    INFO - 日期: 2021-04-12, 账户权益: 1317310.46, 可用资金: 859692.86, 浮动盈亏: 142960.00, 持仓盈亏: 0.00, 平仓盈亏: 0.00, 市值: 0.00, 保证金: 457617.60, 手续费: 0.00, 风险度: 34.74%
    INFO - 日期: 2021-04-13, 账户权益: 1317310.46, 可用资金: 859692.86, 浮动盈亏: 142960.00, 持仓盈亏: 0.00, 平仓盈亏: 0.00, 市值: 0.00, 保证金: 457617.60, 手续费: 0.00, 风险度: 34.74%
    INFO - 日期: 2021-04-14, 账户权益: 1317310.46, 可用资金: 859692.86, 浮动盈亏: 142960.00, 持仓盈亏: 0.00, 平仓盈亏: 0.00, 市值: 0.00, 保证金: 457617.60, 手续费: 0.00, 风险度: 34.74%
    INFO - 日期: 2021-04-15, 账户权益: 1317310.46, 可用资金: 859692.86, 浮动盈亏: 142960.00, 持仓盈亏: 0.00, 平仓盈亏: 0.00, 市值: 0.00, 保证金: 457617.60, 手续费: 0.00, 风险度: 34.74%
    INFO - 日期: 2021-04-16, 账户权益: 1317310.46, 可用资金: 859692.86, 浮动盈亏: 142960.00, 持仓盈亏: 0.00, 平仓盈亏: 0.00, 市值: 0.00, 保证金: 457617.60, 手续费: 0.00, 风险度: 34.74%
    INFO - 日期: 2021-04-19, 账户权益: 1317310.46, 可用资金: 859692.86, 浮动盈亏: 142960.00, 持仓盈亏: 0.00, 平仓盈亏: 0.00, 市值: 0.00, 保证金: 457617.60, 手续费: 0.00, 风险度: 34.74%
    INFO - 日期: 2021-04-20, 账户权益: 1317310.46, 可用资金: 859692.86, 浮动盈亏: 142960.00, 持仓盈亏: 0.00, 平仓盈亏: 0.00, 市值: 0.00, 保证金: 457617.60, 手续费: 0.00, 风险度: 34.74%
    INFO - 日期: 2021-04-21, 账户权益: 1317310.46, 可用资金: 859692.86, 浮动盈亏: 142960.00, 持仓盈亏: 0.00, 平仓盈亏: 0.00, 市值: 0.00, 保证金: 457617.60, 手续费: 0.00, 风险度: 34.74%
    INFO - 日期: 2021-04-22, 账户权益: 1317310.46, 可用资金: 859692.86, 浮动盈亏: 142960.00, 持仓盈亏: 0.00, 平仓盈亏: 0.00, 市值: 0.00, 保证金: 457617.60, 手续费: 0.00, 风险度: 34.74%
    INFO - 日期: 2021-04-23, 账户权益: 1317310.46, 可用资金: 859692.86, 浮动盈亏: 142960.00, 持仓盈亏: 0.00, 平仓盈亏: 0.00, 市值: 0.00, 保证金: 457617.60, 手续费: 0.00, 风险度: 34.74%
    INFO - 日期: 2021-04-26, 账户权益: 1317310.46, 可用资金: 859692.86, 浮动盈亏: 142960.00, 持仓盈亏: 0.00, 平仓盈亏: 0.00, 市值: 0.00, 保证金: 457617.60, 手续费: 0.00, 风险度: 34.74%
    INFO - 日期: 2021-04-27, 账户权益: 1317310.46, 可用资金: 859692.86, 浮动盈亏: 142960.00, 持仓盈亏: 0.00, 平仓盈亏: 0.00, 市值: 0.00, 保证金: 457617.60, 手续费: 0.00, 风险度: 34.74%
    INFO - 日期: 2021-04-28, 账户权益: 1317310.46, 可用资金: 859692.86, 浮动盈亏: 142960.00, 持仓盈亏: 0.00, 平仓盈亏: 0.00, 市值: 0.00, 保证金: 457617.60, 手续费: 0.00, 风险度: 34.74%
    INFO - 日期: 2021-04-29, 账户权益: 1317310.46, 可用资金: 859692.86, 浮动盈亏: 142960.00, 持仓盈亏: 0.00, 平仓盈亏: 0.00, 市值: 0.00, 保证金: 457617.60, 手续费: 0.00, 风险度: 34.74%
    INFO - 日期: 2021-04-30, 账户权益: 1317310.46, 可用资金: 859692.86, 浮动盈亏: 142960.00, 持仓盈亏: 0.00, 平仓盈亏: 0.00, 市值: 0.00, 保证金: 457617.60, 手续费: 0.00, 风险度: 34.74%
    INFO - 日期: 2021-05-06, 账户权益: 1317310.46, 可用资金: 859692.86, 浮动盈亏: 142960.00, 持仓盈亏: 0.00, 平仓盈亏: 0.00, 市值: 0.00, 保证金: 457617.60, 手续费: 0.00, 风险度: 34.74%
    INFO - 日期: 2021-05-07, 账户权益: 1308640.27, 可用资金: 693520.27, 浮动盈亏: 134320.00, 持仓盈亏: -8640.00, 平仓盈亏: 0.00, 市值: 0.00, 保证金: 615120.00, 手续费: 30.19, 风险度: 47.00%
    INFO - 日期: 2021-05-10, 账户权益: 1311530.08, 可用资金: 853912.48, 浮动盈亏: 142960.00, 持仓盈亏: 0.00, 平仓盈亏: 2920.00, 市值: 0.00, 保证金: 457617.60, 手续费: 30.19, 风险度: 34.89%
    INFO - 日期: 2021-05-11, 账户权益: 1311530.08, 可用资金: 853912.48, 浮动盈亏: 142960.00, 持仓盈亏: 0.00, 平仓盈亏: 0.00, 市值: 0.00, 保证金: 457617.60, 手续费: 0.00, 风险度: 34.89%
    INFO - 日期: 2021-05-12, 账户权益: 1311530.08, 可用资金: 853912.48, 浮动盈亏: 142960.00, 持仓盈亏: 0.00, 平仓盈亏: 0.00, 市值: 0.00, 保证金: 457617.60, 手续费: 0.00, 风险度: 34.89%
    INFO - 日期: 2021-05-13, 账户权益: 1311530.08, 可用资金: 853912.48, 浮动盈亏: 142960.00, 持仓盈亏: 0.00, 平仓盈亏: 0.00, 市值: 0.00, 保证金: 457617.60, 手续费: 0.00, 风险度: 34.89%
    INFO - 日期: 2021-05-14, 账户权益: 1311530.08, 可用资金: 853912.48, 浮动盈亏: 142960.00, 持仓盈亏: 0.00, 平仓盈亏: 0.00, 市值: 0.00, 保证金: 457617.60, 手续费: 0.00, 风险度: 34.89%
    INFO - 日期: 2021-05-17, 账户权益: 1311530.08, 可用资金: 853912.48, 浮动盈亏: 142960.00, 持仓盈亏: 0.00, 平仓盈亏: 0.00, 市值: 0.00, 保证金: 457617.60, 手续费: 0.00, 风险度: 34.89%
    INFO - 日期: 2021-05-18, 账户权益: 1311530.08, 可用资金: 853912.48, 浮动盈亏: 142960.00, 持仓盈亏: 0.00, 平仓盈亏: 0.00, 市值: 0.00, 保证金: 457617.60, 手续费: 0.00, 风险度: 34.89%
    INFO - 日期: 2021-05-19, 账户权益: 1311530.08, 可用资金: 853912.48, 浮动盈亏: 142960.00, 持仓盈亏: 0.00, 平仓盈亏: 0.00, 市值: 0.00, 保证金: 457617.60, 手续费: 0.00, 风险度: 34.89%
    INFO - 日期: 2021-05-20, 账户权益: 1311530.08, 可用资金: 853912.48, 浮动盈亏: 142960.00, 持仓盈亏: 0.00, 平仓盈亏: 0.00, 市值: 0.00, 保证金: 457617.60, 手续费: 0.00, 风险度: 34.89%
    INFO - 日期: 2021-05-21, 账户权益: 1311530.08, 可用资金: 853912.48, 浮动盈亏: 142960.00, 持仓盈亏: 0.00, 平仓盈亏: 0.00, 市值: 0.00, 保证金: 457617.60, 手续费: 0.00, 风险度: 34.89%
    INFO - 日期: 2021-05-24, 账户权益: 1311530.08, 可用资金: 853912.48, 浮动盈亏: 142960.00, 持仓盈亏: 0.00, 平仓盈亏: 0.00, 市值: 0.00, 保证金: 457617.60, 手续费: 0.00, 风险度: 34.89%
    INFO - 日期: 2021-05-25, 账户权益: 1311530.08, 可用资金: 853912.48, 浮动盈亏: 142960.00, 持仓盈亏: 0.00, 平仓盈亏: 0.00, 市值: 0.00, 保证金: 457617.60, 手续费: 0.00, 风险度: 34.89%
    INFO - 日期: 2021-05-26, 账户权益: 1311530.08, 可用资金: 853912.48, 浮动盈亏: 142960.00, 持仓盈亏: 0.00, 平仓盈亏: 0.00, 市值: 0.00, 保证金: 457617.60, 手续费: 0.00, 风险度: 34.89%
    INFO - 日期: 2021-05-27, 账户权益: 1311530.08, 可用资金: 853912.48, 浮动盈亏: 142960.00, 持仓盈亏: 0.00, 平仓盈亏: 0.00, 市值: 0.00, 保证金: 457617.60, 手续费: 0.00, 风险度: 34.89%
    INFO - 日期: 2021-05-28, 账户权益: 1311530.08, 可用资金: 853912.48, 浮动盈亏: 142960.00, 持仓盈亏: 0.00, 平仓盈亏: 0.00, 市值: 0.00, 保证金: 457617.60, 手续费: 0.00, 风险度: 34.89%
    INFO - 日期: 2021-05-31, 账户权益: 1311530.08, 可用资金: 853912.48, 浮动盈亏: 142960.00, 持仓盈亏: 0.00, 平仓盈亏: 0.00, 市值: 0.00, 保证金: 457617.60, 手续费: 0.00, 风险度: 34.89%
    INFO - 日期: 2021-06-01, 账户权益: 1312699.67, 可用资金: 696408.47, 浮动盈亏: 144160.00, 持仓盈亏: 1200.00, 平仓盈亏: 0.00, 市值: 0.00, 保证金: 616291.20, 手续费: 30.41, 风险度: 46.95%
    INFO - 日期: 2021-06-02, 账户权益: 1306619.67, 可用资金: 690328.47, 浮动盈亏: 138080.00, 持仓盈亏: -6080.00, 平仓盈亏: 0.00, 市值: 0.00, 保证金: 616291.20, 手续费: 0.00, 风险度: 47.17%
    INFO - 日期: 2021-06-03, 账户权益: 1297819.67, 可用资金: 681528.47, 浮动盈亏: 129280.00, 持仓盈亏: -8800.00, 平仓盈亏: 0.00, 市值: 0.00, 保证金: 616291.20, 手续费: 0.00, 风险度: 47.49%
    INFO - 日期: 2021-06-04, 账户权益: 1311419.67, 可用资金: 695128.47, 浮动盈亏: 142880.00, 持仓盈亏: 13600.00, 平仓盈亏: 0.00, 市值: 0.00, 保证金: 616291.20, 手续费: 0.00, 风险度: 46.99%
    INFO - 日期: 2021-06-07, 账户权益: 1311539.67, 可用资金: 695248.47, 浮动盈亏: 143000.00, 持仓盈亏: 120.00, 平仓盈亏: 0.00, 市值: 0.00, 保证金: 616291.20, 手续费: 0.00, 风险度: 46.99%
    INFO - 日期: 2021-06-08, 账户权益: 1308219.67, 可用资金: 691928.47, 浮动盈亏: 139680.00, 持仓盈亏: -3320.00, 平仓盈亏: 0.00, 市值: 0.00, 保证金: 616291.20, 手续费: 0.00, 风险度: 47.11%
    INFO - 日期: 2021-06-09, 账户权益: 1309219.67, 可用资金: 692928.47, 浮动盈亏: 140680.00, 持仓盈亏: 1000.00, 平仓盈亏: 0.00, 市值: 0.00, 保证金: 616291.20, 手续费: 0.00, 风险度: 47.07%
    INFO - 日期: 2021-06-10, 账户权益: 1326859.67, 可用资金: 710568.47, 浮动盈亏: 158320.00, 持仓盈亏: 17640.00, 平仓盈亏: 0.00, 市值: 0.00, 保证金: 616291.20, 手续费: 0.00, 风险度: 46.45%
    INFO - 日期: 2021-06-11, 账户权益: 1322819.67, 可用资金: 706528.47, 浮动盈亏: 154280.00, 持仓盈亏: -4040.00, 平仓盈亏: 0.00, 市值: 0.00, 保证金: 616291.20, 手续费: 0.00, 风险度: 46.59%
    INFO - 日期: 2021-06-15, 账户权益: 1324149.26, 可用资金: 866531.66, 浮动盈亏: 142960.00, 持仓盈亏: 0.00, 平仓盈亏: 1360.00, 市值: 0.00, 保证金: 457617.60, 手续费: 30.41, 风险度: 34.56%
    INFO - 日期: 2021-06-16, 账户权益: 1324149.26, 可用资金: 866531.66, 浮动盈亏: 142960.00, 持仓盈亏: 0.00, 平仓盈亏: 0.00, 市值: 0.00, 保证金: 457617.60, 手续费: 0.00, 风险度: 34.56%
    INFO - 日期: 2021-06-17, 账户权益: 1324149.26, 可用资金: 866531.66, 浮动盈亏: 142960.00, 持仓盈亏: 0.00, 平仓盈亏: 0.00, 市值: 0.00, 保证金: 457617.60, 手续费: 0.00, 风险度: 34.56%
    INFO - 日期: 2021-06-18, 账户权益: 1324149.26, 可用资金: 866531.66, 浮动盈亏: 142960.00, 持仓盈亏: 0.00, 平仓盈亏: 0.00, 市值: 0.00, 保证金: 457617.60, 手续费: 0.00, 风险度: 34.56%
    INFO - 日期: 2021-06-21, 账户权益: 1324149.26, 可用资金: 866531.66, 浮动盈亏: 142960.00, 持仓盈亏: 0.00, 平仓盈亏: 0.00, 市值: 0.00, 保证金: 457617.60, 手续费: 0.00, 风险度: 34.56%
    INFO - 日期: 2021-06-22, 账户权益: 1327517.42, 可用资金: 703819.82, 浮动盈亏: 146360.00, 持仓盈亏: 3400.00, 平仓盈亏: 0.00, 市值: 0.00, 保证金: 623697.60, 手续费: 31.83, 风险度: 46.98%
    INFO - 日期: 2021-06-23, 账户权益: 1342917.42, 可用资金: 719219.82, 浮动盈亏: 161760.00, 持仓盈亏: 15400.00, 平仓盈亏: 0.00, 市值: 0.00, 保证金: 623697.60, 手续费: 0.00, 风险度: 46.44%
    INFO - 日期: 2021-06-24, 账户权益: 1339797.42, 可用资金: 716099.82, 浮动盈亏: 158640.00, 持仓盈亏: -3120.00, 平仓盈亏: 0.00, 市值: 0.00, 保证金: 623697.60, 手续费: 0.00, 风险度: 46.55%
    INFO - 日期: 2021-06-25, 账户权益: 1337805.59, 可用资金: 880187.99, 浮动盈亏: 142960.00, 持仓盈亏: 0.00, 平仓盈亏: -1960.00, 市值: 0.00, 保证金: 457617.60, 手续费: 31.83, 风险度: 34.21%
    INFO - 日期: 2021-06-28, 账户权益: 1337805.59, 可用资金: 880187.99, 浮动盈亏: 142960.00, 持仓盈亏: 0.00, 平仓盈亏: 0.00, 市值: 0.00, 保证金: 457617.60, 手续费: 0.00, 风险度: 34.21%
    INFO - 日期: 2021-06-29, 账户权益: 1337805.59, 可用资金: 880187.99, 浮动盈亏: 142960.00, 持仓盈亏: 0.00, 平仓盈亏: 0.00, 市值: 0.00, 保证金: 457617.60, 手续费: 0.00, 风险度: 34.21%
    INFO - 日期: 2021-06-30, 账户权益: 1337805.59, 可用资金: 880187.99, 浮动盈亏: 142960.00, 持仓盈亏: 0.00, 平仓盈亏: 0.00, 市值: 0.00, 保证金: 457617.60, 手续费: 0.00, 风险度: 34.21%
    INFO - 日期: 2021-07-01, 账户权益: 1337805.59, 可用资金: 880187.99, 浮动盈亏: 142960.00, 持仓盈亏: 0.00, 平仓盈亏: 0.00, 市值: 0.00, 保证金: 457617.60, 手续费: 0.00, 风险度: 34.21%
    INFO - 日期: 2021-07-02, 账户权益: 1337805.59, 可用资金: 880187.99, 浮动盈亏: 142960.00, 持仓盈亏: 0.00, 平仓盈亏: 0.00, 市值: 0.00, 保证金: 457617.60, 手续费: 0.00, 风险度: 34.21%
    INFO - 日期: 2021-07-05, 账户权益: 1337805.59, 可用资金: 880187.99, 浮动盈亏: 142960.00, 持仓盈亏: 0.00, 平仓盈亏: 0.00, 市值: 0.00, 保证金: 457617.60, 手续费: 0.00, 风险度: 34.21%
    INFO - 日期: 2021-07-06, 账户权益: 1337805.59, 可用资金: 880187.99, 浮动盈亏: 142960.00, 持仓盈亏: 0.00, 平仓盈亏: 0.00, 市值: 0.00, 保证金: 457617.60, 手续费: 0.00, 风险度: 34.21%
    INFO - 日期: 2021-07-07, 账户权益: 1337805.59, 可用资金: 880187.99, 浮动盈亏: 142960.00, 持仓盈亏: 0.00, 平仓盈亏: 0.00, 市值: 0.00, 保证金: 457617.60, 手续费: 0.00, 风险度: 34.21%
    INFO - 日期: 2021-07-08, 账户权益: 1337805.59, 可用资金: 880187.99, 浮动盈亏: 142960.00, 持仓盈亏: 0.00, 平仓盈亏: 0.00, 市值: 0.00, 保证金: 457617.60, 手续费: 0.00, 风险度: 34.21%
    INFO - 日期: 2021-07-09, 账户权益: 1337805.59, 可用资金: 880187.99, 浮动盈亏: 142960.00, 持仓盈亏: 0.00, 平仓盈亏: 0.00, 市值: 0.00, 保证金: 457617.60, 手续费: 0.00, 风险度: 34.21%
    INFO - 日期: 2021-07-12, 账户权益: 1337805.59, 可用资金: 880187.99, 浮动盈亏: 142960.00, 持仓盈亏: 0.00, 平仓盈亏: 0.00, 市值: 0.00, 保证金: 457617.60, 手续费: 0.00, 风险度: 34.21%
    INFO - 日期: 2021-07-13, 账户权益: 1337805.59, 可用资金: 880187.99, 浮动盈亏: 142960.00, 持仓盈亏: 0.00, 平仓盈亏: 0.00, 市值: 0.00, 保证金: 457617.60, 手续费: 0.00, 风险度: 34.21%
    INFO - 日期: 2021-07-14, 账户权益: 1337805.59, 可用资金: 880187.99, 浮动盈亏: 142960.00, 持仓盈亏: 0.00, 平仓盈亏: 0.00, 市值: 0.00, 保证金: 457617.60, 手续费: 0.00, 风险度: 34.21%
    INFO - 日期: 2021-07-15, 账户权益: 1337805.59, 可用资金: 880187.99, 浮动盈亏: 142960.00, 持仓盈亏: 0.00, 平仓盈亏: 0.00, 市值: 0.00, 保证金: 457617.60, 手续费: 0.00, 风险度: 34.21%
    INFO - 日期: 2021-07-16, 账户权益: 1337805.59, 可用资金: 880187.99, 浮动盈亏: 142960.00, 持仓盈亏: 0.00, 平仓盈亏: 0.00, 市值: 0.00, 保证金: 457617.60, 手续费: 0.00, 风险度: 34.21%
    INFO - 日期: 2021-07-19, 账户权益: 1337805.59, 可用资金: 880187.99, 浮动盈亏: 142960.00, 持仓盈亏: 0.00, 平仓盈亏: 0.00, 市值: 0.00, 保证金: 457617.60, 手续费: 0.00, 风险度: 34.21%
    INFO - 日期: 2021-07-20, 账户权益: 1337805.59, 可用资金: 880187.99, 浮动盈亏: 142960.00, 持仓盈亏: 0.00, 平仓盈亏: 0.00, 市值: 0.00, 保证金: 457617.60, 手续费: 0.00, 风险度: 34.21%
    INFO - 日期: 2021-07-21, 账户权益: 1337805.59, 可用资金: 880187.99, 浮动盈亏: 142960.00, 持仓盈亏: 0.00, 平仓盈亏: 0.00, 市值: 0.00, 保证金: 457617.60, 手续费: 0.00, 风险度: 34.21%
    INFO - 日期: 2021-07-22, 账户权益: 1337805.59, 可用资金: 880187.99, 浮动盈亏: 142960.00, 持仓盈亏: 0.00, 平仓盈亏: 0.00, 市值: 0.00, 保证金: 457617.60, 手续费: 0.00, 风险度: 34.21%
    INFO - 日期: 2021-07-23, 账户权益: 1337805.59, 可用资金: 880187.99, 浮动盈亏: 142960.00, 持仓盈亏: 0.00, 平仓盈亏: 0.00, 市值: 0.00, 保证金: 457617.60, 手续费: 0.00, 风险度: 34.21%
    INFO - 日期: 2021-07-26, 账户权益: 1337805.59, 可用资金: 880187.99, 浮动盈亏: 142960.00, 持仓盈亏: 0.00, 平仓盈亏: 0.00, 市值: 0.00, 保证金: 457617.60, 手续费: 0.00, 风险度: 34.21%
    INFO - 日期: 2021-07-27, 账户权益: 1337805.59, 可用资金: 880187.99, 浮动盈亏: 142960.00, 持仓盈亏: 0.00, 平仓盈亏: 0.00, 市值: 0.00, 保证金: 457617.60, 手续费: 0.00, 风险度: 34.21%
    INFO - 日期: 2021-07-28, 账户权益: 1337805.59, 可用资金: 880187.99, 浮动盈亏: 142960.00, 持仓盈亏: 0.00, 平仓盈亏: 0.00, 市值: 0.00, 保证金: 457617.60, 手续费: 0.00, 风险度: 34.21%
    INFO - 日期: 2021-07-29, 账户权益: 1337805.59, 可用资金: 880187.99, 浮动盈亏: 142960.00, 持仓盈亏: 0.00, 平仓盈亏: 0.00, 市值: 0.00, 保证金: 457617.60, 手续费: 0.00, 风险度: 34.21%
    INFO - 日期: 2021-07-30, 账户权益: 1337805.59, 可用资金: 880187.99, 浮动盈亏: 142960.00, 持仓盈亏: 0.00, 平仓盈亏: 0.00, 市值: 0.00, 保证金: 457617.60, 手续费: 0.00, 风险度: 34.21%
    INFO - 日期: 2021-08-02, 账户权益: 1337805.59, 可用资金: 880187.99, 浮动盈亏: 142960.00, 持仓盈亏: 0.00, 平仓盈亏: 0.00, 市值: 0.00, 保证金: 457617.60, 手续费: 0.00, 风险度: 34.21%
    INFO - 日期: 2021-08-03, 账户权益: 1337805.59, 可用资金: 880187.99, 浮动盈亏: 142960.00, 持仓盈亏: 0.00, 平仓盈亏: 0.00, 市值: 0.00, 保证金: 457617.60, 手续费: 0.00, 风险度: 34.21%
    INFO - 日期: 2021-08-04, 账户权益: 1337805.59, 可用资金: 880187.99, 浮动盈亏: 142960.00, 持仓盈亏: 0.00, 平仓盈亏: 0.00, 市值: 0.00, 保证金: 457617.60, 手续费: 0.00, 风险度: 34.21%
    INFO - 日期: 2021-08-05, 账户权益: 1340253.66, 可用资金: 716056.86, 浮动盈亏: 145440.00, 持仓盈亏: 2480.00, 平仓盈亏: 0.00, 市值: 0.00, 保证金: 624196.80, 手续费: 31.93, 风险度: 46.57%
    INFO - 日期: 2021-08-06, 账户权益: 1346413.66, 可用资金: 722216.86, 浮动盈亏: 151600.00, 持仓盈亏: 6160.00, 平仓盈亏: 0.00, 市值: 0.00, 保证金: 624196.80, 手续费: 0.00, 风险度: 46.36%
    INFO - 日期: 2021-08-09, 账户权益: 1349533.66, 可用资金: 725336.86, 浮动盈亏: 154720.00, 持仓盈亏: 3120.00, 平仓盈亏: 0.00, 市值: 0.00, 保证金: 624196.80, 手续费: 0.00, 风险度: 46.25%
    INFO - 日期: 2021-08-10, 账户权益: 1359493.66, 可用资金: 735296.86, 浮动盈亏: 164680.00, 持仓盈亏: 9960.00, 平仓盈亏: 0.00, 市值: 0.00, 保证金: 624196.80, 手续费: 0.00, 风险度: 45.91%
    INFO - 日期: 2021-08-11, 账户权益: 1366013.66, 可用资金: 741816.86, 浮动盈亏: 171200.00, 持仓盈亏: 6520.00, 平仓盈亏: 0.00, 市值: 0.00, 保证金: 624196.80, 手续费: 0.00, 风险度: 45.69%
    INFO - 日期: 2021-08-12, 账户权益: 1377693.66, 可用资金: 753496.86, 浮动盈亏: 182880.00, 持仓盈亏: 11680.00, 平仓盈亏: 0.00, 市值: 0.00, 保证金: 624196.80, 手续费: 0.00, 风险度: 45.31%
    INFO - 日期: 2021-08-13, 账户权益: 1382773.66, 可用资金: 758576.86, 浮动盈亏: 187960.00, 持仓盈亏: 5080.00, 平仓盈亏: 0.00, 市值: 0.00, 保证金: 624196.80, 手续费: 0.00, 风险度: 45.14%
    INFO - 日期: 2021-08-16, 账户权益: 1381541.74, 可用资金: 923924.14, 浮动盈亏: 142960.00, 持仓盈亏: 0.00, 平仓盈亏: -1200.00, 市值: 0.00, 保证金: 457617.60, 手续费: 31.93, 风险度: 33.12%
    INFO - 日期: 2021-08-17, 账户权益: 1381541.74, 可用资金: 923924.14, 浮动盈亏: 142960.00, 持仓盈亏: 0.00, 平仓盈亏: 0.00, 市值: 0.00, 保证金: 457617.60, 手续费: 0.00, 风险度: 33.12%
    INFO - 日期: 2021-08-18, 账户权益: 1381541.74, 可用资金: 923924.14, 浮动盈亏: 142960.00, 持仓盈亏: 0.00, 平仓盈亏: 0.00, 市值: 0.00, 保证金: 457617.60, 手续费: 0.00, 风险度: 33.12%
    INFO - 日期: 2021-08-19, 账户权益: 1388147.41, 可用资金: 751456.21, 浮动盈亏: 149600.00, 持仓盈亏: 6640.00, 平仓盈亏: 0.00, 市值: 0.00, 保证金: 636691.20, 手续费: 34.32, 风险度: 45.87%
    INFO - 日期: 2021-08-20, 账户权益: 1383507.41, 可用资金: 746816.21, 浮动盈亏: 144960.00, 持仓盈亏: -4640.00, 平仓盈亏: 0.00, 市值: 0.00, 保证金: 636691.20, 手续费: 0.00, 风险度: 46.02%
    INFO - 日期: 2021-08-23, 账户权益: 1400507.41, 可用资金: 763816.21, 浮动盈亏: 161960.00, 持仓盈亏: 17000.00, 平仓盈亏: 0.00, 市值: 0.00, 保证金: 636691.20, 手续费: 0.00, 风险度: 45.46%
    INFO - 日期: 2021-08-24, 账户权益: 1416027.41, 可用资金: 779336.21, 浮动盈亏: 177480.00, 持仓盈亏: 15520.00, 平仓盈亏: 0.00, 市值: 0.00, 保证金: 636691.20, 手续费: 0.00, 风险度: 44.96%
    INFO - 日期: 2021-08-25, 账户权益: 1423467.41, 可用资金: 786776.21, 浮动盈亏: 184920.00, 持仓盈亏: 7440.00, 平仓盈亏: 0.00, 市值: 0.00, 保证金: 636691.20, 手续费: 0.00, 风险度: 44.73%
    INFO - 日期: 2021-08-26, 账户权益: 1423387.41, 可用资金: 786696.21, 浮动盈亏: 184840.00, 持仓盈亏: -80.00, 平仓盈亏: 0.00, 市值: 0.00, 保证金: 636691.20, 手续费: 0.00, 风险度: 44.73%
    INFO - 日期: 2021-08-27, 账户权益: 1432507.41, 可用资金: 795816.21, 浮动盈亏: 193960.00, 持仓盈亏: 9120.00, 平仓盈亏: 0.00, 市值: 0.00, 保证金: 636691.20, 手续费: 0.00, 风险度: 44.45%
    INFO - 日期: 2021-08-30, 账户权益: 1435787.41, 可用资金: 799096.21, 浮动盈亏: 197240.00, 持仓盈亏: 3280.00, 平仓盈亏: 0.00, 市值: 0.00, 保证金: 636691.20, 手续费: 0.00, 风险度: 44.34%
    INFO - 日期: 2021-08-31, 账户权益: 1442187.41, 可用资金: 805496.21, 浮动盈亏: 203640.00, 持仓盈亏: 6400.00, 平仓盈亏: 0.00, 市值: 0.00, 保证金: 636691.20, 手续费: 0.00, 风险度: 44.15%
    INFO - 日期: 2021-09-01, 账户权益: 1434947.41, 可用资金: 798256.21, 浮动盈亏: 196400.00, 持仓盈亏: -7240.00, 平仓盈亏: 0.00, 市值: 0.00, 保证金: 636691.20, 手续费: 0.00, 风险度: 44.37%
    INFO - 日期: 2021-09-02, 账户权益: 1454907.41, 可用资金: 818216.21, 浮动盈亏: 216360.00, 持仓盈亏: 19960.00, 平仓盈亏: 0.00, 市值: 0.00, 保证金: 636691.20, 手续费: 0.00, 风险度: 43.76%
    INFO - 日期: 2021-09-03, 账户权益: 1454547.41, 可用资金: 817856.21, 浮动盈亏: 216000.00, 持仓盈亏: -360.00, 平仓盈亏: 0.00, 市值: 0.00, 保证金: 636691.20, 手续费: 0.00, 风险度: 43.77%
    INFO - 日期: 2021-09-06, 账户权益: 1462867.41, 可用资金: 826176.21, 浮动盈亏: 224320.00, 持仓盈亏: 8320.00, 平仓盈亏: 0.00, 市值: 0.00, 保证金: 636691.20, 手续费: 0.00, 风险度: 43.52%
    INFO - 日期: 2021-09-07, 账户权益: 1500107.41, 可用资金: 863416.21, 浮动盈亏: 261560.00, 持仓盈亏: 37240.00, 平仓盈亏: 0.00, 市值: 0.00, 保证金: 636691.20, 手续费: 0.00, 风险度: 42.44%
    INFO - 日期: 2021-09-08, 账户权益: 1507627.41, 可用资金: 870936.21, 浮动盈亏: 269080.00, 持仓盈亏: 7520.00, 平仓盈亏: 0.00, 市值: 0.00, 保证金: 636691.20, 手续费: 0.00, 风险度: 42.23%
    INFO - 日期: 2021-09-09, 账户权益: 1523307.41, 可用资金: 886616.21, 浮动盈亏: 284760.00, 持仓盈亏: 15680.00, 平仓盈亏: 0.00, 市值: 0.00, 保证金: 636691.20, 手续费: 0.00, 风险度: 41.80%
    INFO - 日期: 2021-09-10, 账户权益: 1529907.41, 可用资金: 893216.21, 浮动盈亏: 291360.00, 持仓盈亏: 6600.00, 平仓盈亏: 0.00, 市值: 0.00, 保证金: 636691.20, 手续费: 0.00, 风险度: 41.62%
    INFO - 日期: 2021-09-13, 账户权益: 1530427.41, 可用资金: 893736.21, 浮动盈亏: 291880.00, 持仓盈亏: 520.00, 平仓盈亏: 0.00, 市值: 0.00, 保证金: 636691.20, 手续费: 0.00, 风险度: 41.60%
    INFO - 日期: 2021-09-14, 账户权益: 1520187.41, 可用资金: 883496.21, 浮动盈亏: 281640.00, 持仓盈亏: -10240.00, 平仓盈亏: 0.00, 市值: 0.00, 保证金: 636691.20, 手续费: 0.00, 风险度: 41.88%
    INFO - 日期: 2021-09-15, 账户权益: 1519953.09, 可用资金: 1062335.49, 浮动盈亏: 142960.00, 持仓盈亏: 0.00, 平仓盈亏: -200.00, 市值: 0.00, 保证金: 457617.60, 手续费: 34.32, 风险度: 30.11%
    INFO - 日期: 2021-09-16, 账户权益: 1480760.81, 可用资金: 854711.21, 浮动盈亏: 103800.00, 持仓盈亏: -39160.00, 平仓盈亏: 0.00, 市值: 0.00, 保证金: 626049.60, 手续费: 32.28, 风险度: 42.28%
    INFO - 日期: 2021-09-17, 账户权益: 1472280.81, 可用资金: 846231.21, 浮动盈亏: 95320.00, 持仓盈亏: -8480.00, 平仓盈亏: 0.00, 市值: 0.00, 保证金: 626049.60, 手续费: 0.00, 风险度: 42.52%
    INFO - 日期: 2021-09-22, 账户权益: 1485240.81, 可用资金: 859191.21, 浮动盈亏: 108280.00, 持仓盈亏: 12960.00, 平仓盈亏: 0.00, 市值: 0.00, 保证金: 626049.60, 手续费: 0.00, 风险度: 42.15%
    INFO - 日期: 2021-09-23, 账户权益: 1493080.81, 可用资金: 867031.21, 浮动盈亏: 116120.00, 持仓盈亏: 7840.00, 平仓盈亏: 0.00, 市值: 0.00, 保证金: 626049.60, 手续费: 0.00, 风险度: 41.93%
    INFO - 日期: 2021-09-24, 账户权益: 1482080.81, 可用资金: 856031.21, 浮动盈亏: 105120.00, 持仓盈亏: -11000.00, 平仓盈亏: 0.00, 市值: 0.00, 保证金: 626049.60, 手续费: 0.00, 风险度: 42.24%
    INFO - 日期: 2021-09-27, 账户权益: 1486008.53, 可用资金: 1028390.93, 浮动盈亏: 142960.00, 持仓盈亏: 0.00, 平仓盈亏: 3960.00, 市值: 0.00, 保证金: 457617.60, 手续费: 32.28, 风险度: 30.80%
    INFO - 日期: 2021-09-28, 账户权益: 1486008.53, 可用资金: 1028390.93, 浮动盈亏: 142960.00, 持仓盈亏: 0.00, 平仓盈亏: 0.00, 市值: 0.00, 保证金: 457617.60, 手续费: 0.00, 风险度: 30.80%
    INFO - 日期: 2021-09-29, 账户权益: 1486008.53, 可用资金: 1028390.93, 浮动盈亏: 142960.00, 持仓盈亏: 0.00, 平仓盈亏: 0.00, 市值: 0.00, 保证金: 457617.60, 手续费: 0.00, 风险度: 30.80%
    INFO - 日期: 2021-09-30, 账户权益: 1486008.53, 可用资金: 1028390.93, 浮动盈亏: 142960.00, 持仓盈亏: 0.00, 平仓盈亏: 0.00, 市值: 0.00, 保证金: 457617.60, 手续费: 0.00, 风险度: 30.80%
    INFO - 日期: 2021-10-08, 账户权益: 1486008.53, 可用资金: 1028390.93, 浮动盈亏: 142960.00, 持仓盈亏: 0.00, 平仓盈亏: 0.00, 市值: 0.00, 保证金: 457617.60, 手续费: 0.00, 风险度: 30.80%
    INFO - 日期: 2021-10-11, 账户权益: 1486008.53, 可用资金: 1028390.93, 浮动盈亏: 142960.00, 持仓盈亏: 0.00, 平仓盈亏: 0.00, 市值: 0.00, 保证金: 457617.60, 手续费: 0.00, 风险度: 30.80%
    INFO - 日期: 2021-10-12, 账户权益: 1486008.53, 可用资金: 1028390.93, 浮动盈亏: 142960.00, 持仓盈亏: 0.00, 平仓盈亏: 0.00, 市值: 0.00, 保证金: 457617.60, 手续费: 0.00, 风险度: 30.80%
    INFO - 日期: 2021-10-13, 账户权益: 1486008.53, 可用资金: 1028390.93, 浮动盈亏: 142960.00, 持仓盈亏: 0.00, 平仓盈亏: 0.00, 市值: 0.00, 保证金: 457617.60, 手续费: 0.00, 风险度: 30.80%
    INFO - 日期: 2021-10-14, 账户权益: 1486008.53, 可用资金: 1028390.93, 浮动盈亏: 142960.00, 持仓盈亏: 0.00, 平仓盈亏: 0.00, 市值: 0.00, 保证金: 457617.60, 手续费: 0.00, 风险度: 30.80%
    INFO - 日期: 2021-10-15, 账户权益: 1486008.53, 可用资金: 1028390.93, 浮动盈亏: 142960.00, 持仓盈亏: 0.00, 平仓盈亏: 0.00, 市值: 0.00, 保证金: 457617.60, 手续费: 0.00, 风险度: 30.80%
    INFO - 日期: 2021-10-18, 账户权益: 1486008.53, 可用资金: 1028390.93, 浮动盈亏: 142960.00, 持仓盈亏: 0.00, 平仓盈亏: 0.00, 市值: 0.00, 保证金: 457617.60, 手续费: 0.00, 风险度: 30.80%
    INFO - 日期: 2021-10-19, 账户权益: 1486008.53, 可用资金: 1028390.93, 浮动盈亏: 142960.00, 持仓盈亏: 0.00, 平仓盈亏: 0.00, 市值: 0.00, 保证金: 457617.60, 手续费: 0.00, 风险度: 30.80%
    INFO - 日期: 2021-10-20, 账户权益: 1486008.53, 可用资金: 1028390.93, 浮动盈亏: 142960.00, 持仓盈亏: 0.00, 平仓盈亏: 0.00, 市值: 0.00, 保证金: 457617.60, 手续费: 0.00, 风险度: 30.80%
    INFO - 日期: 2021-10-21, 账户权益: 1486008.53, 可用资金: 1028390.93, 浮动盈亏: 142960.00, 持仓盈亏: 0.00, 平仓盈亏: 0.00, 市值: 0.00, 保证金: 457617.60, 手续费: 0.00, 风险度: 30.80%
    INFO - 日期: 2021-10-22, 账户权益: 1486008.53, 可用资金: 1028390.93, 浮动盈亏: 142960.00, 持仓盈亏: 0.00, 平仓盈亏: 0.00, 市值: 0.00, 保证金: 457617.60, 手续费: 0.00, 风险度: 30.80%
    INFO - 日期: 2021-10-25, 账户权益: 1486008.53, 可用资金: 1028390.93, 浮动盈亏: 142960.00, 持仓盈亏: 0.00, 平仓盈亏: 0.00, 市值: 0.00, 保证金: 457617.60, 手续费: 0.00, 风险度: 30.80%
    INFO - 日期: 2021-10-26, 账户权益: 1486008.53, 可用资金: 1028390.93, 浮动盈亏: 142960.00, 持仓盈亏: 0.00, 平仓盈亏: 0.00, 市值: 0.00, 保证金: 457617.60, 手续费: 0.00, 风险度: 30.80%
    INFO - 日期: 2021-10-27, 账户权益: 1486008.53, 可用资金: 1028390.93, 浮动盈亏: 142960.00, 持仓盈亏: 0.00, 平仓盈亏: 0.00, 市值: 0.00, 保证金: 457617.60, 手续费: 0.00, 风险度: 30.80%
    INFO - 日期: 2021-10-28, 账户权益: 1486008.53, 可用资金: 1028390.93, 浮动盈亏: 142960.00, 持仓盈亏: 0.00, 平仓盈亏: 0.00, 市值: 0.00, 保证金: 457617.60, 手续费: 0.00, 风险度: 30.80%
    INFO - 日期: 2021-10-29, 账户权益: 1486008.53, 可用资金: 1028390.93, 浮动盈亏: 142960.00, 持仓盈亏: 0.00, 平仓盈亏: 0.00, 市值: 0.00, 保证金: 457617.60, 手续费: 0.00, 风险度: 30.80%
    INFO - 日期: 2021-11-01, 账户权益: 1486008.53, 可用资金: 1028390.93, 浮动盈亏: 142960.00, 持仓盈亏: 0.00, 平仓盈亏: 0.00, 市值: 0.00, 保证金: 457617.60, 手续费: 0.00, 风险度: 30.80%
    INFO - 日期: 2021-11-02, 账户权益: 1486008.53, 可用资金: 1028390.93, 浮动盈亏: 142960.00, 持仓盈亏: 0.00, 平仓盈亏: 0.00, 市值: 0.00, 保证金: 457617.60, 手续费: 0.00, 风险度: 30.80%
    INFO - 日期: 2021-11-03, 账户权益: 1486008.53, 可用资金: 1028390.93, 浮动盈亏: 142960.00, 持仓盈亏: 0.00, 平仓盈亏: 0.00, 市值: 0.00, 保证金: 457617.60, 手续费: 0.00, 风险度: 30.80%
    INFO - 日期: 2021-11-04, 账户权益: 1486008.53, 可用资金: 1028390.93, 浮动盈亏: 142960.00, 持仓盈亏: 0.00, 平仓盈亏: 0.00, 市值: 0.00, 保证金: 457617.60, 手续费: 0.00, 风险度: 30.80%
    INFO - 日期: 2021-11-05, 账户权益: 1486008.53, 可用资金: 1028390.93, 浮动盈亏: 142960.00, 持仓盈亏: 0.00, 平仓盈亏: 0.00, 市值: 0.00, 保证金: 457617.60, 手续费: 0.00, 风险度: 30.80%
    INFO - 日期: 2021-11-08, 账户权益: 1486008.53, 可用资金: 1028390.93, 浮动盈亏: 142960.00, 持仓盈亏: 0.00, 平仓盈亏: 0.00, 市值: 0.00, 保证金: 457617.60, 手续费: 0.00, 风险度: 30.80%
    INFO - 日期: 2021-11-09, 账户权益: 1486008.53, 可用资金: 1028390.93, 浮动盈亏: 142960.00, 持仓盈亏: 0.00, 平仓盈亏: 0.00, 市值: 0.00, 保证金: 457617.60, 手续费: 0.00, 风险度: 30.80%
    INFO - 日期: 2021-11-10, 账户权益: 1486008.53, 可用资金: 1028390.93, 浮动盈亏: 142960.00, 持仓盈亏: 0.00, 平仓盈亏: 0.00, 市值: 0.00, 保证金: 457617.60, 手续费: 0.00, 风险度: 30.80%
    INFO - 日期: 2021-11-11, 账户权益: 1486008.53, 可用资金: 1028390.93, 浮动盈亏: 142960.00, 持仓盈亏: 0.00, 平仓盈亏: 0.00, 市值: 0.00, 保证金: 457617.60, 手续费: 0.00, 风险度: 30.80%
    INFO - 日期: 2021-11-12, 账户权益: 1486008.53, 可用资金: 1028390.93, 浮动盈亏: 142960.00, 持仓盈亏: 0.00, 平仓盈亏: 0.00, 市值: 0.00, 保证金: 457617.60, 手续费: 0.00, 风险度: 30.80%
    INFO - 日期: 2021-11-15, 账户权益: 1486008.53, 可用资金: 1028390.93, 浮动盈亏: 142960.00, 持仓盈亏: 0.00, 平仓盈亏: 0.00, 市值: 0.00, 保证金: 457617.60, 手续费: 0.00, 风险度: 30.80%
    INFO - 日期: 2021-11-16, 账户权益: 1486008.53, 可用资金: 1028390.93, 浮动盈亏: 142960.00, 持仓盈亏: 0.00, 平仓盈亏: 0.00, 市值: 0.00, 保证金: 457617.60, 手续费: 0.00, 风险度: 30.80%
    INFO - 日期: 2021-11-17, 账户权益: 1486008.53, 可用资金: 1028390.93, 浮动盈亏: 142960.00, 持仓盈亏: 0.00, 平仓盈亏: 0.00, 市值: 0.00, 保证金: 457617.60, 手续费: 0.00, 风险度: 30.80%
    INFO - 日期: 2021-11-18, 账户权益: 1486008.53, 可用资金: 1028390.93, 浮动盈亏: 142960.00, 持仓盈亏: 0.00, 平仓盈亏: 0.00, 市值: 0.00, 保证金: 457617.60, 手续费: 0.00, 风险度: 30.80%
    INFO - 日期: 2021-11-19, 账户权益: 1486008.53, 可用资金: 1028390.93, 浮动盈亏: 142960.00, 持仓盈亏: 0.00, 平仓盈亏: 0.00, 市值: 0.00, 保证金: 457617.60, 手续费: 0.00, 风险度: 30.80%
    INFO - 日期: 2021-11-22, 账户权益: 1486008.53, 可用资金: 1028390.93, 浮动盈亏: 142960.00, 持仓盈亏: 0.00, 平仓盈亏: 0.00, 市值: 0.00, 保证金: 457617.60, 手续费: 0.00, 风险度: 30.80%
    INFO - 日期: 2021-11-23, 账户权益: 1486008.53, 可用资金: 1028390.93, 浮动盈亏: 142960.00, 持仓盈亏: 0.00, 平仓盈亏: 0.00, 市值: 0.00, 保证金: 457617.60, 手续费: 0.00, 风险度: 30.80%
    INFO - 日期: 2021-11-24, 账户权益: 1486008.53, 可用资金: 1028390.93, 浮动盈亏: 142960.00, 持仓盈亏: 0.00, 平仓盈亏: 0.00, 市值: 0.00, 保证金: 457617.60, 手续费: 0.00, 风险度: 30.80%
    INFO - 日期: 2021-11-25, 账户权益: 1486008.53, 可用资金: 1028390.93, 浮动盈亏: 142960.00, 持仓盈亏: 0.00, 平仓盈亏: 0.00, 市值: 0.00, 保证金: 457617.60, 手续费: 0.00, 风险度: 30.80%
    INFO - 日期: 2021-11-26, 账户权益: 1486008.53, 可用资金: 1028390.93, 浮动盈亏: 142960.00, 持仓盈亏: 0.00, 平仓盈亏: 0.00, 市值: 0.00, 保证金: 457617.60, 手续费: 0.00, 风险度: 30.80%
    INFO - 日期: 2021-11-29, 账户权益: 1486008.53, 可用资金: 1028390.93, 浮动盈亏: 142960.00, 持仓盈亏: 0.00, 平仓盈亏: 0.00, 市值: 0.00, 保证金: 457617.60, 手续费: 0.00, 风险度: 30.80%
    INFO - 日期: 2021-11-30, 账户权益: 1486008.53, 可用资金: 1028390.93, 浮动盈亏: 142960.00, 持仓盈亏: 0.00, 平仓盈亏: 0.00, 市值: 0.00, 保证金: 457617.60, 手续费: 0.00, 风险度: 30.80%
    INFO - 日期: 2021-12-01, 账户权益: 1486008.53, 可用资金: 1028390.93, 浮动盈亏: 142960.00, 持仓盈亏: 0.00, 平仓盈亏: 0.00, 市值: 0.00, 保证金: 457617.60, 手续费: 0.00, 风险度: 30.80%
    INFO - 日期: 2021-12-02, 账户权益: 1486008.53, 可用资金: 1028390.93, 浮动盈亏: 142960.00, 持仓盈亏: 0.00, 平仓盈亏: 0.00, 市值: 0.00, 保证金: 457617.60, 手续费: 0.00, 风险度: 30.80%
    INFO - 日期: 2021-12-03, 账户权益: 1486008.53, 可用资金: 1028390.93, 浮动盈亏: 142960.00, 持仓盈亏: 0.00, 平仓盈亏: 0.00, 市值: 0.00, 保证金: 457617.60, 手续费: 0.00, 风险度: 30.80%
    INFO - 日期: 2021-12-06, 账户权益: 1486008.53, 可用资金: 1028390.93, 浮动盈亏: 142960.00, 持仓盈亏: 0.00, 平仓盈亏: 0.00, 市值: 0.00, 保证金: 457617.60, 手续费: 0.00, 风险度: 30.80%
    INFO - 日期: 2021-12-07, 账户权益: 1473254.60, 可用资金: 838608.20, 浮动盈亏: 130240.00, 持仓盈亏: -12720.00, 平仓盈亏: 0.00, 市值: 0.00, 保证金: 634646.40, 手续费: 33.93, 风险度: 43.08%
    INFO - 日期: 2021-12-08, 账户权益: 1493334.60, 可用资金: 858688.20, 浮动盈亏: 150320.00, 持仓盈亏: 20080.00, 平仓盈亏: 0.00, 市值: 0.00, 保证金: 634646.40, 手续费: 0.00, 风险度: 42.50%
    INFO - 日期: 2021-12-09, 账户权益: 1498294.60, 可用资金: 863648.20, 浮动盈亏: 155280.00, 持仓盈亏: 4960.00, 平仓盈亏: 0.00, 市值: 0.00, 保证金: 634646.40, 手续费: 0.00, 风险度: 42.36%
    INFO - 日期: 2021-12-10, 账户权益: 1495380.67, 可用资金: 1037763.07, 浮动盈亏: 142960.00, 持仓盈亏: 0.00, 平仓盈亏: -2880.00, 市值: 0.00, 保证金: 457617.60, 手续费: 33.93, 风险度: 30.60%
    INFO - 日期: 2021-12-13, 账户权益: 1495380.67, 可用资金: 1037763.07, 浮动盈亏: 142960.00, 持仓盈亏: 0.00, 平仓盈亏: 0.00, 市值: 0.00, 保证金: 457617.60, 手续费: 0.00, 风险度: 30.60%
    INFO - 日期: 2021-12-14, 账户权益: 1495380.67, 可用资金: 1037763.07, 浮动盈亏: 142960.00, 持仓盈亏: 0.00, 平仓盈亏: 0.00, 市值: 0.00, 保证金: 457617.60, 手续费: 0.00, 风险度: 30.60%
    INFO - 日期: 2021-12-15, 账户权益: 1495380.67, 可用资金: 1037763.07, 浮动盈亏: 142960.00, 持仓盈亏: 0.00, 平仓盈亏: 0.00, 市值: 0.00, 保证金: 457617.60, 手续费: 0.00, 风险度: 30.60%
    INFO - 日期: 2021-12-16, 账户权益: 1495380.67, 可用资金: 1037763.07, 浮动盈亏: 142960.00, 持仓盈亏: 0.00, 平仓盈亏: 0.00, 市值: 0.00, 保证金: 457617.60, 手续费: 0.00, 风险度: 30.60%
    INFO - 日期: 2021-12-17, 账户权益: 1495380.67, 可用资金: 1037763.07, 浮动盈亏: 142960.00, 持仓盈亏: 0.00, 平仓盈亏: 0.00, 市值: 0.00, 保证金: 457617.60, 手续费: 0.00, 风险度: 30.60%
    INFO - 日期: 2021-12-20, 账户权益: 1495380.67, 可用资金: 1037763.07, 浮动盈亏: 142960.00, 持仓盈亏: 0.00, 平仓盈亏: 0.00, 市值: 0.00, 保证金: 457617.60, 手续费: 0.00, 风险度: 30.60%
    INFO - 日期: 2021-12-21, 账户权益: 1495380.67, 可用资金: 1037763.07, 浮动盈亏: 142960.00, 持仓盈亏: 0.00, 平仓盈亏: 0.00, 市值: 0.00, 保证金: 457617.60, 手续费: 0.00, 风险度: 30.60%
    INFO - 日期: 2021-12-22, 账户权益: 1495380.67, 可用资金: 1037763.07, 浮动盈亏: 142960.00, 持仓盈亏: 0.00, 平仓盈亏: 0.00, 市值: 0.00, 保证金: 457617.60, 手续费: 0.00, 风险度: 30.60%
    INFO - 日期: 2021-12-23, 账户权益: 1495380.67, 可用资金: 1037763.07, 浮动盈亏: 142960.00, 持仓盈亏: 0.00, 平仓盈亏: 0.00, 市值: 0.00, 保证金: 457617.60, 手续费: 0.00, 风险度: 30.60%
    INFO - 日期: 2021-12-24, 账户权益: 1495380.67, 可用资金: 1037763.07, 浮动盈亏: 142960.00, 持仓盈亏: 0.00, 平仓盈亏: 0.00, 市值: 0.00, 保证金: 457617.60, 手续费: 0.00, 风险度: 30.60%
    INFO - 日期: 2021-12-27, 账户权益: 1495380.67, 可用资金: 1037763.07, 浮动盈亏: 142960.00, 持仓盈亏: 0.00, 平仓盈亏: 0.00, 市值: 0.00, 保证金: 457617.60, 手续费: 0.00, 风险度: 30.60%
    INFO - 日期: 2021-12-28, 账户权益: 1495380.67, 可用资金: 1037763.07, 浮动盈亏: 142960.00, 持仓盈亏: 0.00, 平仓盈亏: 0.00, 市值: 0.00, 保证金: 457617.60, 手续费: 0.00, 风险度: 30.60%
    INFO - 日期: 2021-12-29, 账户权益: 1495380.67, 可用资金: 1037763.07, 浮动盈亏: 142960.00, 持仓盈亏: 0.00, 平仓盈亏: 0.00, 市值: 0.00, 保证金: 457617.60, 手续费: 0.00, 风险度: 30.60%
    INFO - 日期: 2021-12-30, 账户权益: 1495380.67, 可用资金: 1037763.07, 浮动盈亏: 142960.00, 持仓盈亏: 0.00, 平仓盈亏: 0.00, 市值: 0.00, 保证金: 457617.60, 手续费: 0.00, 风险度: 30.60%
    INFO - 日期: 2021-12-31, 账户权益: 1495380.67, 可用资金: 1037763.07, 浮动盈亏: 142960.00, 持仓盈亏: 0.00, 平仓盈亏: 0.00, 市值: 0.00, 保证金: 457617.60, 手续费: 0.00, 风险度: 30.60%
    INFO - 日期: 2022-01-04, 账户权益: 1495380.67, 可用资金: 1037763.07, 浮动盈亏: 142960.00, 持仓盈亏: 0.00, 平仓盈亏: 0.00, 市值: 0.00, 保证金: 457617.60, 手续费: 0.00, 风险度: 30.60%
    INFO - 日期: 2022-01-05, 账户权益: 1495380.67, 可用资金: 1037763.07, 浮动盈亏: 142960.00, 持仓盈亏: 0.00, 平仓盈亏: 0.00, 市值: 0.00, 保证金: 457617.60, 手续费: 0.00, 风险度: 30.60%
    INFO - 日期: 2022-01-06, 账户权益: 1495380.67, 可用资金: 1037763.07, 浮动盈亏: 142960.00, 持仓盈亏: 0.00, 平仓盈亏: 0.00, 市值: 0.00, 保证金: 457617.60, 手续费: 0.00, 风险度: 30.60%
    INFO - 日期: 2022-01-07, 账户权益: 1495380.67, 可用资金: 1037763.07, 浮动盈亏: 142960.00, 持仓盈亏: 0.00, 平仓盈亏: 0.00, 市值: 0.00, 保证金: 457617.60, 手续费: 0.00, 风险度: 30.60%
    INFO - 日期: 2022-01-10, 账户权益: 1495380.67, 可用资金: 1037763.07, 浮动盈亏: 142960.00, 持仓盈亏: 0.00, 平仓盈亏: 0.00, 市值: 0.00, 保证金: 457617.60, 手续费: 0.00, 风险度: 30.60%
    INFO - 日期: 2022-01-11, 账户权益: 1495380.67, 可用资金: 1037763.07, 浮动盈亏: 142960.00, 持仓盈亏: 0.00, 平仓盈亏: 0.00, 市值: 0.00, 保证金: 457617.60, 手续费: 0.00, 风险度: 30.60%
    INFO - 日期: 2022-01-12, 账户权益: 1495380.67, 可用资金: 1037763.07, 浮动盈亏: 142960.00, 持仓盈亏: 0.00, 平仓盈亏: 0.00, 市值: 0.00, 保证金: 457617.60, 手续费: 0.00, 风险度: 30.60%
    INFO - 日期: 2022-01-13, 账户权益: 1495380.67, 可用资金: 1037763.07, 浮动盈亏: 142960.00, 持仓盈亏: 0.00, 平仓盈亏: 0.00, 市值: 0.00, 保证金: 457617.60, 手续费: 0.00, 风险度: 30.60%
    INFO - 日期: 2022-01-14, 账户权益: 1495380.67, 可用资金: 1037763.07, 浮动盈亏: 142960.00, 持仓盈亏: 0.00, 平仓盈亏: 0.00, 市值: 0.00, 保证金: 457617.60, 手续费: 0.00, 风险度: 30.60%
    INFO - 日期: 2022-01-17, 账户权益: 1495380.67, 可用资金: 1037763.07, 浮动盈亏: 142960.00, 持仓盈亏: 0.00, 平仓盈亏: 0.00, 市值: 0.00, 保证金: 457617.60, 手续费: 0.00, 风险度: 30.60%
    INFO - 日期: 2022-01-18, 账户权益: 1495380.67, 可用资金: 1037763.07, 浮动盈亏: 142960.00, 持仓盈亏: 0.00, 平仓盈亏: 0.00, 市值: 0.00, 保证金: 457617.60, 手续费: 0.00, 风险度: 30.60%
    INFO - 日期: 2022-01-19, 账户权益: 1495380.67, 可用资金: 1037763.07, 浮动盈亏: 142960.00, 持仓盈亏: 0.00, 平仓盈亏: 0.00, 市值: 0.00, 保证金: 457617.60, 手续费: 0.00, 风险度: 30.60%
    INFO - 日期: 2022-01-20, 账户权益: 1495380.67, 可用资金: 1037763.07, 浮动盈亏: 142960.00, 持仓盈亏: 0.00, 平仓盈亏: 0.00, 市值: 0.00, 保证金: 457617.60, 手续费: 0.00, 风险度: 30.60%
    INFO - 日期: 2022-01-21, 账户权益: 1495380.67, 可用资金: 1037763.07, 浮动盈亏: 142960.00, 持仓盈亏: 0.00, 平仓盈亏: 0.00, 市值: 0.00, 保证金: 457617.60, 手续费: 0.00, 风险度: 30.60%
    INFO - 日期: 2022-01-24, 账户权益: 1495380.67, 可用资金: 1037763.07, 浮动盈亏: 142960.00, 持仓盈亏: 0.00, 平仓盈亏: 0.00, 市值: 0.00, 保证金: 457617.60, 手续费: 0.00, 风险度: 30.60%
    INFO - 日期: 2022-01-25, 账户权益: 1495380.67, 可用资金: 1037763.07, 浮动盈亏: 142960.00, 持仓盈亏: 0.00, 平仓盈亏: 0.00, 市值: 0.00, 保证金: 457617.60, 手续费: 0.00, 风险度: 30.60%
    INFO - 日期: 2022-01-26, 账户权益: 1495380.67, 可用资金: 1037763.07, 浮动盈亏: 142960.00, 持仓盈亏: 0.00, 平仓盈亏: 0.00, 市值: 0.00, 保证金: 457617.60, 手续费: 0.00, 风险度: 30.60%
    INFO - 日期: 2022-01-27, 账户权益: 1495380.67, 可用资金: 1037763.07, 浮动盈亏: 142960.00, 持仓盈亏: 0.00, 平仓盈亏: 0.00, 市值: 0.00, 保证金: 457617.60, 手续费: 0.00, 风险度: 30.60%
    INFO - 日期: 2022-01-28, 账户权益: 1495380.67, 可用资金: 1037763.07, 浮动盈亏: 142960.00, 持仓盈亏: 0.00, 平仓盈亏: 0.00, 市值: 0.00, 保证金: 457617.60, 手续费: 0.00, 风险度: 30.60%
    INFO - 日期: 2022-02-07, 账户权益: 1495380.67, 可用资金: 1037763.07, 浮动盈亏: 142960.00, 持仓盈亏: 0.00, 平仓盈亏: 0.00, 市值: 0.00, 保证金: 457617.60, 手续费: 0.00, 风险度: 30.60%
    INFO - 日期: 2022-02-08, 账户权益: 1495380.67, 可用资金: 1037763.07, 浮动盈亏: 142960.00, 持仓盈亏: 0.00, 平仓盈亏: 0.00, 市值: 0.00, 保证金: 457617.60, 手续费: 0.00, 风险度: 30.60%
    INFO - 日期: 2022-02-09, 账户权益: 1495380.67, 可用资金: 1037763.07, 浮动盈亏: 142960.00, 持仓盈亏: 0.00, 平仓盈亏: 0.00, 市值: 0.00, 保证金: 457617.60, 手续费: 0.00, 风险度: 30.60%
    INFO - 日期: 2022-02-10, 账户权益: 1495380.67, 可用资金: 1037763.07, 浮动盈亏: 142960.00, 持仓盈亏: 0.00, 平仓盈亏: 0.00, 市值: 0.00, 保证金: 457617.60, 手续费: 0.00, 风险度: 30.60%
    INFO - 日期: 2022-02-11, 账户权益: 1495380.67, 可用资金: 1037763.07, 浮动盈亏: 142960.00, 持仓盈亏: 0.00, 平仓盈亏: 0.00, 市值: 0.00, 保证金: 457617.60, 手续费: 0.00, 风险度: 30.60%
    INFO - 日期: 2022-02-14, 账户权益: 1495380.67, 可用资金: 1037763.07, 浮动盈亏: 142960.00, 持仓盈亏: 0.00, 平仓盈亏: 0.00, 市值: 0.00, 保证金: 457617.60, 手续费: 0.00, 风险度: 30.60%
    INFO - 日期: 2022-02-15, 账户权益: 1495380.67, 可用资金: 1037763.07, 浮动盈亏: 142960.00, 持仓盈亏: 0.00, 平仓盈亏: 0.00, 市值: 0.00, 保证金: 457617.60, 手续费: 0.00, 风险度: 30.60%
    INFO - 日期: 2022-02-16, 账户权益: 1495380.67, 可用资金: 1037763.07, 浮动盈亏: 142960.00, 持仓盈亏: 0.00, 平仓盈亏: 0.00, 市值: 0.00, 保证金: 457617.60, 手续费: 0.00, 风险度: 30.60%
    INFO - 日期: 2022-02-17, 账户权益: 1495380.67, 可用资金: 1037763.07, 浮动盈亏: 142960.00, 持仓盈亏: 0.00, 平仓盈亏: 0.00, 市值: 0.00, 保证金: 457617.60, 手续费: 0.00, 风险度: 30.60%
    INFO - 日期: 2022-02-18, 账户权益: 1495380.67, 可用资金: 1037763.07, 浮动盈亏: 142960.00, 持仓盈亏: 0.00, 平仓盈亏: 0.00, 市值: 0.00, 保证金: 457617.60, 手续费: 0.00, 风险度: 30.60%
    INFO - 日期: 2022-02-21, 账户权益: 1495380.67, 可用资金: 1037763.07, 浮动盈亏: 142960.00, 持仓盈亏: 0.00, 平仓盈亏: 0.00, 市值: 0.00, 保证金: 457617.60, 手续费: 0.00, 风险度: 30.60%
    INFO - 日期: 2022-02-22, 账户权益: 1495380.67, 可用资金: 1037763.07, 浮动盈亏: 142960.00, 持仓盈亏: 0.00, 平仓盈亏: 0.00, 市值: 0.00, 保证金: 457617.60, 手续费: 0.00, 风险度: 30.60%
    INFO - 日期: 2022-02-23, 账户权益: 1495380.67, 可用资金: 1037763.07, 浮动盈亏: 142960.00, 持仓盈亏: 0.00, 平仓盈亏: 0.00, 市值: 0.00, 保证金: 457617.60, 手续费: 0.00, 风险度: 30.60%
    INFO - 日期: 2022-02-24, 账户权益: 1495380.67, 可用资金: 1037763.07, 浮动盈亏: 142960.00, 持仓盈亏: 0.00, 平仓盈亏: 0.00, 市值: 0.00, 保证金: 457617.60, 手续费: 0.00, 风险度: 30.60%
    INFO - 日期: 2022-02-25, 账户权益: 1495380.67, 可用资金: 1037763.07, 浮动盈亏: 142960.00, 持仓盈亏: 0.00, 平仓盈亏: 0.00, 市值: 0.00, 保证金: 457617.60, 手续费: 0.00, 风险度: 30.60%
    INFO - 日期: 2022-02-28, 账户权益: 1495380.67, 可用资金: 1037763.07, 浮动盈亏: 142960.00, 持仓盈亏: 0.00, 平仓盈亏: 0.00, 市值: 0.00, 保证金: 457617.60, 手续费: 0.00, 风险度: 30.60%
    INFO - 日期: 2022-03-01, 账户权益: 1495380.67, 可用资金: 1037763.07, 浮动盈亏: 142960.00, 持仓盈亏: 0.00, 平仓盈亏: 0.00, 市值: 0.00, 保证金: 457617.60, 手续费: 0.00, 风险度: 30.60%
    INFO - 日期: 2022-03-02, 账户权益: 1495380.67, 可用资金: 1037763.07, 浮动盈亏: 142960.00, 持仓盈亏: 0.00, 平仓盈亏: 0.00, 市值: 0.00, 保证金: 457617.60, 手续费: 0.00, 风险度: 30.60%
    INFO - 日期: 2022-03-03, 账户权益: 1495380.67, 可用资金: 1037763.07, 浮动盈亏: 142960.00, 持仓盈亏: 0.00, 平仓盈亏: 0.00, 市值: 0.00, 保证金: 457617.60, 手续费: 0.00, 风险度: 30.60%
    INFO - 日期: 2022-03-04, 账户权益: 1495380.67, 可用资金: 1037763.07, 浮动盈亏: 142960.00, 持仓盈亏: 0.00, 平仓盈亏: 0.00, 市值: 0.00, 保证金: 457617.60, 手续费: 0.00, 风险度: 30.60%
    INFO - 日期: 2022-03-07, 账户权益: 1495380.67, 可用资金: 1037763.07, 浮动盈亏: 142960.00, 持仓盈亏: 0.00, 平仓盈亏: 0.00, 市值: 0.00, 保证金: 457617.60, 手续费: 0.00, 风险度: 30.60%
    INFO - 日期: 2022-03-08, 账户权益: 1495380.67, 可用资金: 1037763.07, 浮动盈亏: 142960.00, 持仓盈亏: 0.00, 平仓盈亏: 0.00, 市值: 0.00, 保证金: 457617.60, 手续费: 0.00, 风险度: 30.60%
    INFO - 日期: 2022-03-09, 账户权益: 1495380.67, 可用资金: 1037763.07, 浮动盈亏: 142960.00, 持仓盈亏: 0.00, 平仓盈亏: 0.00, 市值: 0.00, 保证金: 457617.60, 手续费: 0.00, 风险度: 30.60%
    INFO - 日期: 2022-03-10, 账户权益: 1495380.67, 可用资金: 1037763.07, 浮动盈亏: 142960.00, 持仓盈亏: 0.00, 平仓盈亏: 0.00, 市值: 0.00, 保证金: 457617.60, 手续费: 0.00, 风险度: 30.60%
    INFO - 日期: 2022-03-11, 账户权益: 1495380.67, 可用资金: 1037763.07, 浮动盈亏: 142960.00, 持仓盈亏: 0.00, 平仓盈亏: 0.00, 市值: 0.00, 保证金: 457617.60, 手续费: 0.00, 风险度: 30.60%
    INFO - 日期: 2022-03-14, 账户权益: 1495380.67, 可用资金: 1037763.07, 浮动盈亏: 142960.00, 持仓盈亏: 0.00, 平仓盈亏: 0.00, 市值: 0.00, 保证金: 457617.60, 手续费: 0.00, 风险度: 30.60%
    INFO - 日期: 2022-03-15, 账户权益: 1495380.67, 可用资金: 1037763.07, 浮动盈亏: 142960.00, 持仓盈亏: 0.00, 平仓盈亏: 0.00, 市值: 0.00, 保证金: 457617.60, 手续费: 0.00, 风险度: 30.60%
    INFO - 日期: 2022-03-16, 账户权益: 1495380.67, 可用资金: 1037763.07, 浮动盈亏: 142960.00, 持仓盈亏: 0.00, 平仓盈亏: 0.00, 市值: 0.00, 保证金: 457617.60, 手续费: 0.00, 风险度: 30.60%
    INFO - 日期: 2022-03-17, 账户权益: 1495380.67, 可用资金: 1037763.07, 浮动盈亏: 142960.00, 持仓盈亏: 0.00, 平仓盈亏: 0.00, 市值: 0.00, 保证金: 457617.60, 手续费: 0.00, 风险度: 30.60%
    INFO - 日期: 2022-03-18, 账户权益: 1495380.67, 可用资金: 1037763.07, 浮动盈亏: 142960.00, 持仓盈亏: 0.00, 平仓盈亏: 0.00, 市值: 0.00, 保证金: 457617.60, 手续费: 0.00, 风险度: 30.60%
    INFO - 日期: 2022-03-21, 账户权益: 1495380.67, 可用资金: 1037763.07, 浮动盈亏: 142960.00, 持仓盈亏: 0.00, 平仓盈亏: 0.00, 市值: 0.00, 保证金: 457617.60, 手续费: 0.00, 风险度: 30.60%
    INFO - 日期: 2022-03-22, 账户权益: 1495380.67, 可用资金: 1037763.07, 浮动盈亏: 142960.00, 持仓盈亏: 0.00, 平仓盈亏: 0.00, 市值: 0.00, 保证金: 457617.60, 手续费: 0.00, 风险度: 30.60%
    INFO - 日期: 2022-03-23, 账户权益: 1495380.67, 可用资金: 1037763.07, 浮动盈亏: 142960.00, 持仓盈亏: 0.00, 平仓盈亏: 0.00, 市值: 0.00, 保证金: 457617.60, 手续费: 0.00, 风险度: 30.60%
    INFO - 日期: 2022-03-24, 账户权益: 1495380.67, 可用资金: 1037763.07, 浮动盈亏: 142960.00, 持仓盈亏: 0.00, 平仓盈亏: 0.00, 市值: 0.00, 保证金: 457617.60, 手续费: 0.00, 风险度: 30.60%
    INFO - 日期: 2022-03-25, 账户权益: 1495380.67, 可用资金: 1037763.07, 浮动盈亏: 142960.00, 持仓盈亏: 0.00, 平仓盈亏: 0.00, 市值: 0.00, 保证金: 457617.60, 手续费: 0.00, 风险度: 30.60%
    INFO - 日期: 2022-03-28, 账户权益: 1495380.67, 可用资金: 1037763.07, 浮动盈亏: 142960.00, 持仓盈亏: 0.00, 平仓盈亏: 0.00, 市值: 0.00, 保证金: 457617.60, 手续费: 0.00, 风险度: 30.60%
    INFO - 日期: 2022-03-29, 账户权益: 1495380.67, 可用资金: 1037763.07, 浮动盈亏: 142960.00, 持仓盈亏: 0.00, 平仓盈亏: 0.00, 市值: 0.00, 保证金: 457617.60, 手续费: 0.00, 风险度: 30.60%
    INFO - 日期: 2022-03-30, 账户权益: 1495380.67, 可用资金: 1037763.07, 浮动盈亏: 142960.00, 持仓盈亏: 0.00, 平仓盈亏: 0.00, 市值: 0.00, 保证金: 457617.60, 手续费: 0.00, 风险度: 30.60%
    INFO - 日期: 2022-03-31, 账户权益: 1495380.67, 可用资金: 1037763.07, 浮动盈亏: 142960.00, 持仓盈亏: 0.00, 平仓盈亏: 0.00, 市值: 0.00, 保证金: 457617.60, 手续费: 0.00, 风险度: 30.60%
    INFO - 日期: 2022-04-01, 账户权益: 1495380.67, 可用资金: 1037763.07, 浮动盈亏: 142960.00, 持仓盈亏: 0.00, 平仓盈亏: 0.00, 市值: 0.00, 保证金: 457617.60, 手续费: 0.00, 风险度: 30.60%
    INFO - 日期: 2022-04-06, 账户权益: 1495380.67, 可用资金: 1037763.07, 浮动盈亏: 142960.00, 持仓盈亏: 0.00, 平仓盈亏: 0.00, 市值: 0.00, 保证金: 457617.60, 手续费: 0.00, 风险度: 30.60%
    INFO - 日期: 2022-04-07, 账户权益: 1495380.67, 可用资金: 1037763.07, 浮动盈亏: 142960.00, 持仓盈亏: 0.00, 平仓盈亏: 0.00, 市值: 0.00, 保证金: 457617.60, 手续费: 0.00, 风险度: 30.60%
    INFO - 日期: 2022-04-08, 账户权益: 1495380.67, 可用资金: 1037763.07, 浮动盈亏: 142960.00, 持仓盈亏: 0.00, 平仓盈亏: 0.00, 市值: 0.00, 保证金: 457617.60, 手续费: 0.00, 风险度: 30.60%
    INFO - 日期: 2022-04-11, 账户权益: 1495380.67, 可用资金: 1037763.07, 浮动盈亏: 142960.00, 持仓盈亏: 0.00, 平仓盈亏: 0.00, 市值: 0.00, 保证金: 457617.60, 手续费: 0.00, 风险度: 30.60%
    INFO - 日期: 2022-04-12, 账户权益: 1495380.67, 可用资金: 1037763.07, 浮动盈亏: 142960.00, 持仓盈亏: 0.00, 平仓盈亏: 0.00, 市值: 0.00, 保证金: 457617.60, 手续费: 0.00, 风险度: 30.60%
    INFO - 日期: 2022-04-13, 账户权益: 1495380.67, 可用资金: 1037763.07, 浮动盈亏: 142960.00, 持仓盈亏: 0.00, 平仓盈亏: 0.00, 市值: 0.00, 保证金: 457617.60, 手续费: 0.00, 风险度: 30.60%
    INFO - 日期: 2022-04-14, 账户权益: 1495380.67, 可用资金: 1037763.07, 浮动盈亏: 142960.00, 持仓盈亏: 0.00, 平仓盈亏: 0.00, 市值: 0.00, 保证金: 457617.60, 手续费: 0.00, 风险度: 30.60%
    INFO - 日期: 2022-04-15, 账户权益: 1495380.67, 可用资金: 1037763.07, 浮动盈亏: 142960.00, 持仓盈亏: 0.00, 平仓盈亏: 0.00, 市值: 0.00, 保证金: 457617.60, 手续费: 0.00, 风险度: 30.60%
    INFO - 日期: 2022-04-18, 账户权益: 1495380.67, 可用资金: 1037763.07, 浮动盈亏: 142960.00, 持仓盈亏: 0.00, 平仓盈亏: 0.00, 市值: 0.00, 保证金: 457617.60, 手续费: 0.00, 风险度: 30.60%
    INFO - 日期: 2022-04-19, 账户权益: 1495380.67, 可用资金: 1037763.07, 浮动盈亏: 142960.00, 持仓盈亏: 0.00, 平仓盈亏: 0.00, 市值: 0.00, 保证金: 457617.60, 手续费: 0.00, 风险度: 30.60%
    INFO - 日期: 2022-04-20, 账户权益: 1495380.67, 可用资金: 1037763.07, 浮动盈亏: 142960.00, 持仓盈亏: 0.00, 平仓盈亏: 0.00, 市值: 0.00, 保证金: 457617.60, 手续费: 0.00, 风险度: 30.60%
    INFO - 日期: 2022-04-21, 账户权益: 1495380.67, 可用资金: 1037763.07, 浮动盈亏: 142960.00, 持仓盈亏: 0.00, 平仓盈亏: 0.00, 市值: 0.00, 保证金: 457617.60, 手续费: 0.00, 风险度: 30.60%
    INFO - 日期: 2022-04-22, 账户权益: 1495380.67, 可用资金: 1037763.07, 浮动盈亏: 142960.00, 持仓盈亏: 0.00, 平仓盈亏: 0.00, 市值: 0.00, 保证金: 457617.60, 手续费: 0.00, 风险度: 30.60%
    INFO - 日期: 2022-04-25, 账户权益: 1495380.67, 可用资金: 1037763.07, 浮动盈亏: 142960.00, 持仓盈亏: 0.00, 平仓盈亏: 0.00, 市值: 0.00, 保证金: 457617.60, 手续费: 0.00, 风险度: 30.60%
    INFO - 日期: 2022-04-26, 账户权益: 1495380.67, 可用资金: 1037763.07, 浮动盈亏: 142960.00, 持仓盈亏: 0.00, 平仓盈亏: 0.00, 市值: 0.00, 保证金: 457617.60, 手续费: 0.00, 风险度: 30.60%
    INFO - 日期: 2022-04-27, 账户权益: 1495380.67, 可用资金: 1037763.07, 浮动盈亏: 142960.00, 持仓盈亏: 0.00, 平仓盈亏: 0.00, 市值: 0.00, 保证金: 457617.60, 手续费: 0.00, 风险度: 30.60%
    INFO - 日期: 2022-04-28, 账户权益: 1495380.67, 可用资金: 1037763.07, 浮动盈亏: 142960.00, 持仓盈亏: 0.00, 平仓盈亏: 0.00, 市值: 0.00, 保证金: 457617.60, 手续费: 0.00, 风险度: 30.60%
    INFO - 日期: 2022-04-29, 账户权益: 1495380.67, 可用资金: 1037763.07, 浮动盈亏: 142960.00, 持仓盈亏: 0.00, 平仓盈亏: 0.00, 市值: 0.00, 保证金: 457617.60, 手续费: 0.00, 风险度: 30.60%
    INFO - 日期: 2022-05-05, 账户权益: 1495380.67, 可用资金: 1037763.07, 浮动盈亏: 142960.00, 持仓盈亏: 0.00, 平仓盈亏: 0.00, 市值: 0.00, 保证金: 457617.60, 手续费: 0.00, 风险度: 30.60%
    INFO - 日期: 2022-05-06, 账户权益: 1495380.67, 可用资金: 1037763.07, 浮动盈亏: 142960.00, 持仓盈亏: 0.00, 平仓盈亏: 0.00, 市值: 0.00, 保证金: 457617.60, 手续费: 0.00, 风险度: 30.60%
    INFO - 日期: 2022-05-09, 账户权益: 1495380.67, 可用资金: 1037763.07, 浮动盈亏: 142960.00, 持仓盈亏: 0.00, 平仓盈亏: 0.00, 市值: 0.00, 保证金: 457617.60, 手续费: 0.00, 风险度: 30.60%
    INFO - 日期: 2022-05-10, 账户权益: 1495380.67, 可用资金: 1037763.07, 浮动盈亏: 142960.00, 持仓盈亏: 0.00, 平仓盈亏: 0.00, 市值: 0.00, 保证金: 457617.60, 手续费: 0.00, 风险度: 30.60%
    INFO - 日期: 2022-05-11, 账户权益: 1495380.67, 可用资金: 1037763.07, 浮动盈亏: 142960.00, 持仓盈亏: 0.00, 平仓盈亏: 0.00, 市值: 0.00, 保证金: 457617.60, 手续费: 0.00, 风险度: 30.60%
    INFO - 日期: 2022-05-12, 账户权益: 1495380.67, 可用资金: 1037763.07, 浮动盈亏: 142960.00, 持仓盈亏: 0.00, 平仓盈亏: 0.00, 市值: 0.00, 保证金: 457617.60, 手续费: 0.00, 风险度: 30.60%
    INFO - 日期: 2022-05-13, 账户权益: 1495380.67, 可用资金: 1037763.07, 浮动盈亏: 142960.00, 持仓盈亏: 0.00, 平仓盈亏: 0.00, 市值: 0.00, 保证金: 457617.60, 手续费: 0.00, 风险度: 30.60%
    INFO - 日期: 2022-05-16, 账户权益: 1495380.67, 可用资金: 1037763.07, 浮动盈亏: 142960.00, 持仓盈亏: 0.00, 平仓盈亏: 0.00, 市值: 0.00, 保证金: 457617.60, 手续费: 0.00, 风险度: 30.60%
    INFO - 日期: 2022-05-17, 账户权益: 1495380.67, 可用资金: 1037763.07, 浮动盈亏: 142960.00, 持仓盈亏: 0.00, 平仓盈亏: 0.00, 市值: 0.00, 保证金: 457617.60, 手续费: 0.00, 风险度: 30.60%
    INFO - 日期: 2022-05-18, 账户权益: 1495380.67, 可用资金: 1037763.07, 浮动盈亏: 142960.00, 持仓盈亏: 0.00, 平仓盈亏: 0.00, 市值: 0.00, 保证金: 457617.60, 手续费: 0.00, 风险度: 30.60%
    INFO - 日期: 2022-05-19, 账户权益: 1495380.67, 可用资金: 1037763.07, 浮动盈亏: 142960.00, 持仓盈亏: 0.00, 平仓盈亏: 0.00, 市值: 0.00, 保证金: 457617.60, 手续费: 0.00, 风险度: 30.60%
    INFO - 日期: 2022-05-20, 账户权益: 1513151.86, 可用资金: 905255.86, 浮动盈亏: 160760.00, 持仓盈亏: 17800.00, 平仓盈亏: 0.00, 市值: 0.00, 保证金: 607896.00, 手续费: 28.80, 风险度: 40.17%
    INFO - 日期: 2022-05-23, 账户权益: 1512511.86, 可用资金: 904615.86, 浮动盈亏: 160120.00, 持仓盈亏: -640.00, 平仓盈亏: 0.00, 市值: 0.00, 保证金: 607896.00, 手续费: 0.00, 风险度: 40.19%
    INFO - 日期: 2022-05-24, 账户权益: 1470551.86, 可用资金: 862655.86, 浮动盈亏: 118160.00, 持仓盈亏: -41960.00, 平仓盈亏: 0.00, 市值: 0.00, 保证金: 607896.00, 手续费: 0.00, 风险度: 41.34%
    INFO - 日期: 2022-05-25, 账户权益: 1488631.86, 可用资金: 880735.86, 浮动盈亏: 136240.00, 持仓盈亏: 18080.00, 平仓盈亏: 0.00, 市值: 0.00, 保证金: 607896.00, 手续费: 0.00, 风险度: 40.84%
    INFO - 日期: 2022-05-26, 账户权益: 1505471.86, 可用资金: 897575.86, 浮动盈亏: 153080.00, 持仓盈亏: 16840.00, 平仓盈亏: 0.00, 市值: 0.00, 保证金: 607896.00, 手续费: 0.00, 风险度: 40.38%
    INFO - 日期: 2022-05-27, 账户权益: 1503911.86, 可用资金: 896015.86, 浮动盈亏: 151520.00, 持仓盈亏: -1560.00, 平仓盈亏: 0.00, 市值: 0.00, 保证金: 607896.00, 手续费: 0.00, 风险度: 40.42%
    INFO - 日期: 2022-05-30, 账户权益: 1509391.86, 可用资金: 901495.86, 浮动盈亏: 157000.00, 持仓盈亏: 5480.00, 平仓盈亏: 0.00, 市值: 0.00, 保证金: 607896.00, 手续费: 0.00, 风险度: 40.27%
    INFO - 日期: 2022-05-31, 账户权益: 1529911.86, 可用资金: 922015.86, 浮动盈亏: 177520.00, 持仓盈亏: 20520.00, 平仓盈亏: 0.00, 市值: 0.00, 保证金: 607896.00, 手续费: 0.00, 风险度: 39.73%
    INFO - 日期: 2022-06-01, 账户权益: 1528911.86, 可用资金: 921015.86, 浮动盈亏: 176520.00, 持仓盈亏: -1000.00, 平仓盈亏: 0.00, 市值: 0.00, 保证金: 607896.00, 手续费: 0.00, 风险度: 39.76%
    INFO - 日期: 2022-06-02, 账户权益: 1544951.86, 可用资金: 937055.86, 浮动盈亏: 192560.00, 持仓盈亏: 16040.00, 平仓盈亏: 0.00, 市值: 0.00, 保证金: 607896.00, 手续费: 0.00, 风险度: 39.35%
    INFO - 日期: 2022-06-06, 账户权益: 1566471.86, 可用资金: 958575.86, 浮动盈亏: 214080.00, 持仓盈亏: 21520.00, 平仓盈亏: 0.00, 市值: 0.00, 保证金: 607896.00, 手续费: 0.00, 风险度: 38.81%
    INFO - 日期: 2022-06-07, 账户权益: 1564511.86, 可用资金: 956615.86, 浮动盈亏: 212120.00, 持仓盈亏: -1960.00, 平仓盈亏: 0.00, 市值: 0.00, 保证金: 607896.00, 手续费: 0.00, 风险度: 38.86%
    INFO - 日期: 2022-06-08, 账户权益: 1572911.86, 可用资金: 965015.86, 浮动盈亏: 220520.00, 持仓盈亏: 8400.00, 平仓盈亏: 0.00, 市值: 0.00, 保证金: 607896.00, 手续费: 0.00, 风险度: 38.65%
    INFO - 日期: 2022-06-09, 账户权益: 1558871.86, 可用资金: 950975.86, 浮动盈亏: 206480.00, 持仓盈亏: -14040.00, 平仓盈亏: 0.00, 市值: 0.00, 保证金: 607896.00, 手续费: 0.00, 风险度: 39.00%
    INFO - 日期: 2022-06-10, 账户权益: 1550843.06, 可用资金: 1093225.46, 浮动盈亏: 142960.00, 持仓盈亏: 0.00, 平仓盈亏: -8000.00, 市值: 0.00, 保证金: 457617.60, 手续费: 28.80, 风险度: 29.51%
    INFO - 日期: 2022-06-13, 账户权益: 1550843.06, 可用资金: 1093225.46, 浮动盈亏: 142960.00, 持仓盈亏: 0.00, 平仓盈亏: 0.00, 市值: 0.00, 保证金: 457617.60, 手续费: 0.00, 风险度: 29.51%
    INFO - 日期: 2022-06-14, 账户权益: 1550843.06, 可用资金: 1093225.46, 浮动盈亏: 142960.00, 持仓盈亏: 0.00, 平仓盈亏: 0.00, 市值: 0.00, 保证金: 457617.60, 手续费: 0.00, 风险度: 29.51%
    INFO - 日期: 2022-06-15, 账户权益: 1550843.06, 可用资金: 1093225.46, 浮动盈亏: 142960.00, 持仓盈亏: 0.00, 平仓盈亏: 0.00, 市值: 0.00, 保证金: 457617.60, 手续费: 0.00, 风险度: 29.51%
    INFO - 日期: 2022-06-16, 账户权益: 1550843.06, 可用资金: 1093225.46, 浮动盈亏: 142960.00, 持仓盈亏: 0.00, 平仓盈亏: 0.00, 市值: 0.00, 保证金: 457617.60, 手续费: 0.00, 风险度: 29.51%
    INFO - 日期: 2022-06-17, 账户权益: 1550843.06, 可用资金: 1093225.46, 浮动盈亏: 142960.00, 持仓盈亏: 0.00, 平仓盈亏: 0.00, 市值: 0.00, 保证金: 457617.60, 手续费: 0.00, 风险度: 29.51%
    INFO - 日期: 2022-06-20, 账户权益: 1550843.06, 可用资金: 1093225.46, 浮动盈亏: 142960.00, 持仓盈亏: 0.00, 平仓盈亏: 0.00, 市值: 0.00, 保证金: 457617.60, 手续费: 0.00, 风险度: 29.51%
    INFO - 日期: 2022-06-21, 账户权益: 1542494.09, 可用资金: 933738.89, 浮动盈亏: 134640.00, 持仓盈亏: -8320.00, 平仓盈亏: 0.00, 市值: 0.00, 保证金: 608755.20, 手续费: 28.97, 风险度: 39.47%
    INFO - 日期: 2022-06-22, 账户权益: 1520694.09, 可用资金: 911938.89, 浮动盈亏: 112840.00, 持仓盈亏: -21800.00, 平仓盈亏: 0.00, 市值: 0.00, 保证金: 608755.20, 手续费: 0.00, 风险度: 40.03%
    INFO - 日期: 2022-06-23, 账户权益: 1552294.09, 可用资金: 943538.89, 浮动盈亏: 144440.00, 持仓盈亏: 31600.00, 平仓盈亏: 0.00, 市值: 0.00, 保证金: 608755.20, 手续费: 0.00, 风险度: 39.22%
    INFO - 日期: 2022-06-24, 账户权益: 1567374.09, 可用资金: 958618.89, 浮动盈亏: 159520.00, 持仓盈亏: 15080.00, 平仓盈亏: 0.00, 市值: 0.00, 保证金: 608755.20, 手续费: 0.00, 风险度: 38.84%
    INFO - 日期: 2022-06-27, 账户权益: 1570374.09, 可用资金: 961618.89, 浮动盈亏: 162520.00, 持仓盈亏: 3000.00, 平仓盈亏: 0.00, 市值: 0.00, 保证金: 608755.20, 手续费: 0.00, 风险度: 38.76%
    INFO - 日期: 2022-06-28, 账户权益: 1593054.09, 可用资金: 984298.89, 浮动盈亏: 185200.00, 持仓盈亏: 22680.00, 平仓盈亏: 0.00, 市值: 0.00, 保证金: 608755.20, 手续费: 0.00, 风险度: 38.21%
    INFO - 日期: 2022-06-29, 账户权益: 1591185.12, 可用资金: 1133567.52, 浮动盈亏: 142960.00, 持仓盈亏: 0.00, 平仓盈亏: -1840.00, 市值: 0.00, 保证金: 457617.60, 手续费: 28.97, 风险度: 28.76%
    INFO - 日期: 2022-06-30, 账户权益: 1591185.12, 可用资金: 1133567.52, 浮动盈亏: 142960.00, 持仓盈亏: 0.00, 平仓盈亏: 0.00, 市值: 0.00, 保证金: 457617.60, 手续费: 0.00, 风险度: 28.76%
    INFO - 日期: 2022-07-01, 账户权益: 1591185.12, 可用资金: 1133567.52, 浮动盈亏: 142960.00, 持仓盈亏: 0.00, 平仓盈亏: 0.00, 市值: 0.00, 保证金: 457617.60, 手续费: 0.00, 风险度: 28.76%
    INFO - 日期: 2022-07-04, 账户权益: 1591185.12, 可用资金: 1133567.52, 浮动盈亏: 142960.00, 持仓盈亏: 0.00, 平仓盈亏: 0.00, 市值: 0.00, 保证金: 457617.60, 手续费: 0.00, 风险度: 28.76%
    INFO - 日期: 2022-07-05, 账户权益: 1591185.12, 可用资金: 1133567.52, 浮动盈亏: 142960.00, 持仓盈亏: 0.00, 平仓盈亏: 0.00, 市值: 0.00, 保证金: 457617.60, 手续费: 0.00, 风险度: 28.76%
    INFO - 日期: 2022-07-06, 账户权益: 1591185.12, 可用资金: 1133567.52, 浮动盈亏: 142960.00, 持仓盈亏: 0.00, 平仓盈亏: 0.00, 市值: 0.00, 保证金: 457617.60, 手续费: 0.00, 风险度: 28.76%
    INFO - 日期: 2022-07-07, 账户权益: 1591185.12, 可用资金: 1133567.52, 浮动盈亏: 142960.00, 持仓盈亏: 0.00, 平仓盈亏: 0.00, 市值: 0.00, 保证金: 457617.60, 手续费: 0.00, 风险度: 28.76%
    INFO - 日期: 2022-07-08, 账户权益: 1591185.12, 可用资金: 1133567.52, 浮动盈亏: 142960.00, 持仓盈亏: 0.00, 平仓盈亏: 0.00, 市值: 0.00, 保证金: 457617.60, 手续费: 0.00, 风险度: 28.76%
    INFO - 日期: 2022-07-11, 账户权益: 1591185.12, 可用资金: 1133567.52, 浮动盈亏: 142960.00, 持仓盈亏: 0.00, 平仓盈亏: 0.00, 市值: 0.00, 保证金: 457617.60, 手续费: 0.00, 风险度: 28.76%
    INFO - 日期: 2022-07-12, 账户权益: 1591185.12, 可用资金: 1133567.52, 浮动盈亏: 142960.00, 持仓盈亏: 0.00, 平仓盈亏: 0.00, 市值: 0.00, 保证金: 457617.60, 手续费: 0.00, 风险度: 28.76%
    INFO - 日期: 2022-07-13, 账户权益: 1591185.12, 可用资金: 1133567.52, 浮动盈亏: 142960.00, 持仓盈亏: 0.00, 平仓盈亏: 0.00, 市值: 0.00, 保证金: 457617.60, 手续费: 0.00, 风险度: 28.76%
    INFO - 日期: 2022-07-14, 账户权益: 1591185.12, 可用资金: 1133567.52, 浮动盈亏: 142960.00, 持仓盈亏: 0.00, 平仓盈亏: 0.00, 市值: 0.00, 保证金: 457617.60, 手续费: 0.00, 风险度: 28.76%
    INFO - 日期: 2022-07-15, 账户权益: 1591185.12, 可用资金: 1133567.52, 浮动盈亏: 142960.00, 持仓盈亏: 0.00, 平仓盈亏: 0.00, 市值: 0.00, 保证金: 457617.60, 手续费: 0.00, 风险度: 28.76%
    INFO - 日期: 2022-07-18, 账户权益: 1591185.12, 可用资金: 1133567.52, 浮动盈亏: 142960.00, 持仓盈亏: 0.00, 平仓盈亏: 0.00, 市值: 0.00, 保证金: 457617.60, 手续费: 0.00, 风险度: 28.76%
    INFO - 日期: 2022-07-19, 账户权益: 1591185.12, 可用资金: 1133567.52, 浮动盈亏: 142960.00, 持仓盈亏: 0.00, 平仓盈亏: 0.00, 市值: 0.00, 保证金: 457617.60, 手续费: 0.00, 风险度: 28.76%
    INFO - 日期: 2022-07-20, 账户权益: 1591185.12, 可用资金: 1133567.52, 浮动盈亏: 142960.00, 持仓盈亏: 0.00, 平仓盈亏: 0.00, 市值: 0.00, 保证金: 457617.60, 手续费: 0.00, 风险度: 28.76%
    INFO - 日期: 2022-07-21, 账户权益: 1591185.12, 可用资金: 1133567.52, 浮动盈亏: 142960.00, 持仓盈亏: 0.00, 平仓盈亏: 0.00, 市值: 0.00, 保证金: 457617.60, 手续费: 0.00, 风险度: 28.76%
    INFO - 日期: 2022-07-22, 账户权益: 1591185.12, 可用资金: 1133567.52, 浮动盈亏: 142960.00, 持仓盈亏: 0.00, 平仓盈亏: 0.00, 市值: 0.00, 保证金: 457617.60, 手续费: 0.00, 风险度: 28.76%
    INFO - 日期: 2022-07-25, 账户权益: 1591185.12, 可用资金: 1133567.52, 浮动盈亏: 142960.00, 持仓盈亏: 0.00, 平仓盈亏: 0.00, 市值: 0.00, 保证金: 457617.60, 手续费: 0.00, 风险度: 28.76%
    INFO - 日期: 2022-07-26, 账户权益: 1591185.12, 可用资金: 1133567.52, 浮动盈亏: 142960.00, 持仓盈亏: 0.00, 平仓盈亏: 0.00, 市值: 0.00, 保证金: 457617.60, 手续费: 0.00, 风险度: 28.76%
    INFO - 日期: 2022-07-27, 账户权益: 1591185.12, 可用资金: 1133567.52, 浮动盈亏: 142960.00, 持仓盈亏: 0.00, 平仓盈亏: 0.00, 市值: 0.00, 保证金: 457617.60, 手续费: 0.00, 风险度: 28.76%
    INFO - 日期: 2022-07-28, 账户权益: 1591185.12, 可用资金: 1133567.52, 浮动盈亏: 142960.00, 持仓盈亏: 0.00, 平仓盈亏: 0.00, 市值: 0.00, 保证金: 457617.60, 手续费: 0.00, 风险度: 28.76%
    INFO - 日期: 2022-07-29, 账户权益: 1591185.12, 可用资金: 1133567.52, 浮动盈亏: 142960.00, 持仓盈亏: 0.00, 平仓盈亏: 0.00, 市值: 0.00, 保证金: 457617.60, 手续费: 0.00, 风险度: 28.76%
    INFO - 日期: 2022-08-01, 账户权益: 1591185.12, 可用资金: 1133567.52, 浮动盈亏: 142960.00, 持仓盈亏: 0.00, 平仓盈亏: 0.00, 市值: 0.00, 保证金: 457617.60, 手续费: 0.00, 风险度: 28.76%
    INFO - 日期: 2022-08-02, 账户权益: 1591185.12, 可用资金: 1133567.52, 浮动盈亏: 142960.00, 持仓盈亏: 0.00, 平仓盈亏: 0.00, 市值: 0.00, 保证金: 457617.60, 手续费: 0.00, 风险度: 28.76%
    INFO - 日期: 2022-08-03, 账户权益: 1591185.12, 可用资金: 1133567.52, 浮动盈亏: 142960.00, 持仓盈亏: 0.00, 平仓盈亏: 0.00, 市值: 0.00, 保证金: 457617.60, 手续费: 0.00, 风险度: 28.76%
    INFO - 日期: 2022-08-04, 账户权益: 1591185.12, 可用资金: 1133567.52, 浮动盈亏: 142960.00, 持仓盈亏: 0.00, 平仓盈亏: 0.00, 市值: 0.00, 保证金: 457617.60, 手续费: 0.00, 风险度: 28.76%
    INFO - 日期: 2022-08-05, 账户权益: 1591185.12, 可用资金: 1133567.52, 浮动盈亏: 142960.00, 持仓盈亏: 0.00, 平仓盈亏: 0.00, 市值: 0.00, 保证金: 457617.60, 手续费: 0.00, 风险度: 28.76%
    INFO - 日期: 2022-08-08, 账户权益: 1591185.12, 可用资金: 1133567.52, 浮动盈亏: 142960.00, 持仓盈亏: 0.00, 平仓盈亏: 0.00, 市值: 0.00, 保证金: 457617.60, 手续费: 0.00, 风险度: 28.76%
    INFO - 日期: 2022-08-09, 账户权益: 1596635.35, 可用资金: 983699.35, 浮动盈亏: 148440.00, 持仓盈亏: 5480.00, 平仓盈亏: 0.00, 市值: 0.00, 保证金: 612936.00, 手续费: 29.77, 风险度: 38.39%
    INFO - 日期: 2022-08-10, 账户权益: 1592955.35, 可用资金: 980019.35, 浮动盈亏: 144760.00, 持仓盈亏: -3680.00, 平仓盈亏: 0.00, 市值: 0.00, 保证金: 612936.00, 手续费: 0.00, 风险度: 38.48%
    INFO - 日期: 2022-08-11, 账户权益: 1619995.35, 可用资金: 1007059.35, 浮动盈亏: 171800.00, 持仓盈亏: 27040.00, 平仓盈亏: 0.00, 市值: 0.00, 保证金: 612936.00, 手续费: 0.00, 风险度: 37.84%
    INFO - 日期: 2022-08-12, 账户权益: 1618325.58, 可用资金: 1160707.98, 浮动盈亏: 142960.00, 持仓盈亏: 0.00, 平仓盈亏: -1640.00, 市值: 0.00, 保证金: 457617.60, 手续费: 29.77, 风险度: 28.28%
    INFO - 日期: 2022-08-15, 账户权益: 1618325.58, 可用资金: 1160707.98, 浮动盈亏: 142960.00, 持仓盈亏: 0.00, 平仓盈亏: 0.00, 市值: 0.00, 保证金: 457617.60, 手续费: 0.00, 风险度: 28.28%
    INFO - 日期: 2022-08-16, 账户权益: 1618325.58, 可用资金: 1160707.98, 浮动盈亏: 142960.00, 持仓盈亏: 0.00, 平仓盈亏: 0.00, 市值: 0.00, 保证金: 457617.60, 手续费: 0.00, 风险度: 28.28%
    INFO - 日期: 2022-08-17, 账户权益: 1618325.58, 可用资金: 1160707.98, 浮动盈亏: 142960.00, 持仓盈亏: 0.00, 平仓盈亏: 0.00, 市值: 0.00, 保证金: 457617.60, 手续费: 0.00, 风险度: 28.28%
    INFO - 日期: 2022-08-18, 账户权益: 1618325.58, 可用资金: 1160707.98, 浮动盈亏: 142960.00, 持仓盈亏: 0.00, 平仓盈亏: 0.00, 市值: 0.00, 保证金: 457617.60, 手续费: 0.00, 风险度: 28.28%
    INFO - 日期: 2022-08-19, 账户权益: 1618325.58, 可用资金: 1160707.98, 浮动盈亏: 142960.00, 持仓盈亏: 0.00, 平仓盈亏: 0.00, 市值: 0.00, 保证金: 457617.60, 手续费: 0.00, 风险度: 28.28%
    INFO - 日期: 2022-08-22, 账户权益: 1618325.58, 可用资金: 1160707.98, 浮动盈亏: 142960.00, 持仓盈亏: 0.00, 平仓盈亏: 0.00, 市值: 0.00, 保证金: 457617.60, 手续费: 0.00, 风险度: 28.28%
    INFO - 日期: 2022-08-23, 账户权益: 1618325.58, 可用资金: 1160707.98, 浮动盈亏: 142960.00, 持仓盈亏: 0.00, 平仓盈亏: 0.00, 市值: 0.00, 保证金: 457617.60, 手续费: 0.00, 风险度: 28.28%
    INFO - 日期: 2022-08-24, 账户权益: 1618325.58, 可用资金: 1160707.98, 浮动盈亏: 142960.00, 持仓盈亏: 0.00, 平仓盈亏: 0.00, 市值: 0.00, 保证金: 457617.60, 手续费: 0.00, 风险度: 28.28%
    INFO - 日期: 2022-08-25, 账户权益: 1618325.58, 可用资金: 1160707.98, 浮动盈亏: 142960.00, 持仓盈亏: 0.00, 平仓盈亏: 0.00, 市值: 0.00, 保证金: 457617.60, 手续费: 0.00, 风险度: 28.28%
    INFO - 日期: 2022-08-26, 账户权益: 1618325.58, 可用资金: 1160707.98, 浮动盈亏: 142960.00, 持仓盈亏: 0.00, 平仓盈亏: 0.00, 市值: 0.00, 保证金: 457617.60, 手续费: 0.00, 风险度: 28.28%
    INFO - 日期: 2022-08-29, 账户权益: 1618325.58, 可用资金: 1160707.98, 浮动盈亏: 142960.00, 持仓盈亏: 0.00, 平仓盈亏: 0.00, 市值: 0.00, 保证金: 457617.60, 手续费: 0.00, 风险度: 28.28%
    INFO - 日期: 2022-08-30, 账户权益: 1618325.58, 可用资金: 1160707.98, 浮动盈亏: 142960.00, 持仓盈亏: 0.00, 平仓盈亏: 0.00, 市值: 0.00, 保证金: 457617.60, 手续费: 0.00, 风险度: 28.28%
    INFO - 日期: 2022-08-31, 账户权益: 1618325.58, 可用资金: 1160707.98, 浮动盈亏: 142960.00, 持仓盈亏: 0.00, 平仓盈亏: 0.00, 市值: 0.00, 保证金: 457617.60, 手续费: 0.00, 风险度: 28.28%
    INFO - 日期: 2022-09-01, 账户权益: 1618325.58, 可用资金: 1160707.98, 浮动盈亏: 142960.00, 持仓盈亏: 0.00, 平仓盈亏: 0.00, 市值: 0.00, 保证金: 457617.60, 手续费: 0.00, 风险度: 28.28%
    INFO - 日期: 2022-09-02, 账户权益: 1618325.58, 可用资金: 1160707.98, 浮动盈亏: 142960.00, 持仓盈亏: 0.00, 平仓盈亏: 0.00, 市值: 0.00, 保证金: 457617.60, 手续费: 0.00, 风险度: 28.28%
    INFO - 日期: 2022-09-05, 账户权益: 1618325.58, 可用资金: 1160707.98, 浮动盈亏: 142960.00, 持仓盈亏: 0.00, 平仓盈亏: 0.00, 市值: 0.00, 保证金: 457617.60, 手续费: 0.00, 风险度: 28.28%
    INFO - 日期: 2022-09-06, 账户权益: 1618325.58, 可用资金: 1160707.98, 浮动盈亏: 142960.00, 持仓盈亏: 0.00, 平仓盈亏: 0.00, 市值: 0.00, 保证金: 457617.60, 手续费: 0.00, 风险度: 28.28%
    INFO - 日期: 2022-09-07, 账户权益: 1618325.58, 可用资金: 1160707.98, 浮动盈亏: 142960.00, 持仓盈亏: 0.00, 平仓盈亏: 0.00, 市值: 0.00, 保证金: 457617.60, 手续费: 0.00, 风险度: 28.28%
    INFO - 日期: 2022-09-08, 账户权益: 1618325.58, 可用资金: 1160707.98, 浮动盈亏: 142960.00, 持仓盈亏: 0.00, 平仓盈亏: 0.00, 市值: 0.00, 保证金: 457617.60, 手续费: 0.00, 风险度: 28.28%
    INFO - 日期: 2022-09-09, 账户权益: 1618325.58, 可用资金: 1160707.98, 浮动盈亏: 142960.00, 持仓盈亏: 0.00, 平仓盈亏: 0.00, 市值: 0.00, 保证金: 457617.60, 手续费: 0.00, 风险度: 28.28%
    INFO - 日期: 2022-09-13, 账户权益: 1618325.58, 可用资金: 1160707.98, 浮动盈亏: 142960.00, 持仓盈亏: 0.00, 平仓盈亏: 0.00, 市值: 0.00, 保证金: 457617.60, 手续费: 0.00, 风险度: 28.28%
    INFO - 日期: 2022-09-14, 账户权益: 1618325.58, 可用资金: 1160707.98, 浮动盈亏: 142960.00, 持仓盈亏: 0.00, 平仓盈亏: 0.00, 市值: 0.00, 保证金: 457617.60, 手续费: 0.00, 风险度: 28.28%
    INFO - 日期: 2022-09-15, 账户权益: 1618325.58, 可用资金: 1160707.98, 浮动盈亏: 142960.00, 持仓盈亏: 0.00, 平仓盈亏: 0.00, 市值: 0.00, 保证金: 457617.60, 手续费: 0.00, 风险度: 28.28%
    INFO - 日期: 2022-09-16, 账户权益: 1618325.58, 可用资金: 1160707.98, 浮动盈亏: 142960.00, 持仓盈亏: 0.00, 平仓盈亏: 0.00, 市值: 0.00, 保证金: 457617.60, 手续费: 0.00, 风险度: 28.28%
    INFO - 日期: 2022-09-19, 账户权益: 1618325.58, 可用资金: 1160707.98, 浮动盈亏: 142960.00, 持仓盈亏: 0.00, 平仓盈亏: 0.00, 市值: 0.00, 保证金: 457617.60, 手续费: 0.00, 风险度: 28.28%
    INFO - 日期: 2022-09-20, 账户权益: 1618325.58, 可用资金: 1160707.98, 浮动盈亏: 142960.00, 持仓盈亏: 0.00, 平仓盈亏: 0.00, 市值: 0.00, 保证金: 457617.60, 手续费: 0.00, 风险度: 28.28%
    INFO - 日期: 2022-09-21, 账户权益: 1618325.58, 可用资金: 1160707.98, 浮动盈亏: 142960.00, 持仓盈亏: 0.00, 平仓盈亏: 0.00, 市值: 0.00, 保证金: 457617.60, 手续费: 0.00, 风险度: 28.28%
    INFO - 日期: 2022-09-22, 账户权益: 1618325.58, 可用资金: 1160707.98, 浮动盈亏: 142960.00, 持仓盈亏: 0.00, 平仓盈亏: 0.00, 市值: 0.00, 保证金: 457617.60, 手续费: 0.00, 风险度: 28.28%
    INFO - 日期: 2022-09-23, 账户权益: 1618325.58, 可用资金: 1160707.98, 浮动盈亏: 142960.00, 持仓盈亏: 0.00, 平仓盈亏: 0.00, 市值: 0.00, 保证金: 457617.60, 手续费: 0.00, 风险度: 28.28%
    INFO - 日期: 2022-09-26, 账户权益: 1618325.58, 可用资金: 1160707.98, 浮动盈亏: 142960.00, 持仓盈亏: 0.00, 平仓盈亏: 0.00, 市值: 0.00, 保证金: 457617.60, 手续费: 0.00, 风险度: 28.28%
    INFO - 日期: 2022-09-27, 账户权益: 1618325.58, 可用资金: 1160707.98, 浮动盈亏: 142960.00, 持仓盈亏: 0.00, 平仓盈亏: 0.00, 市值: 0.00, 保证金: 457617.60, 手续费: 0.00, 风险度: 28.28%
    INFO - 日期: 2022-09-28, 账户权益: 1618325.58, 可用资金: 1160707.98, 浮动盈亏: 142960.00, 持仓盈亏: 0.00, 平仓盈亏: 0.00, 市值: 0.00, 保证金: 457617.60, 手续费: 0.00, 风险度: 28.28%
    INFO - 日期: 2022-09-29, 账户权益: 1618325.58, 可用资金: 1160707.98, 浮动盈亏: 142960.00, 持仓盈亏: 0.00, 平仓盈亏: 0.00, 市值: 0.00, 保证金: 457617.60, 手续费: 0.00, 风险度: 28.28%
    INFO - 日期: 2022-09-30, 账户权益: 1618325.58, 可用资金: 1160707.98, 浮动盈亏: 142960.00, 持仓盈亏: 0.00, 平仓盈亏: 0.00, 市值: 0.00, 保证金: 457617.60, 手续费: 0.00, 风险度: 28.28%
    INFO - 日期: 2022-10-10, 账户权益: 1618325.58, 可用资金: 1160707.98, 浮动盈亏: 142960.00, 持仓盈亏: 0.00, 平仓盈亏: 0.00, 市值: 0.00, 保证金: 457617.60, 手续费: 0.00, 风险度: 28.28%
    INFO - 日期: 2022-10-11, 账户权益: 1618325.58, 可用资金: 1160707.98, 浮动盈亏: 142960.00, 持仓盈亏: 0.00, 平仓盈亏: 0.00, 市值: 0.00, 保证金: 457617.60, 手续费: 0.00, 风险度: 28.28%
    INFO - 日期: 2022-10-12, 账户权益: 1618325.58, 可用资金: 1160707.98, 浮动盈亏: 142960.00, 持仓盈亏: 0.00, 平仓盈亏: 0.00, 市值: 0.00, 保证金: 457617.60, 手续费: 0.00, 风险度: 28.28%
    INFO - 日期: 2022-10-13, 账户权益: 1618325.58, 可用资金: 1160707.98, 浮动盈亏: 142960.00, 持仓盈亏: 0.00, 平仓盈亏: 0.00, 市值: 0.00, 保证金: 457617.60, 手续费: 0.00, 风险度: 28.28%
    INFO - 日期: 2022-10-14, 账户权益: 1618325.58, 可用资金: 1160707.98, 浮动盈亏: 142960.00, 持仓盈亏: 0.00, 平仓盈亏: 0.00, 市值: 0.00, 保证金: 457617.60, 手续费: 0.00, 风险度: 28.28%
    INFO - 日期: 2022-10-17, 账户权益: 1618325.58, 可用资金: 1160707.98, 浮动盈亏: 142960.00, 持仓盈亏: 0.00, 平仓盈亏: 0.00, 市值: 0.00, 保证金: 457617.60, 手续费: 0.00, 风险度: 28.28%
    INFO - 日期: 2022-10-18, 账户权益: 1618325.58, 可用资金: 1160707.98, 浮动盈亏: 142960.00, 持仓盈亏: 0.00, 平仓盈亏: 0.00, 市值: 0.00, 保证金: 457617.60, 手续费: 0.00, 风险度: 28.28%
    INFO - 日期: 2022-10-19, 账户权益: 1618325.58, 可用资金: 1160707.98, 浮动盈亏: 142960.00, 持仓盈亏: 0.00, 平仓盈亏: 0.00, 市值: 0.00, 保证金: 457617.60, 手续费: 0.00, 风险度: 28.28%
    INFO - 日期: 2022-10-20, 账户权益: 1618325.58, 可用资金: 1160707.98, 浮动盈亏: 142960.00, 持仓盈亏: 0.00, 平仓盈亏: 0.00, 市值: 0.00, 保证金: 457617.60, 手续费: 0.00, 风险度: 28.28%
    INFO - 日期: 2022-10-21, 账户权益: 1618325.58, 可用资金: 1160707.98, 浮动盈亏: 142960.00, 持仓盈亏: 0.00, 平仓盈亏: 0.00, 市值: 0.00, 保证金: 457617.60, 手续费: 0.00, 风险度: 28.28%
    INFO - 日期: 2022-10-24, 账户权益: 1618325.58, 可用资金: 1160707.98, 浮动盈亏: 142960.00, 持仓盈亏: 0.00, 平仓盈亏: 0.00, 市值: 0.00, 保证金: 457617.60, 手续费: 0.00, 风险度: 28.28%
    INFO - 日期: 2022-10-25, 账户权益: 1618325.58, 可用资金: 1160707.98, 浮动盈亏: 142960.00, 持仓盈亏: 0.00, 平仓盈亏: 0.00, 市值: 0.00, 保证金: 457617.60, 手续费: 0.00, 风险度: 28.28%
    INFO - 日期: 2022-10-26, 账户权益: 1618325.58, 可用资金: 1160707.98, 浮动盈亏: 142960.00, 持仓盈亏: 0.00, 平仓盈亏: 0.00, 市值: 0.00, 保证金: 457617.60, 手续费: 0.00, 风险度: 28.28%
    INFO - 日期: 2022-10-27, 账户权益: 1618325.58, 可用资金: 1160707.98, 浮动盈亏: 142960.00, 持仓盈亏: 0.00, 平仓盈亏: 0.00, 市值: 0.00, 保证金: 457617.60, 手续费: 0.00, 风险度: 28.28%
    INFO - 日期: 2022-10-28, 账户权益: 1618325.58, 可用资金: 1160707.98, 浮动盈亏: 142960.00, 持仓盈亏: 0.00, 平仓盈亏: 0.00, 市值: 0.00, 保证金: 457617.60, 手续费: 0.00, 风险度: 28.28%
    INFO - 日期: 2022-10-31, 账户权益: 1618325.58, 可用资金: 1160707.98, 浮动盈亏: 142960.00, 持仓盈亏: 0.00, 平仓盈亏: 0.00, 市值: 0.00, 保证金: 457617.60, 手续费: 0.00, 风险度: 28.28%
    INFO - 日期: 2022-11-01, 账户权益: 1618325.58, 可用资金: 1160707.98, 浮动盈亏: 142960.00, 持仓盈亏: 0.00, 平仓盈亏: 0.00, 市值: 0.00, 保证金: 457617.60, 手续费: 0.00, 风险度: 28.28%
    INFO - 日期: 2022-11-02, 账户权益: 1618325.58, 可用资金: 1160707.98, 浮动盈亏: 142960.00, 持仓盈亏: 0.00, 平仓盈亏: 0.00, 市值: 0.00, 保证金: 457617.60, 手续费: 0.00, 风险度: 28.28%
    INFO - 日期: 2022-11-03, 账户权益: 1618325.58, 可用资金: 1160707.98, 浮动盈亏: 142960.00, 持仓盈亏: 0.00, 平仓盈亏: 0.00, 市值: 0.00, 保证金: 457617.60, 手续费: 0.00, 风险度: 28.28%
    INFO - 日期: 2022-11-04, 账户权益: 1618325.58, 可用资金: 1160707.98, 浮动盈亏: 142960.00, 持仓盈亏: 0.00, 平仓盈亏: 0.00, 市值: 0.00, 保证金: 457617.60, 手续费: 0.00, 风险度: 28.28%
    INFO - 日期: 2022-11-07, 账户权益: 1618325.58, 可用资金: 1160707.98, 浮动盈亏: 142960.00, 持仓盈亏: 0.00, 平仓盈亏: 0.00, 市值: 0.00, 保证金: 457617.60, 手续费: 0.00, 风险度: 28.28%
    INFO - 日期: 2022-11-08, 账户权益: 1618325.58, 可用资金: 1160707.98, 浮动盈亏: 142960.00, 持仓盈亏: 0.00, 平仓盈亏: 0.00, 市值: 0.00, 保证金: 457617.60, 手续费: 0.00, 风险度: 28.28%
    INFO - 日期: 2022-11-09, 账户权益: 1618325.58, 可用资金: 1160707.98, 浮动盈亏: 142960.00, 持仓盈亏: 0.00, 平仓盈亏: 0.00, 市值: 0.00, 保证金: 457617.60, 手续费: 0.00, 风险度: 28.28%
    INFO - 日期: 2022-11-10, 账户权益: 1618325.58, 可用资金: 1160707.98, 浮动盈亏: 142960.00, 持仓盈亏: 0.00, 平仓盈亏: 0.00, 市值: 0.00, 保证金: 457617.60, 手续费: 0.00, 风险度: 28.28%
    INFO - 日期: 2022-11-11, 账户权益: 1618325.58, 可用资金: 1160707.98, 浮动盈亏: 142960.00, 持仓盈亏: 0.00, 平仓盈亏: 0.00, 市值: 0.00, 保证金: 457617.60, 手续费: 0.00, 风险度: 28.28%
    INFO - 日期: 2022-11-14, 账户权益: 1618325.58, 可用资金: 1160707.98, 浮动盈亏: 142960.00, 持仓盈亏: 0.00, 平仓盈亏: 0.00, 市值: 0.00, 保证金: 457617.60, 手续费: 0.00, 风险度: 28.28%
    INFO - 日期: 2022-11-15, 账户权益: 1618325.58, 可用资金: 1160707.98, 浮动盈亏: 142960.00, 持仓盈亏: 0.00, 平仓盈亏: 0.00, 市值: 0.00, 保证金: 457617.60, 手续费: 0.00, 风险度: 28.28%
    INFO - 日期: 2022-11-16, 账户权益: 1618325.58, 可用资金: 1160707.98, 浮动盈亏: 142960.00, 持仓盈亏: 0.00, 平仓盈亏: 0.00, 市值: 0.00, 保证金: 457617.60, 手续费: 0.00, 风险度: 28.28%
    INFO - 日期: 2022-11-17, 账户权益: 1618325.58, 可用资金: 1160707.98, 浮动盈亏: 142960.00, 持仓盈亏: 0.00, 平仓盈亏: 0.00, 市值: 0.00, 保证金: 457617.60, 手续费: 0.00, 风险度: 28.28%
    INFO - 日期: 2022-11-18, 账户权益: 1618325.58, 可用资金: 1160707.98, 浮动盈亏: 142960.00, 持仓盈亏: 0.00, 平仓盈亏: 0.00, 市值: 0.00, 保证金: 457617.60, 手续费: 0.00, 风险度: 28.28%
    INFO - 日期: 2022-11-21, 账户权益: 1618325.58, 可用资金: 1160707.98, 浮动盈亏: 142960.00, 持仓盈亏: 0.00, 平仓盈亏: 0.00, 市值: 0.00, 保证金: 457617.60, 手续费: 0.00, 风险度: 28.28%
    INFO - 日期: 2022-11-22, 账户权益: 1618325.58, 可用资金: 1160707.98, 浮动盈亏: 142960.00, 持仓盈亏: 0.00, 平仓盈亏: 0.00, 市值: 0.00, 保证金: 457617.60, 手续费: 0.00, 风险度: 28.28%
    INFO - 日期: 2022-11-23, 账户权益: 1618325.58, 可用资金: 1160707.98, 浮动盈亏: 142960.00, 持仓盈亏: 0.00, 平仓盈亏: 0.00, 市值: 0.00, 保证金: 457617.60, 手续费: 0.00, 风险度: 28.28%
    INFO - 日期: 2022-11-24, 账户权益: 1618325.58, 可用资金: 1160707.98, 浮动盈亏: 142960.00, 持仓盈亏: 0.00, 平仓盈亏: 0.00, 市值: 0.00, 保证金: 457617.60, 手续费: 0.00, 风险度: 28.28%
    INFO - 日期: 2022-11-25, 账户权益: 1618325.58, 可用资金: 1160707.98, 浮动盈亏: 142960.00, 持仓盈亏: 0.00, 平仓盈亏: 0.00, 市值: 0.00, 保证金: 457617.60, 手续费: 0.00, 风险度: 28.28%
    INFO - 日期: 2022-11-28, 账户权益: 1618325.58, 可用资金: 1160707.98, 浮动盈亏: 142960.00, 持仓盈亏: 0.00, 平仓盈亏: 0.00, 市值: 0.00, 保证金: 457617.60, 手续费: 0.00, 风险度: 28.28%
    INFO - 日期: 2022-11-29, 账户权益: 1618325.58, 可用资金: 1160707.98, 浮动盈亏: 142960.00, 持仓盈亏: 0.00, 平仓盈亏: 0.00, 市值: 0.00, 保证金: 457617.60, 手续费: 0.00, 风险度: 28.28%
    INFO - 日期: 2022-11-30, 账户权益: 1618325.58, 可用资金: 1160707.98, 浮动盈亏: 142960.00, 持仓盈亏: 0.00, 平仓盈亏: 0.00, 市值: 0.00, 保证金: 457617.60, 手续费: 0.00, 风险度: 28.28%
    INFO - 日期: 2022-12-01, 账户权益: 1618325.58, 可用资金: 1160707.98, 浮动盈亏: 142960.00, 持仓盈亏: 0.00, 平仓盈亏: 0.00, 市值: 0.00, 保证金: 457617.60, 手续费: 0.00, 风险度: 28.28%
    INFO - 日期: 2022-12-02, 账户权益: 1618325.58, 可用资金: 1160707.98, 浮动盈亏: 142960.00, 持仓盈亏: 0.00, 平仓盈亏: 0.00, 市值: 0.00, 保证金: 457617.60, 手续费: 0.00, 风险度: 28.28%
    INFO - 日期: 2022-12-05, 账户权益: 1618325.58, 可用资金: 1160707.98, 浮动盈亏: 142960.00, 持仓盈亏: 0.00, 平仓盈亏: 0.00, 市值: 0.00, 保证金: 457617.60, 手续费: 0.00, 风险度: 28.28%
    INFO - 日期: 2022-12-06, 账户权益: 1618325.58, 可用资金: 1160707.98, 浮动盈亏: 142960.00, 持仓盈亏: 0.00, 平仓盈亏: 0.00, 市值: 0.00, 保证金: 457617.60, 手续费: 0.00, 风险度: 28.28%
    INFO - 日期: 2022-12-07, 账户权益: 1618325.58, 可用资金: 1160707.98, 浮动盈亏: 142960.00, 持仓盈亏: 0.00, 平仓盈亏: 0.00, 市值: 0.00, 保证金: 457617.60, 手续费: 0.00, 风险度: 28.28%
    INFO - 日期: 2022-12-08, 账户权益: 1618325.58, 可用资金: 1160707.98, 浮动盈亏: 142960.00, 持仓盈亏: 0.00, 平仓盈亏: 0.00, 市值: 0.00, 保证金: 457617.60, 手续费: 0.00, 风险度: 28.28%
    INFO - 日期: 2022-12-09, 账户权益: 1618325.58, 可用资金: 1160707.98, 浮动盈亏: 142960.00, 持仓盈亏: 0.00, 平仓盈亏: 0.00, 市值: 0.00, 保证金: 457617.60, 手续费: 0.00, 风险度: 28.28%
    INFO - 日期: 2022-12-12, 账户权益: 1618325.58, 可用资金: 1160707.98, 浮动盈亏: 142960.00, 持仓盈亏: 0.00, 平仓盈亏: 0.00, 市值: 0.00, 保证金: 457617.60, 手续费: 0.00, 风险度: 28.28%
    INFO - 日期: 2022-12-13, 账户权益: 1618325.58, 可用资金: 1160707.98, 浮动盈亏: 142960.00, 持仓盈亏: 0.00, 平仓盈亏: 0.00, 市值: 0.00, 保证金: 457617.60, 手续费: 0.00, 风险度: 28.28%
    INFO - 日期: 2022-12-14, 账户权益: 1618325.58, 可用资金: 1160707.98, 浮动盈亏: 142960.00, 持仓盈亏: 0.00, 平仓盈亏: 0.00, 市值: 0.00, 保证金: 457617.60, 手续费: 0.00, 风险度: 28.28%
    INFO - 日期: 2022-12-15, 账户权益: 1618325.58, 可用资金: 1160707.98, 浮动盈亏: 142960.00, 持仓盈亏: 0.00, 平仓盈亏: 0.00, 市值: 0.00, 保证金: 457617.60, 手续费: 0.00, 风险度: 28.28%
    INFO - 日期: 2022-12-16, 账户权益: 1618325.58, 可用资金: 1160707.98, 浮动盈亏: 142960.00, 持仓盈亏: 0.00, 平仓盈亏: 0.00, 市值: 0.00, 保证金: 457617.60, 手续费: 0.00, 风险度: 28.28%
    INFO - 日期: 2022-12-19, 账户权益: 1618325.58, 可用资金: 1160707.98, 浮动盈亏: 142960.00, 持仓盈亏: 0.00, 平仓盈亏: 0.00, 市值: 0.00, 保证金: 457617.60, 手续费: 0.00, 风险度: 28.28%
    INFO - 日期: 2022-12-20, 账户权益: 1618325.58, 可用资金: 1160707.98, 浮动盈亏: 142960.00, 持仓盈亏: 0.00, 平仓盈亏: 0.00, 市值: 0.00, 保证金: 457617.60, 手续费: 0.00, 风险度: 28.28%
    INFO - 日期: 2022-12-21, 账户权益: 1618325.58, 可用资金: 1160707.98, 浮动盈亏: 142960.00, 持仓盈亏: 0.00, 平仓盈亏: 0.00, 市值: 0.00, 保证金: 457617.60, 手续费: 0.00, 风险度: 28.28%
    INFO - 日期: 2022-12-22, 账户权益: 1618325.58, 可用资金: 1160707.98, 浮动盈亏: 142960.00, 持仓盈亏: 0.00, 平仓盈亏: 0.00, 市值: 0.00, 保证金: 457617.60, 手续费: 0.00, 风险度: 28.28%
    INFO - 日期: 2022-12-23, 账户权益: 1618325.58, 可用资金: 1160707.98, 浮动盈亏: 142960.00, 持仓盈亏: 0.00, 平仓盈亏: 0.00, 市值: 0.00, 保证金: 457617.60, 手续费: 0.00, 风险度: 28.28%
    INFO - 日期: 2022-12-26, 账户权益: 1618325.58, 可用资金: 1160707.98, 浮动盈亏: 142960.00, 持仓盈亏: 0.00, 平仓盈亏: 0.00, 市值: 0.00, 保证金: 457617.60, 手续费: 0.00, 风险度: 28.28%
    INFO - 日期: 2022-12-27, 账户权益: 1618325.58, 可用资金: 1160707.98, 浮动盈亏: 142960.00, 持仓盈亏: 0.00, 平仓盈亏: 0.00, 市值: 0.00, 保证金: 457617.60, 手续费: 0.00, 风险度: 28.28%
    INFO - 日期: 2022-12-28, 账户权益: 1618325.58, 可用资金: 1160707.98, 浮动盈亏: 142960.00, 持仓盈亏: 0.00, 平仓盈亏: 0.00, 市值: 0.00, 保证金: 457617.60, 手续费: 0.00, 风险度: 28.28%
    INFO - 日期: 2022-12-29, 账户权益: 1618325.58, 可用资金: 1160707.98, 浮动盈亏: 142960.00, 持仓盈亏: 0.00, 平仓盈亏: 0.00, 市值: 0.00, 保证金: 457617.60, 手续费: 0.00, 风险度: 28.28%
    INFO - 日期: 2022-12-30, 账户权益: 1618325.58, 可用资金: 1160707.98, 浮动盈亏: 142960.00, 持仓盈亏: 0.00, 平仓盈亏: 0.00, 市值: 0.00, 保证金: 457617.60, 手续费: 0.00, 风险度: 28.28%
    INFO - 胜率: 72.22%, 盈亏额比例: 1.17, 收益率: 61.83%, 年化收益率: 10.40%, 最大回撤: 8.51%, 年化夏普率: 0.8623,年化索提诺比率: 1.1568
2026-04-10 01:31:34,107 - INFO - 
回测结束，开始保存剩余数据...
2026-04-10 01:31:34,152 - INFO - ✅ 保存完成！共 1179 根 K 线
2026-04-10 01:31:34,152 - INFO -    CSV: IC_main_vs_CSI500_86400s_2018-01-01_2023-01-01.csv
2026-04-10 01:31:34,153 - INFO - 📊 本次回测共触发贴水≥50bp 报警 483 次
2026-04-10 01:31:34,155 - INFO - 📈 【策略绩效评估】
2026-04-10 01:31:34,155 - INFO -    起始资金: 1,000,000.00
2026-04-10 01:31:34,155 - INFO -    最终资金: 1,618,325.58
2026-04-10 01:31:34,155 - INFO -    年化收益率 (CAGR): 10.10%
2026-04-10 01:31:34,155 - INFO -    最大回撤 (Max Drawdown): -8.51%
2026-04-10 01:31:34,155 - INFO -    夏普比率 (Sharpe Ratio): 1.11
2026-04-10 01:31:34,174 - INFO - 📅 【年度收益分析】
2026-04-10 01:31:34,174 - INFO -    2018年度: 1.07%
2026-04-10 01:31:34,174 - INFO -    2019年度: 5.23%
2026-04-10 01:31:34,174 - INFO -    2020年度: 22.75%
2026-04-10 01:31:34,174 - INFO -    2021年度: 14.55%
2026-04-10 01:31:34,174 - INFO -    2022年度: 8.22%
2026-04-10 01:31:34,177 - INFO - 📆 【半年度收益分析】
2026-04-10 01:31:34,178 - INFO -    2018 H1: 3.79%
2026-04-10 01:31:34,178 - INFO -    2018 H2: -2.63%
2026-04-10 01:31:34,178 - INFO -    2019 H1: 8.72%
2026-04-10 01:31:34,178 - INFO -    2019 H2: -3.22%
2026-04-10 01:31:34,178 - INFO -    2020 H1: 17.56%
2026-04-10 01:31:34,178 - INFO -    2020 H2: 4.42%
2026-04-10 01:31:34,179 - INFO -    2021 H1: 2.48%
2026-04-10 01:31:34,179 - INFO -    2021 H2: 11.78%
2026-04-10 01:31:34,179 - INFO -    2022 H1: 6.41%
2026-04-10 01:31:34,179 - INFO -    2022 H2: 1.71%
2026-04-10 01:31:34,179 - INFO - 运行时长：22.82 分
2026-04-10 01:31:34,414 - DEBUG - process end
