datetime,fut_close,idx_close,days_left,ann_basis
2018-01-01 16:00:00,6292.0,6263.15,18.0,-9.341
2018-01-02 16:00:00,6353.6,6331.72,17.0,-7.419
2018-01-03 16:00:00,6375.0,6380.27,16.0,1.884
2018-01-04 16:00:00,6408.0,6414.77,15.0,2.568
2018-01-07 16:00:00,6400.8,6413.87,14.0,5.313
2018-01-08 16:00:00,6435.0,6445.75,11.0,5.534
2018-01-09 16:00:00,6406.6,6405.94,10.0,-0.376
2018-01-10 16:00:00,6423.2,6425.94,9.0,1.729
2018-01-11 16:00:00,6401.2,6399.37,8.0,-1.305
2018-01-14 16:00:00,6273.0,6253.38,7.0,-16.36
2018-01-15 16:00:00,6285.6,6301.13,4.0,22.49
2018-01-16 16:00:00,6250.0,6267.46,3.0,33.894
2018-01-17 16:00:00,6285.6,6286.8,2.0,3.483
2018-01-18 16:00:00,6281.0,6272.38,1.0,-50.161
2018-01-21 16:00:00,6348.6,6347.64,34.0,-0.162
2018-01-22 16:00:00,6345.8,6355.0,31.0,1.705
2018-01-23 16:00:00,6409.6,6394.3,30.0,-2.911
2018-01-24 16:00:00,6387.0,6382.72,29.0,-0.844
2018-01-25 16:00:00,6397.0,6383.63,28.0,-2.73
2018-01-28 16:00:00,6312.2,6309.88,27.0,-0.497
2018-01-29 16:00:00,6302.8,6313.44,24.0,2.563
2018-01-30 16:00:00,6186.6,6189.34,23.0,0.703
2018-01-31 16:00:00,5970.0,5984.74,22.0,4.086
2018-02-01 16:00:00,5986.2,6004.85,21.0,5.398
2018-02-04 16:00:00,5979.8,5998.22,20.0,5.604
2018-02-05 16:00:00,5686.8,5704.26,17.0,6.572
2018-02-06 16:00:00,5663.0,5711.33,16.0,19.304
2018-02-07 16:00:00,5747.0,5766.48,15.0,8.22
2018-02-08 16:00:00,5504.0,5554.9,14.0,23.889
2018-02-11 16:00:00,5661.0,5699.1,13.0,18.77
2018-02-12 16:00:00,5713.8,5736.95,10.0,14.729
2018-02-13 16:00:00,5730.0,5754.83,9.0,17.498
2018-02-21 16:00:00,5825.0,5875.73,23.0,13.701
2018-02-22 16:00:00,5833.4,5897.68,22.0,18.083
2018-02-25 16:00:00,6004.6,6029.68,21.0,7.229
2018-02-26 16:00:00,5979.6,6010.56,18.0,10.445
2018-02-27 16:00:00,5983.4,6023.68,17.0,14.357
2018-02-28 16:00:00,6057.8,6090.22,16.0,12.144
2018-03-01 16:00:00,6035.2,6056.34,15.0,8.494
2018-03-04 16:00:00,6019.2,6064.1,14.0,19.304
2018-03-05 16:00:00,6111.8,6145.58,11.0,18.239
2018-03-06 16:00:00,6031.0,6086.49,10.0,33.277
2018-03-07 16:00:00,6095.4,6131.51,9.0,23.884
2018-03-08 16:00:00,6198.8,6206.98,8.0,6.013
2018-03-11 16:00:00,6275.4,6295.78,7.0,16.879
2018-03-12 16:00:00,6241.0,6254.15,4.0,19.186
2018-03-13 16:00:00,6177.0,6189.32,3.0,24.218
2018-03-14 16:00:00,6172.0,6180.11,2.0,23.949
2018-03-15 16:00:00,6174.2,6146.31,1.0,-165.625
2018-03-18 16:00:00,6080.4,6153.83,35.0,12.444
2018-03-19 16:00:00,6103.2,6173.7,32.0,13.025
2018-03-20 16:00:00,6040.0,6129.2,31.0,17.135
2018-03-21 16:00:00,6037.4,6101.23,30.0,12.729
2018-03-22 16:00:00,5665.6,5787.15,29.0,26.435
2018-03-25 16:00:00,5846.0,5902.96,28.0,12.579
2018-03-26 16:00:00,6005.6,6034.78,25.0,7.06
2018-03-27 16:00:00,5915.2,5973.34,24.0,14.803
2018-03-28 16:00:00,6012.0,6034.86,23.0,6.011
2018-03-29 16:00:00,6101.0,6114.74,22.0,3.728
2018-04-01 16:00:00,6075.0,6121.96,21.0,13.332
2018-04-02 16:00:00,6023.4,6059.71,18.0,12.151
2018-04-03 16:00:00,5976.0,6017.69,17.0,14.875
2018-04-08 16:00:00,5981.8,6025.65,14.0,18.973
2018-04-09 16:00:00,6048.0,6063.74,11.0,8.613
2018-04-10 16:00:00,6055.0,6086.61,10.0,18.956
2018-04-11 16:00:00,6022.8,6051.33,9.0,19.121
2018-04-12 16:00:00,6010.0,6027.19,8.0,13.013
2018-04-15 16:00:00,5989.0,6012.41,7.0,20.302
2018-04-16 16:00:00,5888.0,5890.86,4.0,4.43
2018-04-17 16:00:00,5951.0,5970.66,3.0,40.062
2018-04-18 16:00:00,6000.0,6004.73,2.0,14.376
2018-04-19 16:00:00,5908.0,5880.84,1.0,-168.571
2018-04-22 16:00:00,5779.2,5823.92,28.0,10.01
2018-04-23 16:00:00,5913.2,5957.19,25.0,10.781
2018-04-24 16:00:00,5913.0,5959.42,24.0,11.846
2018-04-25 16:00:00,5806.4,5847.98,23.0,11.283
2018-04-26 16:00:00,5852.2,5860.98,22.0,2.485
2018-05-01 16:00:00,5827.8,5855.32,17.0,10.091
2018-05-02 16:00:00,5892.4,5910.61,16.0,7.028
2018-05-03 16:00:00,5881.0,5909.29,15.0,11.649
2018-05-06 16:00:00,6001.0,6019.14,14.0,7.857
2018-05-07 16:00:00,6028.6,6041.81,11.0,7.255
2018-05-08 16:00:00,6011.0,6029.23,10.0,11.036
2018-05-09 16:00:00,6036.4,6040.57,9.0,2.8
2018-05-10 16:00:00,5993.0,5991.34,8.0,-1.264
2018-05-13 16:00:00,5964.0,5967.55,7.0,3.102
2018-05-14 16:00:00,6020.0,6020.57,4.0,0.864
2018-05-15 16:00:00,6012.6,6004.07,3.0,-17.285
2018-05-16 16:00:00,5975.0,5973.78,2.0,-3.727
2018-05-17 16:00:00,5975.2,5995.15,29.0,4.188
2018-05-20 16:00:00,6027.4,6072.2,28.0,9.618
2018-05-21 16:00:00,6066.0,6092.91,25.0,6.448
2018-05-22 16:00:00,5992.4,6013.85,24.0,5.424
2018-05-23 16:00:00,5966.8,5992.62,23.0,6.838
2018-05-24 16:00:00,5874.8,5917.8,22.0,12.055
2018-05-27 16:00:00,5878.4,5891.26,21.0,3.794
2018-05-28 16:00:00,5794.4,5835.45,18.0,14.265
2018-05-29 16:00:00,5653.2,5682.59,17.0,11.104
2018-05-30 16:00:00,5738.0,5754.47,16.0,6.529
2018-05-31 16:00:00,5664.0,5685.12,15.0,9.04
2018-06-03 16:00:00,5671.0,5683.15,14.0,5.574
2018-06-04 16:00:00,5770.2,5779.08,11.0,5.099
2018-06-05 16:00:00,5765.6,5774.26,10.0,5.474
2018-06-06 16:00:00,5732.0,5738.02,9.0,4.255
2018-06-07 16:00:00,5658.6,5669.3,8.0,8.611
2018-06-10 16:00:00,5639.2,5632.36,7.0,-6.332
2018-06-11 16:00:00,5686.8,5693.35,4.0,10.498
2018-06-12 16:00:00,5603.0,5607.02,3.0,8.723
2018-06-13 16:00:00,5594.0,5586.93,2.0,-23.095
2018-06-14 16:00:00,5482.6,5483.94,1.0,8.919
2018-06-18 16:00:00,5057.8,5141.71,32.0,18.614
2018-06-19 16:00:00,5142.2,5198.39,31.0,12.727
2018-06-20 16:00:00,5010.0,5089.25,30.0,18.946
2018-06-21 16:00:00,5110.8,5160.12,29.0,12.03
2018-06-24 16:00:00,5028.8,5125.03,28.0,24.476
2018-06-25 16:00:00,5095.0,5160.28,25.0,18.47
2018-06-26 16:00:00,5001.0,5109.5,24.0,32.295
2018-06-27 16:00:00,5007.2,5055.11,23.0,15.04
2018-06-28 16:00:00,5185.4,5217.76,22.0,10.29
2018-07-01 16:00:00,5100.0,5138.78,21.0,13.117
2018-07-02 16:00:00,5144.0,5197.13,18.0,20.73
2018-07-03 16:00:00,5085.4,5121.34,17.0,15.067
2018-07-04 16:00:00,4920.2,4982.76,16.0,28.642
2018-07-05 16:00:00,4948.0,4996.63,15.0,23.683
2018-07-08 16:00:00,5088.0,5107.55,14.0,9.979
2018-07-09 16:00:00,5115.0,5136.53,11.0,13.908
2018-07-10 16:00:00,5008.8,5036.16,10.0,19.829
2018-07-11 16:00:00,5178.4,5172.5,9.0,-4.626
2018-07-12 16:00:00,5191.0,5204.19,8.0,11.564
2018-07-15 16:00:00,5199.2,5195.2,7.0,-4.015
2018-07-16 16:00:00,5184.4,5196.2,4.0,20.722
2018-07-17 16:00:00,5159.2,5156.64,3.0,-6.04
2018-07-18 16:00:00,5119.4,5111.33,2.0,-28.814
2018-07-19 16:00:00,5145.2,5175.25,29.0,7.308
2018-07-22 16:00:00,5191.0,5214.0,28.0,5.75
2018-07-23 16:00:00,5299.0,5304.64,25.0,1.552
2018-07-24 16:00:00,5297.8,5308.66,24.0,3.111
2018-07-25 16:00:00,5261.6,5273.48,23.0,3.575
2018-07-26 16:00:00,5230.0,5249.29,22.0,6.097
2018-07-29 16:00:00,5140.4,5185.15,21.0,15.0
2018-07-30 16:00:00,5157.4,5188.72,18.0,12.24
2018-07-31 16:00:00,5074.8,5105.37,17.0,12.856
2018-08-01 16:00:00,4946.4,4996.01,16.0,22.653
2018-08-02 16:00:00,4878.2,4929.75,15.0,25.445
2018-08-05 16:00:00,4806.0,4825.25,14.0,10.401
2018-08-06 16:00:00,4929.0,4956.87,11.0,18.656
2018-08-07 16:00:00,4855.4,4880.57,10.0,18.824
2018-08-08 16:00:00,4977.0,5004.77,9.0,22.503
2018-08-09 16:00:00,5012.8,5030.51,8.0,16.062
2018-08-12 16:00:00,5046.4,5055.28,7.0,9.159
2018-08-13 16:00:00,5036.8,5037.88,4.0,1.956
2018-08-14 16:00:00,4926.0,4932.81,3.0,16.797
2018-08-15 16:00:00,4871.0,4888.37,2.0,64.848
2018-08-16 16:00:00,4738.0,4803.03,36.0,13.727
2018-08-19 16:00:00,4783.6,4832.65,35.0,10.585
2018-08-20 16:00:00,4825.0,4891.98,32.0,15.617
2018-08-21 16:00:00,4806.0,4837.02,31.0,7.551
2018-08-22 16:00:00,4826.2,4863.67,30.0,9.373
2018-08-23 16:00:00,4809.4,4852.32,29.0,11.133
2018-08-26 16:00:00,4931.4,4960.07,28.0,7.535
2018-08-27 16:00:00,4936.8,4974.21,25.0,10.98
2018-08-28 16:00:00,4918.2,4941.96,24.0,7.312
2018-08-29 16:00:00,4846.0,4867.23,23.0,6.922
2018-08-30 16:00:00,4783.4,4814.82,22.0,10.827
2018-09-02 16:00:00,4819.6,4838.87,21.0,6.922
2018-09-03 16:00:00,4857.6,4890.28,18.0,13.551
2018-09-04 16:00:00,4785.0,4815.19,17.0,13.462
2018-09-05 16:00:00,4767.8,4793.35,16.0,12.16
2018-09-06 16:00:00,4765.0,4791.78,15.0,13.599
2018-09-09 16:00:00,4684.2,4705.11,14.0,11.586
2018-09-10 16:00:00,4694.4,4702.9,11.0,5.997
2018-09-11 16:00:00,4675.0,4693.97,10.0,14.751
2018-09-12 16:00:00,4718.0,4721.21,9.0,2.757
2018-09-13 16:00:00,4654.4,4670.1,8.0,15.338
2018-09-16 16:00:00,4602.8,4602.53,7.0,-0.306
2018-09-17 16:00:00,4679.4,4683.98,4.0,8.922
2018-09-18 16:00:00,4734.4,4737.25,3.0,7.32
2018-09-19 16:00:00,4743.6,4733.6,2.0,-38.554
2018-09-20 16:00:00,4827.8,4805.22,29.0,-5.914
2018-09-24 16:00:00,4793.2,4792.55,25.0,-0.198
2018-09-25 16:00:00,4800.0,4815.65,24.0,4.942
2018-09-26 16:00:00,4764.6,4755.58,23.0,-3.01
2018-09-27 16:00:00,4820.4,4800.86,22.0,-6.753
2018-10-07 16:00:00,4654.8,4646.49,14.0,-4.663
2018-10-08 16:00:00,4624.8,4634.89,11.0,7.224
2018-10-09 16:00:00,4639.2,4629.89,10.0,-7.34
2018-10-10 16:00:00,4258.2,4307.42,9.0,46.342
2018-10-11 16:00:00,4267.2,4278.04,8.0,11.561
2018-10-14 16:00:00,4178.4,4199.15,7.0,25.766
2018-10-15 16:00:00,4100.4,4099.73,4.0,-1.491
2018-10-16 16:00:00,4120.6,4133.47,3.0,37.882
2018-10-17 16:00:00,4033.2,4018.55,2.0,-66.532
2018-10-18 16:00:00,4080.4,4128.2,29.0,14.573
2018-10-21 16:00:00,4317.6,4333.24,28.0,4.705
2018-10-22 16:00:00,4219.6,4253.59,25.0,11.667
2018-10-23 16:00:00,4209.8,4245.49,24.0,12.785
2018-10-24 16:00:00,4226.0,4234.52,23.0,3.193
2018-10-25 16:00:00,4199.8,4234.69,22.0,13.669
2018-10-28 16:00:00,4156.0,4162.58,21.0,2.747
2018-10-29 16:00:00,4189.6,4204.54,18.0,7.205
2018-10-30 16:00:00,4252.0,4272.55,17.0,10.327
2018-10-31 16:00:00,4280.0,4299.42,16.0,10.304
2018-11-01 16:00:00,4436.0,4437.95,15.0,1.069
2018-11-04 16:00:00,4430.2,4440.83,14.0,6.241
2018-11-05 16:00:00,4439.2,4438.1,11.0,-0.822
2018-11-06 16:00:00,4388.4,4415.2,10.0,22.155
2018-11-07 16:00:00,4370.8,4382.38,9.0,10.716
2018-11-08 16:00:00,4368.8,4368.61,8.0,-0.198
2018-11-11 16:00:00,4487.2,4481.69,7.0,-6.411
2018-11-12 16:00:00,4571.0,4563.54,4.0,-14.917
2018-11-13 16:00:00,4552.6,4545.51,3.0,-18.977
2018-11-14 16:00:00,4620.0,4619.81,2.0,-0.751
2018-11-15 16:00:00,4647.8,4659.1,36.0,2.459
2018-11-18 16:00:00,4659.4,4670.74,35.0,2.532
2018-11-19 16:00:00,4520.0,4537.45,32.0,4.387
2018-11-20 16:00:00,4536.2,4554.67,31.0,4.775
2018-11-21 16:00:00,4523.0,4551.33,30.0,7.573
2018-11-22 16:00:00,4328.2,4374.91,29.0,13.438
2018-11-25 16:00:00,4315.8,4367.46,28.0,15.419
2018-11-26 16:00:00,4344.2,4387.65,25.0,14.458
2018-11-27 16:00:00,4398.0,4441.86,24.0,15.017
2018-11-28 16:00:00,4312.2,4345.7,23.0,12.233
2018-11-29 16:00:00,4328.2,4376.65,22.0,18.366
2018-12-02 16:00:00,4472.0,4515.17,21.0,16.618
2018-12-03 16:00:00,4514.6,4536.21,18.0,9.66
2018-12-04 16:00:00,4470.0,4502.7,17.0,15.593
2018-12-05 16:00:00,4388.2,4411.09,16.0,11.838
2018-12-06 16:00:00,4386.0,4410.96,15.0,13.769
2018-12-09 16:00:00,4336.6,4359.31,14.0,13.582
2018-12-10 16:00:00,4387.2,4395.57,11.0,6.318
2018-12-11 16:00:00,4371.8,4393.32,10.0,17.879
2018-12-12 16:00:00,4430.2,4443.16,9.0,11.829
2018-12-13 16:00:00,4329.6,4337.1,8.0,7.89
2018-12-16 16:00:00,4321.2,4330.65,7.0,11.378
2018-12-17 16:00:00,4295.2,4307.27,4.0,25.57
2018-12-18 16:00:00,4236.2,4247.9,3.0,33.511
2018-12-19 16:00:00,4264.0,4259.76,2.0,-18.165
2018-12-20 16:00:00,4206.0,4231.14,29.0,7.478
2018-12-23 16:00:00,4255.0,4274.72,28.0,6.014
2018-12-24 16:00:00,4195.2,4225.79,25.0,10.569
2018-12-25 16:00:00,4189.0,4208.65,24.0,7.101
2018-12-26 16:00:00,4131.0,4161.27,23.0,11.544
2018-12-27 16:00:00,4120.4,4168.04,22.0,18.963
2019-01-01 16:00:00,4096.8,4131.96,17.0,18.27
2019-01-02 16:00:00,4086.6,4112.81,16.0,14.538
2019-01-03 16:00:00,4207.8,4210.88,15.0,1.78
2019-01-06 16:00:00,4268.6,4288.32,14.0,11.989
2019-01-07 16:00:00,4270.8,4277.34,11.0,5.073
2019-01-08 16:00:00,4273.8,4289.03,10.0,12.961
2019-01-09 16:00:00,4277.4,4281.86,9.0,4.224
2019-01-10 16:00:00,4312.0,4314.88,8.0,3.045
2019-01-13 16:00:00,4290.2,4286.55,7.0,-4.44
2019-01-14 16:00:00,4351.4,4347.36,4.0,-8.48
2019-01-15 16:00:00,4341.0,4336.88,3.0,-11.558
2019-01-16 16:00:00,4307.4,4303.73,2.0,-15.563
2019-01-17 16:00:00,4341.0,4347.81,29.0,1.971
2019-01-20 16:00:00,4360.0,4373.63,28.0,4.062
2019-01-21 16:00:00,4294.2,4308.25,25.0,4.761
2019-01-22 16:00:00,4302.6,4315.68,24.0,4.609
2019-01-23 16:00:00,4330.8,4338.17,23.0,2.696
2019-01-24 16:00:00,4310.0,4318.44,22.0,3.243
2019-01-27 16:00:00,4291.6,4307.22,21.0,6.303
2019-01-28 16:00:00,4242.4,4254.29,18.0,5.667
2019-01-29 16:00:00,4201.8,4211.62,17.0,5.006
2019-01-30 16:00:00,4183.6,4176.47,16.0,-3.895
2019-01-31 16:00:00,4313.2,4294.27,15.0,-10.727
2019-02-10 16:00:00,4406.8,4402.87,7.0,-4.654
2019-02-11 16:00:00,4433.4,4439.48,4.0,12.497
2019-02-12 16:00:00,4512.0,4512.41,3.0,1.105
2019-02-13 16:00:00,4533.8,4532.17,2.0,-6.564
2019-02-14 16:00:00,4502.6,4502.73,29.0,0.036
2019-02-17 16:00:00,4677.0,4661.0,28.0,-4.475
2019-02-18 16:00:00,4659.0,4667.28,25.0,2.59
2019-02-19 16:00:00,4652.0,4667.62,24.0,5.089
2019-02-20 16:00:00,4662.0,4659.14,23.0,-0.974
2019-02-21 16:00:00,4804.8,4777.3,22.0,-9.55
2019-02-24 16:00:00,5123.0,5044.35,21.0,-27.1
2019-02-25 16:00:00,5063.2,5038.54,18.0,-9.925
2019-02-26 16:00:00,5017.4,5017.88,17.0,0.205
2019-02-27 16:00:00,5034.6,5025.29,16.0,-4.226
2019-02-28 16:00:00,5081.2,5067.23,15.0,-6.709
2019-03-03 16:00:00,5144.4,5158.25,14.0,7.0
2019-03-04 16:00:00,5298.8,5295.29,11.0,-2.199
2019-03-05 16:00:00,5400.0,5390.03,10.0,-6.751
2019-03-06 16:00:00,5442.4,5458.62,9.0,12.051
2019-03-07 16:00:00,5296.4,5245.7,8.0,-44.097
2019-03-10 16:00:00,5448.8,5456.38,7.0,7.244
2019-03-11 16:00:00,5546.2,5551.0,4.0,7.89
2019-03-12 16:00:00,5403.6,5424.86,3.0,47.681
2019-03-13 16:00:00,5289.6,5298.5,2.0,30.655
2019-03-14 16:00:00,5330.6,5359.01,36.0,5.375
2019-03-17 16:00:00,5513.8,5501.18,35.0,-2.392
2019-03-18 16:00:00,5487.4,5522.18,32.0,7.184
2019-03-19 16:00:00,5470.0,5515.79,31.0,9.774
2019-03-20 16:00:00,5541.4,5589.48,30.0,10.466
2019-03-21 16:00:00,5611.2,5622.14,29.0,2.449
2019-03-24 16:00:00,5518.6,5549.67,28.0,7.298
2019-03-25 16:00:00,5358.0,5394.88,25.0,9.981
2019-03-26 16:00:00,5391.6,5447.88,24.0,15.711
2019-03-27 16:00:00,5318.6,5370.12,23.0,15.225
2019-03-28 16:00:00,5534.4,5547.66,22.0,3.966
2019-03-31 16:00:00,5766.0,5757.84,21.0,-2.463
2019-04-01 16:00:00,5746.6,5775.55,18.0,10.164
2019-04-02 16:00:00,5828.6,5836.04,17.0,2.737
2019-04-03 16:00:00,5882.6,5871.56,16.0,-4.289
2019-04-07 16:00:00,5800.8,5847.63,14.0,20.879
2019-04-08 16:00:00,5836.8,5858.05,11.0,12.037
2019-04-09 16:00:00,5818.8,5850.76,10.0,19.938
2019-04-10 16:00:00,5721.2,5727.17,9.0,4.228
2019-04-11 16:00:00,5701.2,5714.37,8.0,10.515
2019-04-14 16:00:00,5609.0,5655.98,7.0,43.311
2019-04-15 16:00:00,5759.2,5777.01,4.0,28.132
2019-04-16 16:00:00,5772.4,5807.73,3.0,74.013
2019-04-17 16:00:00,5765.2,5775.17,2.0,31.506
2019-04-18 16:00:00,5775.8,5810.18,29.0,7.448
2019-04-21 16:00:00,5677.0,5723.04,28.0,10.487
2019-04-22 16:00:00,5552.8,5628.06,25.0,19.524
2019-04-23 16:00:00,5627.0,5679.73,24.0,14.119
2019-04-24 16:00:00,5411.2,5458.42,23.0,13.729
2019-04-25 16:00:00,5375.2,5408.03,22.0,10.072
2019-04-28 16:00:00,5258.8,5265.6,21.0,2.245
2019-04-29 16:00:00,5267.2,5307.56,18.0,15.42
2019-05-05 16:00:00,4810.0,4908.8,14.0,52.474
2019-05-06 16:00:00,4906.0,4973.4,11.0,44.968
2019-05-07 16:00:00,4873.2,4947.74,10.0,54.989
2019-05-08 16:00:00,4842.8,4888.41,9.0,37.839
2019-05-09 16:00:00,5018.0,5064.32,8.0,41.73
2019-05-12 16:00:00,4938.4,5005.9,7.0,70.31
2019-05-13 16:00:00,4938.8,4965.61,4.0,49.267
2019-05-14 16:00:00,5046.2,5076.56,3.0,72.762
2019-05-15 16:00:00,4993.0,5108.36,37.0,22.277
2019-05-16 16:00:00,4824.8,4942.58,36.0,24.161
2019-05-19 16:00:00,4825.0,4923.56,35.0,20.876
2019-05-20 16:00:00,4903.6,5009.87,32.0,24.195
2019-05-21 16:00:00,4889.8,4976.39,31.0,20.487
2019-05-22 16:00:00,4788.2,4872.92,30.0,21.153
2019-05-23 16:00:00,4772.6,4841.76,29.0,17.978
2019-05-26 16:00:00,4903.0,4962.95,28.0,15.747
2019-05-27 16:00:00,4888.8,4955.49,25.0,19.648
2019-05-28 16:00:00,4866.0,4956.86,24.0,27.877
2019-05-29 16:00:00,4868.6,4926.4,23.0,18.619
2019-05-30 16:00:00,4808.8,4912.0,22.0,34.857
2019-06-02 16:00:00,4788.0,4853.82,21.0,23.569
2019-06-03 16:00:00,4746.8,4795.41,18.0,20.555
2019-06-04 16:00:00,4721.8,4783.82,17.0,27.836
2019-06-05 16:00:00,4611.8,4678.78,16.0,32.658
2019-06-09 16:00:00,4658.0,4725.26,14.0,37.11
2019-06-10 16:00:00,4876.6,4901.47,11.0,16.836
2019-06-11 16:00:00,4816.4,4863.49,10.0,35.341
2019-06-12 16:00:00,4838.6,4877.65,9.0,32.468
2019-06-13 16:00:00,4769.2,4795.53,8.0,25.051
2019-06-16 16:00:00,4792.8,4802.82,7.0,10.878
2019-06-17 16:00:00,4790.8,4797.15,4.0,12.079
2019-06-18 16:00:00,4855.0,4858.92,3.0,9.816
2019-06-19 16:00:00,4901.8,4954.73,30.0,12.997
2019-06-20 16:00:00,4975.0,5021.31,29.0,11.608
2019-06-23 16:00:00,4974.6,5024.2,28.0,12.869
2019-06-24 16:00:00,4920.8,4974.99,25.0,15.903
2019-06-25 16:00:00,4916.2,4962.59,24.0,14.217
2019-06-26 16:00:00,4957.2,5007.48,23.0,15.935
2019-06-27 16:00:00,4920.0,4950.48,22.0,10.215
2019-06-30 16:00:00,5050.0,5100.26,21.0,17.128
2019-07-01 16:00:00,5033.4,5084.41,18.0,20.344
2019-07-02 16:00:00,5004.6,5040.72,17.0,15.385
2019-07-03 16:00:00,4984.0,5025.02,16.0,18.622
2019-07-04 16:00:00,5017.0,5042.66,15.0,12.382
2019-07-07 16:00:00,4821.6,4870.78,14.0,26.324
2019-07-08 16:00:00,4829.4,4881.62,11.0,35.495
2019-07-09 16:00:00,4809.8,4843.86,10.0,25.665
2019-07-10 16:00:00,4800.6,4844.55,9.0,36.792
2019-07-11 16:00:00,4843.0,4861.57,8.0,17.428
2019-07-14 16:00:00,4906.0,4925.32,7.0,20.453
2019-07-15 16:00:00,4921.2,4932.05,4.0,20.074
2019-07-16 16:00:00,4911.4,4929.09,3.0,43.665
2019-07-17 16:00:00,4848.2,4844.11,2.0,-15.409
2019-07-18 16:00:00,4823.4,4878.69,29.0,14.264
2019-07-21 16:00:00,4733.2,4776.57,28.0,11.836
2019-07-22 16:00:00,4776.4,4823.92,25.0,14.382
2019-07-23 16:00:00,4820.4,4873.03,24.0,16.425
2019-07-24 16:00:00,4846.4,4891.64,23.0,14.677
2019-07-25 16:00:00,4859.2,4898.11,22.0,13.18
2019-07-28 16:00:00,4844.0,4897.02,21.0,18.818
2019-07-29 16:00:00,4877.6,4922.92,18.0,18.668
2019-07-30 16:00:00,4874.0,4903.2,17.0,12.786
2019-07-31 16:00:00,4841.0,4870.47,16.0,13.803
2019-08-01 16:00:00,4779.2,4809.92,15.0,15.541
2019-08-04 16:00:00,4725.0,4751.98,14.0,14.802
2019-08-05 16:00:00,4626.8,4650.56,11.0,16.953
2019-08-06 16:00:00,4591.6,4626.36,10.0,27.424
2019-08-07 16:00:00,4616.6,4656.1,9.0,34.405
2019-08-08 16:00:00,4570.6,4600.35,8.0,29.505
2019-08-11 16:00:00,4665.8,4685.05,7.0,21.425
2019-08-12 16:00:00,4646.8,4658.39,4.0,22.703
2019-08-13 16:00:00,4672.0,4683.84,3.0,30.755
2019-08-14 16:00:00,4652.6,4706.55,37.0,11.308
2019-08-15 16:00:00,4664.8,4722.66,36.0,12.422
2019-08-18 16:00:00,4853.8,4875.04,35.0,4.544
2019-08-19 16:00:00,4831.8,4872.61,32.0,9.553
2019-08-20 16:00:00,4842.8,4882.72,31.0,9.626
2019-08-21 16:00:00,4837.2,4887.91,30.0,12.622
2019-08-22 16:00:00,4841.8,4887.9,29.0,11.871
2019-08-25 16:00:00,4815.0,4855.46,28.0,10.863
2019-08-26 16:00:00,4874.4,4936.12,25.0,18.255
2019-08-27 16:00:00,4885.8,4928.19,24.0,13.082
2019-08-28 16:00:00,4891.2,4934.18,23.0,13.823
2019-08-29 16:00:00,4859.0,4886.49,22.0,9.334
2019-09-01 16:00:00,4977.4,5008.3,21.0,10.724
2019-09-02 16:00:00,5004.0,5044.18,18.0,16.152
2019-09-03 16:00:00,5098.0,5093.27,17.0,-1.994
2019-09-04 16:00:00,5125.8,5138.41,16.0,5.598
2019-09-05 16:00:00,5151.4,5154.64,15.0,1.529
2019-09-08 16:00:00,5248.6,5263.46,14.0,7.361
2019-09-09 16:00:00,5236.4,5245.31,11.0,5.636
2019-09-10 16:00:00,5218.0,5217.29,10.0,-0.497
2019-09-11 16:00:00,5240.2,5242.61,9.0,1.864
2019-09-15 16:00:00,5237.4,5250.34,7.0,12.851
2019-09-16 16:00:00,5130.0,5140.45,4.0,18.55
2019-09-17 16:00:00,5130.8,5141.04,3.0,24.234
2019-09-18 16:00:00,5150.6,5191.67,30.0,9.625
2019-09-19 16:00:00,5147.4,5204.48,29.0,13.804
2019-09-22 16:00:00,5139.4,5171.48,28.0,8.086
2019-09-23 16:00:00,5127.2,5180.74,25.0,15.088
2019-09-24 16:00:00,5047.6,5087.01,24.0,11.782
2019-09-25 16:00:00,4953.2,4970.24,23.0,5.441
2019-09-26 16:00:00,4978.6,5005.63,22.0,8.959
2019-09-29 16:00:00,4894.0,4940.9,21.0,16.498
2019-10-07 16:00:00,4916.6,4941.76,11.0,16.894
2019-10-08 16:00:00,4959.8,4982.95,10.0,16.957
2019-10-09 16:00:00,5023.2,5046.36,9.0,18.613
2019-10-10 16:00:00,5055.6,5055.52,8.0,-0.072
2019-10-13 16:00:00,5103.0,5131.13,7.0,28.586
2019-10-14 16:00:00,5051.8,5061.0,4.0,16.588
2019-10-15 16:00:00,5021.0,5038.36,3.0,41.921
2019-10-16 16:00:00,5028.2,5029.85,2.0,5.987
2019-10-17 16:00:00,4893.2,4961.81,29.0,17.404
2019-10-20 16:00:00,4902.6,4951.04,28.0,12.754
2019-10-21 16:00:00,4954.8,5005.55,25.0,14.803
2019-10-22 16:00:00,4923.0,4967.19,24.0,13.53
2019-10-23 16:00:00,4924.0,4958.25,23.0,10.962
2019-10-24 16:00:00,4974.2,4994.57,22.0,6.766
2019-10-27 16:00:00,5046.4,5084.47,21.0,13.014
2019-10-28 16:00:00,4979.6,5007.71,18.0,11.383
2019-10-29 16:00:00,4916.0,4947.9,17.0,13.842
2019-10-30 16:00:00,4892.8,4917.42,16.0,11.422
2019-10-31 16:00:00,4948.2,4962.35,15.0,6.939
2019-11-03 16:00:00,4957.8,4987.84,14.0,15.702
2019-11-04 16:00:00,4998.2,5025.3,11.0,17.894
2019-11-05 16:00:00,4955.4,4974.73,10.0,14.183
2019-11-06 16:00:00,4990.4,5007.07,9.0,13.502
2019-11-07 16:00:00,4970.8,4988.29,8.0,15.997
2019-11-10 16:00:00,4862.0,4876.16,7.0,15.142
2019-11-11 16:00:00,4867.4,4881.61,4.0,26.562
2019-11-12 16:00:00,4872.2,4875.54,3.0,8.335
2019-11-13 16:00:00,4839.2,4912.11,37.0,14.642
2019-11-14 16:00:00,4820.4,4868.44,36.0,10.005
2019-11-17 16:00:00,4855.0,4892.46,35.0,7.985
2019-11-18 16:00:00,4943.6,4975.11,32.0,7.224
2019-11-19 16:00:00,4900.4,4946.28,31.0,10.921
2019-11-20 16:00:00,4917.0,4945.72,30.0,7.065
2019-11-21 16:00:00,4853.0,4904.08,29.0,13.11
2019-11-24 16:00:00,4874.4,4901.5,28.0,7.207
2019-11-25 16:00:00,4853.2,4882.16,25.0,8.66
2019-11-26 16:00:00,4880.2,4904.26,24.0,7.461
2019-11-27 16:00:00,4875.8,4889.26,23.0,4.369
2019-11-28 16:00:00,4881.0,4894.94,22.0,4.725
2019-12-01 16:00:00,4896.0,4905.42,21.0,3.338
2019-12-02 16:00:00,4924.8,4926.45,18.0,0.679
2019-12-03 16:00:00,4911.8,4920.67,17.0,3.87
2019-12-04 16:00:00,4960.2,4967.6,16.0,3.398
2019-12-05 16:00:00,5015.6,5010.51,15.0,-2.472
2019-12-08 16:00:00,5025.6,5024.6,14.0,-0.519
2019-12-09 16:00:00,5050.2,5049.05,11.0,-0.756
2019-12-10 16:00:00,5031.6,5027.28,10.0,-3.136
2019-12-11 16:00:00,5017.8,5012.0,9.0,-4.693
2019-12-12 16:00:00,5093.0,5073.69,8.0,-17.364
2019-12-15 16:00:00,5164.4,5166.04,7.0,1.655
2019-12-16 16:00:00,5245.0,5236.06,4.0,-15.58
2019-12-17 16:00:00,5244.4,5235.12,3.0,-21.567
2019-12-18 16:00:00,5251.0,5241.74,30.0,-2.149
2019-12-19 16:00:00,5204.6,5184.68,29.0,-4.836
2019-12-22 16:00:00,5074.2,5084.35,28.0,2.602
2019-12-23 16:00:00,5143.2,5162.07,25.0,5.337
2019-12-24 16:00:00,5167.8,5183.1,24.0,4.489
2019-12-25 16:00:00,5202.8,5219.14,23.0,4.968
2019-12-26 16:00:00,5163.6,5179.19,22.0,4.994
2019-12-29 16:00:00,5245.0,5241.94,21.0,-1.015
2019-12-30 16:00:00,5269.8,5267.66,18.0,-0.824
2020-01-01 16:00:00,5361.8,5366.14,16.0,1.845
2020-01-02 16:00:00,5378.0,5380.64,15.0,1.194
2020-01-05 16:00:00,5433.0,5434.85,14.0,0.887
2020-01-06 16:00:00,5501.0,5499.84,11.0,-0.7
2020-01-07 16:00:00,5433.6,5423.8,10.0,-6.595
2020-01-08 16:00:00,5498.0,5497.54,9.0,-0.339
2020-01-09 16:00:00,5468.0,5480.23,8.0,10.182
2020-01-12 16:00:00,5571.2,5559.63,7.0,-10.851
2020-01-13 16:00:00,5543.6,5542.33,4.0,-2.091
2020-01-14 16:00:00,5523.6,5530.03,3.0,14.147
2020-01-15 16:00:00,5538.4,5527.67,2.0,-35.426
2020-01-16 16:00:00,5501.2,5510.05,36.0,1.628
2020-01-19 16:00:00,5598.8,5587.54,35.0,-2.102
2020-01-20 16:00:00,5516.6,5523.94,32.0,1.516
2020-01-21 16:00:00,5580.8,5575.51,31.0,-1.117
2020-01-22 16:00:00,5346.4,5377.74,30.0,7.09
2020-02-02 16:00:00,4805.4,4910.9,21.0,37.339
2020-02-03 16:00:00,4953.0,4996.47,18.0,17.642
2020-02-04 16:00:00,5064.4,5123.96,17.0,24.957
2020-02-05 16:00:00,5250.4,5282.89,16.0,14.03
2020-02-06 16:00:00,5300.4,5327.04,15.0,12.169
2020-02-09 16:00:00,5326.4,5388.43,14.0,30.013
2020-02-10 16:00:00,5316.4,5361.28,11.0,27.777
2020-02-11 16:00:00,5437.0,5459.95,10.0,15.342
2020-02-12 16:00:00,5392.0,5412.84,9.0,15.614
2020-02-13 16:00:00,5405.6,5420.8,8.0,12.793
2020-02-16 16:00:00,5595.6,5594.44,7.0,-1.081
2020-02-17 16:00:00,5628.6,5660.81,4.0,51.921
2020-02-18 16:00:00,5570.2,5603.26,31.0,6.947
2020-02-19 16:00:00,5667.8,5706.71,30.0,8.296
2020-02-20 16:00:00,5775.0,5784.03,29.0,1.965
2020-02-23 16:00:00,5806.0,5865.47,28.0,13.217
2020-02-24 16:00:00,5852.6,5897.72,25.0,11.17
2020-02-25 16:00:00,5715.4,5743.39,24.0,7.412
2020-02-26 16:00:00,5710.0,5753.73,23.0,12.061
2020-02-27 16:00:00,5383.0,5451.29,22.0,20.784
2020-03-01 16:00:00,5598.6,5656.42,21.0,17.767
2020-03-02 16:00:00,5620.4,5710.02,18.0,31.826
2020-03-03 16:00:00,5658.4,5716.51,17.0,21.825
2020-03-04 16:00:00,5728.6,5801.12,16.0,28.518
2020-03-05 16:00:00,5681.0,5763.86,15.0,34.981
2020-03-08 16:00:00,5468.4,5525.82,14.0,27.091
2020-03-09 16:00:00,5635.2,5675.11,11.0,23.335
2020-03-10 16:00:00,5525.0,5589.53,10.0,42.139
2020-03-11 16:00:00,5477.0,5493.88,9.0,12.461
2020-03-12 16:00:00,5447.0,5457.2,8.0,8.528
2020-03-15 16:00:00,5148.8,5200.11,7.0,51.45
2020-03-16 16:00:00,5165.4,5212.06,4.0,81.69
2020-03-17 16:00:00,5087.4,5119.47,3.0,76.216
2020-03-18 16:00:00,5099.6,5157.82,30.0,13.733
2020-03-19 16:00:00,5166.8,5219.28,29.0,12.655
2020-03-22 16:00:00,4964.2,4998.91,28.0,9.051
2020-03-23 16:00:00,5030.0,5096.04,25.0,18.92
2020-03-24 16:00:00,5141.6,5217.42,24.0,22.101
2020-03-25 16:00:00,5089.0,5166.11,23.0,23.687
2020-03-26 16:00:00,5053.6,5137.34,22.0,27.044
2020-03-29 16:00:00,4975.2,5027.49,21.0,18.078
2020-03-30 16:00:00,4958.8,5041.45,18.0,33.244
2020-03-31 16:00:00,4950.4,5019.22,17.0,29.439
2020-04-01 16:00:00,5130.4,5147.2,16.0,7.446
2020-04-02 16:00:00,5061.6,5107.04,15.0,21.651
2020-04-06 16:00:00,5213.0,5267.07,11.0,34.063
2020-04-07 16:00:00,5229.2,5271.8,10.0,29.495
2020-04-08 16:00:00,5273.2,5322.46,9.0,37.535
2020-04-09 16:00:00,5195.8,5208.51,8.0,11.134
2020-04-12 16:00:00,5139.8,5169.18,7.0,29.636
2020-04-13 16:00:00,5262.0,5288.59,4.0,45.879
2020-04-14 16:00:00,5251.4,5268.75,3.0,40.065
2020-04-15 16:00:00,5308.4,5316.97,2.0,29.416
2020-04-16 16:00:00,5251.8,5318.45,29.0,15.773
2020-04-19 16:00:00,5295.2,5381.79,28.0,20.974
2020-04-20 16:00:00,5255.8,5343.88,25.0,24.064
2020-04-21 16:00:00,5319.0,5387.62,24.0,19.37
2020-04-22 16:00:00,5282.6,5357.79,23.0,22.271
2020-04-23 16:00:00,5216.2,5273.55,22.0,18.043
2020-04-26 16:00:00,5202.8,5265.72,21.0,20.768
2020-04-27 16:00:00,5162.2,5227.85,18.0,25.464
2020-04-28 16:00:00,5188.2,5226.81,17.0,15.86
2020-04-29 16:00:00,5332.0,5353.86,16.0,9.314
2020-05-05 16:00:00,5413.6,5451.32,10.0,25.256
2020-05-06 16:00:00,5402.6,5445.75,9.0,32.135
2020-05-07 16:00:00,5479.8,5507.7,8.0,23.112
2020-05-10 16:00:00,5468.2,5496.19,7.0,26.554
2020-05-11 16:00:00,5486.0,5512.46,4.0,43.8
2020-05-12 16:00:00,5519.0,5536.28,3.0,37.975
2020-05-13 16:00:00,5408.6,5487.11,37.0,14.115
2020-05-14 16:00:00,5404.6,5507.93,36.0,19.021
2020-05-17 16:00:00,5389.4,5478.82,35.0,17.021
2020-05-18 16:00:00,5454.2,5547.88,32.0,19.26
2020-05-19 16:00:00,5410.2,5489.7,31.0,17.051
2020-05-20 16:00:00,5343.2,5426.17,30.0,18.604
2020-05-21 16:00:00,5267.8,5328.23,29.0,14.275
2020-05-24 16:00:00,5254.6,5316.6,28.0,15.202
2020-05-25 16:00:00,5343.6,5420.21,25.0,20.636
2020-05-26 16:00:00,5301.4,5369.5,24.0,19.288
2020-05-27 16:00:00,5282.6,5361.17,23.0,23.257
2020-05-28 16:00:00,5318.8,5406.34,22.0,26.864
2020-05-31 16:00:00,5524.2,5569.48,21.0,14.131
2020-06-01 16:00:00,5523.0,5566.44,18.0,15.825
2020-06-02 16:00:00,5512.0,5572.31,17.0,23.238
2020-06-03 16:00:00,5517.4,5576.75,16.0,24.278
2020-06-04 16:00:00,5541.0,5585.42,15.0,19.352
2020-06-07 16:00:00,5522.2,5575.3,14.0,24.831
2020-06-08 16:00:00,5559.2,5610.38,11.0,30.27
2020-06-09 16:00:00,5563.4,5615.24,10.0,33.697
2020-06-10 16:00:00,5556.6,5589.1,9.0,23.583
2020-06-11 16:00:00,5578.2,5591.49,8.0,10.844
2020-06-14 16:00:00,5557.0,5590.64,7.0,31.375
2020-06-15 16:00:00,5678.8,5695.3,4.0,26.436
2020-06-16 16:00:00,5706.0,5735.42,3.0,62.409
2020-06-17 16:00:00,5659.6,5734.4,30.0,15.87
2020-06-18 16:00:00,5713.8,5787.15,29.0,15.953
2020-06-21 16:00:00,5711.4,5784.03,28.0,16.369
2020-06-22 16:00:00,5737.2,5804.34,25.0,16.888
2020-06-23 16:00:00,5744.2,5789.09,24.0,11.793
2020-06-28 16:00:00,5710.6,5762.44,21.0,15.636
2020-06-29 16:00:00,5802.4,5864.42,18.0,21.445
2020-06-30 16:00:00,5829.4,5881.89,17.0,19.16
2020-07-01 16:00:00,5954.2,5975.28,16.0,8.048
2020-07-02 16:00:00,6034.8,6051.51,15.0,6.719
2020-07-05 16:00:00,6305.2,6299.86,14.0,-2.21
2020-07-06 16:00:00,6400.4,6380.03,11.0,-10.594
2020-07-07 16:00:00,6515.8,6535.42,10.0,10.958
2020-07-08 16:00:00,6707.6,6693.75,9.0,-8.391
2020-07-09 16:00:00,6689.2,6676.44,8.0,-8.72
2020-07-12 16:00:00,6898.6,6899.52,7.0,0.695
2020-07-13 16:00:00,6791.0,6807.73,4.0,22.425
2020-07-14 16:00:00,6635.0,6638.84,3.0,7.037
2020-07-15 16:00:00,6265.8,6320.0,37.0,8.46
2020-07-16 16:00:00,6301.0,6344.59,36.0,6.966
2020-07-19 16:00:00,6446.0,6526.83,35.0,12.915
2020-07-20 16:00:00,6491.4,6563.32,32.0,12.499
2020-07-21 16:00:00,6539.0,6620.69,31.0,14.528
2020-07-22 16:00:00,6548.0,6620.09,30.0,13.249
2020-07-23 16:00:00,6204.0,6283.98,29.0,16.019
2020-07-26 16:00:00,6207.6,6298.74,28.0,18.862
2020-07-27 16:00:00,6252.0,6359.66,25.0,24.716
2020-07-28 16:00:00,6501.4,6530.27,24.0,6.724
2020-07-29 16:00:00,6453.0,6511.44,23.0,14.243
2020-07-30 16:00:00,6516.0,6579.67,22.0,16.055
2020-08-02 16:00:00,6668.4,6739.81,21.0,18.416
2020-08-03 16:00:00,6634.4,6697.71,18.0,19.168
2020-08-04 16:00:00,6683.0,6772.84,17.0,28.48
2020-08-05 16:00:00,6693.8,6770.3,16.0,25.777
2020-08-06 16:00:00,6622.2,6688.88,15.0,24.257
2020-08-09 16:00:00,6663.4,6725.3,14.0,23.996
2020-08-10 16:00:00,6521.0,6600.85,11.0,40.14
2020-08-11 16:00:00,6447.6,6528.4,10.0,45.175
2020-08-12 16:00:00,6475.6,6552.66,9.0,47.694
2020-08-13 16:00:00,6630.4,6623.56,8.0,-4.712
2020-08-16 16:00:00,6713.0,6744.55,7.0,24.392
2020-08-17 16:00:00,6746.6,6789.4,4.0,57.523
2020-08-18 16:00:00,6639.8,6666.27,3.0,48.311
2020-08-19 16:00:00,6495.8,6593.78,30.0,18.079
2020-08-20 16:00:00,6522.2,6643.94,29.0,23.062
2020-08-23 16:00:00,6543.4,6688.96,28.0,28.367
2020-08-24 16:00:00,6523.6,6652.55,25.0,28.3
2020-08-25 16:00:00,6436.0,6525.88,24.0,20.946
2020-08-26 16:00:00,6509.4,6578.79,23.0,16.738
2020-08-27 16:00:00,6660.0,6691.21,22.0,7.739
2020-08-30 16:00:00,6590.0,6668.43,21.0,20.442
2020-08-31 16:00:00,6655.2,6710.46,18.0,16.699
2020-09-01 16:00:00,6619.0,6717.56,17.0,31.502
2020-09-02 16:00:00,6596.0,6662.25,16.0,22.685
2020-09-03 16:00:00,6578.8,6618.58,15.0,14.625
2020-09-06 16:00:00,6421.0,6478.81,14.0,23.263
2020-09-07 16:00:00,6491.0,6525.1,11.0,17.341
2020-09-08 16:00:00,6326.0,6349.22,10.0,13.349
2020-09-09 16:00:00,6222.0,6235.57,9.0,8.826
2020-09-10 16:00:00,6280.0,6311.97,8.0,23.109
2020-09-13 16:00:00,6332.6,6351.24,7.0,15.303
2020-09-14 16:00:00,6366.2,6387.88,4.0,30.97
2020-09-15 16:00:00,6353.6,6353.84,3.0,0.46
2020-09-16 16:00:00,6291.8,6367.02,30.0,14.374
2020-09-17 16:00:00,6437.6,6469.47,29.0,6.2
2020-09-20 16:00:00,6373.8,6445.96,28.0,14.593
2020-09-21 16:00:00,6292.2,6358.65,25.0,15.257
2020-09-22 16:00:00,6323.0,6392.03,24.0,16.424
2020-09-23 16:00:00,6190.2,6244.64,23.0,13.835
2020-09-24 16:00:00,6209.6,6236.89,22.0,7.259
2020-09-27 16:00:00,6157.2,6178.47,21.0,5.984
2020-09-28 16:00:00,6213.4,6228.77,18.0,5.004
2020-09-29 16:00:00,6163.0,6192.5,17.0,10.228
2020-10-08 16:00:00,6332.6,6357.97,8.0,18.206
2020-10-11 16:00:00,6539.8,6541.18,7.0,1.1
2020-10-12 16:00:00,6538.4,6551.4,4.0,18.107
2020-10-13 16:00:00,6511.0,6508.37,3.0,-4.916
2020-10-14 16:00:00,6466.0,6460.04,2.0,-16.837
2020-10-15 16:00:00,6356.0,6428.68,36.0,11.463
2020-10-18 16:00:00,6281.6,6358.32,35.0,12.583
2020-10-19 16:00:00,6356.4,6423.11,32.0,11.846
2020-10-20 16:00:00,6289.6,6350.01,31.0,11.201
2020-10-21 16:00:00,6261.2,6317.14,30.0,10.774
2020-10-22 16:00:00,6168.8,6213.26,29.0,9.006
2020-10-25 16:00:00,6180.2,6214.38,28.0,7.17
2020-10-26 16:00:00,6172.8,6221.34,25.0,11.391
2020-10-27 16:00:00,6211.6,6246.0,24.0,8.376
2020-10-28 16:00:00,6231.0,6255.19,23.0,6.137
2020-10-29 16:00:00,6068.2,6111.48,22.0,11.749
2020-11-01 16:00:00,6109.8,6143.12,21.0,9.427
2020-11-02 16:00:00,6209.2,6241.77,18.0,10.581
2020-11-03 16:00:00,6200.2,6234.16,17.0,11.696
2020-11-04 16:00:00,6333.8,6351.98,16.0,6.529
2020-11-05 16:00:00,6288.4,6301.25,15.0,4.962
2020-11-08 16:00:00,6383.2,6421.65,14.0,15.61
2020-11-09 16:00:00,6344.2,6373.09,11.0,15.042
2020-11-10 16:00:00,6268.4,6294.61,10.0,15.198
2020-11-11 16:00:00,6290.2,6315.49,9.0,16.24
2020-11-12 16:00:00,6292.2,6306.97,8.0,10.685
2020-11-15 16:00:00,6370.8,6387.37,7.0,13.527
2020-11-16 16:00:00,6334.0,6336.94,4.0,4.234
2020-11-17 16:00:00,6330.4,6341.01,3.0,20.358
2020-11-18 16:00:00,6320.6,6360.6,30.0,7.651
2020-11-19 16:00:00,6379.2,6422.99,29.0,8.581
2020-11-22 16:00:00,6434.0,6472.93,28.0,7.84
2020-11-23 16:00:00,6425.2,6475.19,25.0,11.272
2020-11-24 16:00:00,6325.4,6350.37,24.0,5.98
2020-11-25 16:00:00,6314.4,6334.3,23.0,4.986
2020-11-26 16:00:00,6344.0,6351.61,22.0,1.988
2020-11-29 16:00:00,6293.0,6320.94,21.0,7.683
2020-11-30 16:00:00,6406.6,6426.62,18.0,6.317
2020-12-01 16:00:00,6402.0,6434.98,17.0,11.004
2020-12-02 16:00:00,6429.4,6440.88,16.0,4.066
2020-12-03 16:00:00,6458.4,6464.73,15.0,2.383
2020-12-06 16:00:00,6397.6,6424.68,14.0,10.989
2020-12-07 16:00:00,6402.8,6423.65,11.0,10.77
2020-12-08 16:00:00,6305.0,6307.22,10.0,1.285
2020-12-09 16:00:00,6315.6,6320.1,9.0,2.888
2020-12-10 16:00:00,6196.4,6209.43,8.0,9.574
2020-12-13 16:00:00,6253.2,6259.02,7.0,4.849
2020-12-14 16:00:00,6256.8,6265.58,4.0,12.787
2020-12-15 16:00:00,6239.6,6235.44,3.0,-8.117
2020-12-16 16:00:00,6313.8,6308.9,2.0,-14.174
2020-12-17 16:00:00,6246.6,6291.92,29.0,9.066
2020-12-20 16:00:00,6354.8,6398.6,28.0,8.923
2020-12-21 16:00:00,6238.8,6250.06,25.0,2.63
2020-12-22 16:00:00,6270.6,6307.6,24.0,8.921
2020-12-23 16:00:00,6191.2,6205.22,23.0,3.586
2020-12-24 16:00:00,6262.0,6278.5,22.0,4.36
2020-12-27 16:00:00,6214.8,6244.48,21.0,8.261
2020-12-28 16:00:00,6198.4,6199.85,18.0,0.474
2020-12-29 16:00:00,6248.0,6269.25,17.0,7.278
2020-12-30 16:00:00,6348.0,6367.11,16.0,6.847
2021-01-03 16:00:00,6434.2,6482.79,14.0,19.541
2021-01-04 16:00:00,6476.6,6539.73,11.0,32.031
2021-01-05 16:00:00,6485.0,6528.14,10.0,24.12
2021-01-06 16:00:00,6526.0,6538.12,9.0,7.518
2021-01-07 16:00:00,6550.6,6557.6,8.0,4.87
2021-01-10 16:00:00,6446.8,6455.4,7.0,6.947
2021-01-11 16:00:00,6521.6,6543.23,4.0,30.165
2021-01-12 16:00:00,6487.2,6496.91,3.0,18.184
2021-01-13 16:00:00,6446.6,6439.89,2.0,-19.015
2021-01-14 16:00:00,6351.0,6417.5,36.0,10.506
2021-01-17 16:00:00,6442.2,6514.46,35.0,11.568
2021-01-18 16:00:00,6410.8,6476.37,32.0,11.548
2021-01-19 16:00:00,6479.4,6535.42,31.0,10.093
2021-01-20 16:00:00,6565.4,6622.5,30.0,10.49
2021-01-21 16:00:00,6566.6,6637.81,29.0,13.502
2021-01-24 16:00:00,6560.4,6645.31,28.0,16.656
2021-01-25 16:00:00,6486.0,6532.96,25.0,10.495
2021-01-26 16:00:00,6480.0,6557.16,24.0,17.896
2021-01-27 16:00:00,6394.4,6414.38,23.0,4.943
2021-01-28 16:00:00,6313.6,6346.14,22.0,8.507
2021-01-31 16:00:00,6357.8,6393.28,21.0,9.646
2021-02-01 16:00:00,6409.0,6454.79,18.0,14.385
2021-02-02 16:00:00,6379.0,6399.33,17.0,6.821
2021-02-03 16:00:00,6320.8,6328.79,16.0,2.88
2021-02-04 16:00:00,6231.2,6239.87,15.0,3.381
2021-02-07 16:00:00,6313.8,6323.16,14.0,3.859
2021-02-08 16:00:00,6435.8,6457.88,11.0,11.345
2021-02-09 16:00:00,6492.0,6525.17,10.0,18.554
2021-02-17 16:00:00,6579.6,6614.54,2.0,96.402
2021-02-18 16:00:00,6630.0,6703.48,29.0,13.796
2021-02-21 16:00:00,6576.8,6657.06,28.0,15.716
2021-02-22 16:00:00,6569.8,6631.23,25.0,13.525
2021-02-23 16:00:00,6491.2,6536.19,24.0,10.468
2021-02-24 16:00:00,6472.2,6499.15,23.0,6.581
2021-02-25 16:00:00,6320.4,6364.35,22.0,11.457
2021-02-28 16:00:00,6438.0,6488.44,21.0,13.512
2021-03-01 16:00:00,6380.6,6433.33,18.0,16.62
2021-03-02 16:00:00,6463.0,6524.75,17.0,20.32
2021-03-03 16:00:00,6372.8,6401.99,16.0,10.401
2021-03-04 16:00:00,6399.0,6403.5,15.0,1.71
2021-03-07 16:00:00,6243.6,6256.41,14.0,5.338
2021-03-08 16:00:00,6126.4,6108.0,11.0,-9.996
2021-03-09 16:00:00,6042.8,6062.26,10.0,11.717
2021-03-10 16:00:00,6212.4,6213.83,9.0,0.933
2021-03-11 16:00:00,6215.2,6222.38,8.0,5.265
2021-03-14 16:00:00,6183.0,6173.87,7.0,-7.711
2021-03-15 16:00:00,6179.2,6195.24,4.0,23.625
2021-03-16 16:00:00,6213.2,6225.36,3.0,23.765
2021-03-17 16:00:00,6263.0,6273.86,2.0,31.591
2021-03-18 16:00:00,6169.0,6206.6,29.0,7.625
2021-03-21 16:00:00,6246.0,6305.69,28.0,12.34
2021-03-22 16:00:00,6188.0,6219.17,25.0,7.317
2021-03-23 16:00:00,6133.4,6142.54,24.0,2.263
2021-03-24 16:00:00,6155.6,6157.41,23.0,0.466
2021-03-25 16:00:00,6232.4,6251.79,22.0,5.146
2021-03-28 16:00:00,6230.6,6254.94,21.0,6.763
2021-03-29 16:00:00,6245.0,6280.36,18.0,11.417
2021-03-30 16:00:00,6237.8,6254.07,17.0,5.586
2021-03-31 16:00:00,6291.0,6311.66,16.0,7.467
2021-04-01 16:00:00,6296.4,6326.61,15.0,11.619
2021-04-05 16:00:00,6300.6,6343.1,11.0,22.232
2021-04-06 16:00:00,6314.0,6348.08,10.0,19.595
2021-04-07 16:00:00,6345.8,6356.75,9.0,6.986
2021-04-08 16:00:00,6326.8,6335.24,8.0,6.078
2021-04-11 16:00:00,6237.2,6226.42,7.0,-9.028
2021-04-12 16:00:00,6219.8,6209.78,4.0,-14.724
2021-04-13 16:00:00,6271.0,6277.21,3.0,12.036
2021-04-14 16:00:00,6235.2,6276.46,37.0,6.485
2021-04-15 16:00:00,6325.4,6339.59,36.0,2.269
2021-04-18 16:00:00,6385.4,6425.26,35.0,6.47
2021-04-19 16:00:00,6400.0,6428.54,32.0,5.064
2021-04-20 16:00:00,6385.4,6420.26,31.0,6.393
2021-04-21 16:00:00,6397.4,6445.47,30.0,9.074
2021-04-22 16:00:00,6443.0,6462.76,29.0,3.848
2021-04-25 16:00:00,6417.6,6442.65,28.0,5.068
2021-04-26 16:00:00,6413.2,6446.28,25.0,7.492
2021-04-27 16:00:00,6462.4,6489.74,24.0,6.407
2021-04-28 16:00:00,6464.0,6491.93,23.0,6.828
2021-04-29 16:00:00,6477.6,6485.71,22.0,2.075
2021-05-05 16:00:00,6446.2,6489.35,16.0,15.169
2021-05-06 16:00:00,6430.2,6444.44,15.0,5.377
2021-05-09 16:00:00,6443.8,6475.99,14.0,12.959
2021-05-10 16:00:00,6437.8,6456.04,11.0,9.375
2021-05-11 16:00:00,6506.6,6512.05,10.0,3.055
2021-05-12 16:00:00,6435.0,6439.03,9.0,2.538
2021-05-13 16:00:00,6545.2,6525.8,8.0,-13.563
2021-05-16 16:00:00,6572.2,6578.14,7.0,4.708
2021-05-17 16:00:00,6595.0,6599.6,4.0,6.36
2021-05-18 16:00:00,6586.8,6584.39,3.0,-4.453
2021-05-19 16:00:00,6524.0,6548.71,30.0,4.591
2021-05-20 16:00:00,6495.2,6527.86,29.0,6.297
2021-05-23 16:00:00,6515.0,6544.12,28.0,5.801
2021-05-24 16:00:00,6589.0,6619.67,25.0,6.764
2021-05-25 16:00:00,6600.8,6628.21,24.0,6.289
2021-05-26 16:00:00,6645.6,6685.41,23.0,9.45
2021-05-27 16:00:00,6651.8,6668.17,22.0,4.073
2021-05-30 16:00:00,6679.0,6728.99,21.0,12.912
2021-05-31 16:00:00,6675.4,6739.76,18.0,19.364
2021-06-01 16:00:00,6645.0,6681.43,17.0,11.707
2021-06-02 16:00:00,6601.0,6667.73,16.0,22.831
2021-06-03 16:00:00,6669.0,6693.06,15.0,8.747
2021-06-06 16:00:00,6669.6,6721.5,14.0,20.131
2021-06-07 16:00:00,6653.0,6684.56,11.0,15.666
2021-06-08 16:00:00,6658.0,6692.9,10.0,19.033
2021-06-09 16:00:00,6746.2,6765.64,9.0,11.653
2021-06-10 16:00:00,6726.0,6725.92,8.0,-0.054
2021-06-14 16:00:00,6652.4,6663.66,4.0,15.419
2021-06-15 16:00:00,6571.4,6566.29,3.0,-9.468
2021-06-16 16:00:00,6558.2,6616.17,30.0,10.66
2021-06-17 16:00:00,6614.2,6657.76,29.0,8.235
2021-06-20 16:00:00,6654.8,6707.18,28.0,10.18
2021-06-21 16:00:00,6678.2,6739.79,25.0,13.342
2021-06-22 16:00:00,6755.2,6789.95,24.0,7.783
2021-06-23 16:00:00,6739.6,6754.87,23.0,3.587
2021-06-24 16:00:00,6799.8,6813.41,22.0,3.314
2021-06-27 16:00:00,6793.0,6828.52,21.0,9.041
2021-06-28 16:00:00,6744.8,6765.42,18.0,6.18
2021-06-29 16:00:00,6764.0,6808.18,17.0,13.933
2021-06-30 16:00:00,6686.2,6716.67,16.0,10.349
2021-07-01 16:00:00,6639.0,6658.05,15.0,6.962
2021-07-04 16:00:00,6678.4,6711.01,14.0,12.669
2021-07-05 16:00:00,6675.2,6709.5,11.0,16.963
2021-07-06 16:00:00,6739.0,6764.13,10.0,13.56
2021-07-07 16:00:00,6721.8,6748.65,9.0,16.135
2021-07-08 16:00:00,6784.2,6804.54,8.0,13.638
2021-07-11 16:00:00,6866.0,6904.38,7.0,28.985
2021-07-12 16:00:00,6941.6,6961.85,4.0,26.542
2021-07-13 16:00:00,6909.2,6898.75,3.0,-18.43
2021-07-14 16:00:00,6873.8,6932.41,37.0,8.34
2021-07-15 16:00:00,6886.6,6925.12,36.0,5.64
2021-07-18 16:00:00,6853.6,6889.34,35.0,5.41
2021-07-19 16:00:00,6860.4,6901.13,32.0,6.732
2021-07-20 16:00:00,6939.2,6984.54,31.0,7.643
2021-07-21 16:00:00,6975.4,7026.55,30.0,8.857
2021-07-22 16:00:00,6947.0,6985.75,29.0,6.982
2021-07-25 16:00:00,6827.2,6868.21,28.0,7.784
2021-07-26 16:00:00,6719.4,6719.26,25.0,-0.03
2021-07-27 16:00:00,6628.0,6621.98,24.0,-1.383
2021-07-28 16:00:00,6736.8,6758.89,23.0,5.187
2021-07-29 16:00:00,6758.6,6767.32,22.0,2.138
2021-08-01 16:00:00,6833.8,6872.0,21.0,9.662
2021-08-02 16:00:00,6795.8,6816.01,18.0,6.013
2021-08-03 16:00:00,6867.2,6931.34,17.0,19.868
2021-08-04 16:00:00,6867.4,6911.83,16.0,14.664
2021-08-05 16:00:00,6898.2,6938.87,15.0,14.262
2021-08-08 16:00:00,6913.8,6979.53,14.0,24.553
2021-08-09 16:00:00,6963.6,7019.23,11.0,26.298
2021-08-10 16:00:00,6996.2,7073.52,10.0,39.898
2021-08-11 16:00:00,7054.6,7095.2,9.0,23.207
2021-08-12 16:00:00,7080.0,7088.89,8.0,5.722
2021-08-15 16:00:00,7045.4,7052.49,7.0,5.242
2021-08-16 16:00:00,6894.6,6894.4,4.0,-0.265
2021-08-17 16:00:00,6916.6,6941.01,3.0,42.787
2021-08-18 16:00:00,6885.0,6947.06,30.0,10.869
2021-08-19 16:00:00,6861.8,6920.02,29.0,10.589
2021-08-22 16:00:00,6946.8,7024.56,28.0,14.43
2021-08-23 16:00:00,7024.4,7090.78,25.0,13.668
2021-08-24 16:00:00,7061.6,7153.0,24.0,19.433
2021-08-25 16:00:00,7061.2,7118.84,23.0,12.849
2021-08-26 16:00:00,7106.8,7180.11,22.0,16.94
2021-08-29 16:00:00,7123.2,7226.88,21.0,24.935
2021-08-30 16:00:00,7155.2,7255.34,18.0,27.988
2021-08-31 16:00:00,7119.0,7193.1,17.0,22.118
2021-09-01 16:00:00,7218.8,7307.01,16.0,27.539
2021-09-02 16:00:00,7217.0,7278.68,15.0,20.62
2021-09-05 16:00:00,7258.6,7355.4,14.0,34.311
2021-09-06 16:00:00,7444.8,7498.93,11.0,23.952
2021-09-07 16:00:00,7482.4,7544.04,10.0,29.823
2021-09-08 16:00:00,7560.8,7617.45,9.0,30.161
2021-09-09 16:00:00,7593.8,7607.67,8.0,8.318
2021-09-12 16:00:00,7596.4,7648.75,7.0,35.688
2021-09-13 16:00:00,7545.2,7556.62,4.0,13.79
2021-09-14 16:00:00,7571.8,7592.31,3.0,32.867
2021-09-15 16:00:00,7363.4,7446.94,30.0,13.649
2021-09-16 16:00:00,7321.0,7395.56,29.0,12.689
2021-09-21 16:00:00,7385.8,7453.62,24.0,13.838
2021-09-22 16:00:00,7425.0,7502.84,23.0,16.464
2021-09-23 16:00:00,7370.0,7380.38,22.0,2.333
2021-09-26 16:00:00,7178.2,7170.59,21.0,-1.845
2021-09-27 16:00:00,7187.0,7198.9,18.0,3.352
2021-09-28 16:00:00,7047.0,7010.22,17.0,-11.265
2021-09-29 16:00:00,7095.2,7103.61,16.0,2.701
2021-10-07 16:00:00,7081.4,7091.34,8.0,6.395
2021-10-10 16:00:00,7083.0,7090.47,7.0,5.493
2021-10-11 16:00:00,6946.2,6952.19,4.0,7.862
2021-10-12 16:00:00,6981.0,6981.59,3.0,1.028
2021-10-13 16:00:00,6960.4,7008.33,37.0,6.747
2021-10-14 16:00:00,7019.8,7024.16,36.0,0.629
2021-10-17 16:00:00,7021.0,7068.1,35.0,6.949
2021-10-18 16:00:00,7070.0,7120.38,32.0,8.07
2021-10-19 16:00:00,7075.6,7118.8,31.0,7.145
2021-10-20 16:00:00,7054.0,7098.25,30.0,7.585
2021-10-21 16:00:00,7004.2,7026.07,29.0,3.918
2021-10-24 16:00:00,7059.0,7103.99,28.0,8.256
2021-10-25 16:00:00,7063.6,7102.43,25.0,7.982
2021-10-26 16:00:00,6998.0,7048.6,24.0,10.918
2021-10-27 16:00:00,6941.0,6950.28,23.0,2.119
2021-10-28 16:00:00,7015.4,7022.5,22.0,1.677
2021-10-31 16:00:00,7043.6,7060.76,21.0,4.224
2021-11-01 16:00:00,6988.6,6985.1,18.0,-1.016
2021-11-02 16:00:00,7009.4,7017.85,17.0,2.585
2021-11-03 16:00:00,7066.2,7073.85,16.0,2.467
2021-11-04 16:00:00,7003.6,6991.91,15.0,-4.068
2021-11-07 16:00:00,7022.2,7026.97,14.0,1.77
2021-11-08 16:00:00,7071.2,7081.75,11.0,4.943
2021-11-09 16:00:00,7055.6,7062.33,10.0,3.478
2021-11-10 16:00:00,7114.0,7119.86,9.0,3.338
2021-11-11 16:00:00,7165.0,7156.61,8.0,-5.349
2021-11-14 16:00:00,7104.8,7098.21,7.0,-4.841
2021-11-15 16:00:00,7054.8,7045.94,4.0,-11.474
2021-11-16 16:00:00,7094.2,7104.53,3.0,17.69
2021-11-17 16:00:00,7056.0,7084.68,30.0,4.925
2021-11-18 16:00:00,7170.0,7169.88,29.0,-0.021
2021-11-21 16:00:00,7210.2,7255.07,28.0,8.062
2021-11-22 16:00:00,7225.0,7261.38,25.0,7.315
2021-11-23 16:00:00,7221.4,7256.11,24.0,7.275
2021-11-24 16:00:00,7218.0,7233.54,23.0,3.409
2021-11-25 16:00:00,7196.4,7219.86,22.0,5.391
2021-11-28 16:00:00,7215.2,7221.9,21.0,1.612
2021-11-29 16:00:00,7221.2,7252.76,18.0,8.824
2021-11-30 16:00:00,7267.2,7272.84,17.0,1.665
2021-12-01 16:00:00,7215.2,7229.99,16.0,4.667
2021-12-02 16:00:00,7288.0,7301.92,15.0,4.639
2021-12-05 16:00:00,7215.2,7240.46,14.0,9.096
2021-12-06 16:00:00,7177.2,7206.83,11.0,13.642
2021-12-07 16:00:00,7277.6,7302.99,10.0,12.69
2021-12-08 16:00:00,7302.4,7320.32,9.0,9.928
2021-12-09 16:00:00,7322.0,7306.65,8.0,-9.585
2021-12-12 16:00:00,7334.6,7353.03,7.0,13.069
2021-12-13 16:00:00,7332.2,7324.13,4.0,-10.054
2021-12-14 16:00:00,7314.6,7314.26,3.0,-0.566
2021-12-15 16:00:00,7353.0,7381.0,37.0,3.742
2021-12-16 16:00:00,7316.0,7314.56,36.0,-0.2
2021-12-19 16:00:00,7230.0,7195.97,35.0,-4.932
2021-12-20 16:00:00,7268.8,7275.47,32.0,1.046
2021-12-21 16:00:00,7297.0,7302.46,31.0,0.88
2021-12-22 16:00:00,7342.8,7337.19,30.0,-0.93
2021-12-23 16:00:00,7309.4,7278.76,29.0,-5.298
2021-12-26 16:00:00,7298.4,7272.75,28.0,-4.598
2021-12-27 16:00:00,7310.0,7286.03,25.0,-4.803
2021-12-28 16:00:00,7291.2,7247.77,24.0,-9.113
2021-12-29 16:00:00,7342.8,7310.96,23.0,-6.911
2021-12-30 16:00:00,7371.8,7359.4,22.0,-2.795
2022-01-03 16:00:00,7371.0,7354.46,18.0,-4.56
2022-01-04 16:00:00,7221.8,7222.67,17.0,0.259
2022-01-05 16:00:00,7225.2,7229.96,16.0,1.502
2022-01-06 16:00:00,7192.0,7175.68,15.0,-5.534
2022-01-09 16:00:00,7191.0,7191.45,14.0,0.163
2022-01-10 16:00:00,7157.8,7135.22,11.0,-10.501
2022-01-11 16:00:00,7200.0,7196.93,10.0,-1.557
2022-01-12 16:00:00,7118.8,7097.76,9.0,-12.022
2022-01-13 16:00:00,7088.4,7081.14,8.0,-4.678
2022-01-16 16:00:00,7154.6,7157.86,7.0,2.375
2022-01-17 16:00:00,7166.0,7163.16,4.0,-3.618
2022-01-18 16:00:00,7122.2,7118.76,3.0,-5.879
2022-01-19 16:00:00,7085.8,7056.79,30.0,-5.002
2022-01-20 16:00:00,7009.2,6976.62,29.0,-5.878
2022-01-23 16:00:00,7004.2,6979.25,28.0,-4.66
2022-01-24 16:00:00,6762.2,6743.96,25.0,-3.949
2022-01-25 16:00:00,6786.2,6782.58,24.0,-0.812
2022-01-26 16:00:00,6622.0,6605.92,23.0,-3.863
2022-01-27 16:00:00,6561.0,6580.53,22.0,4.924
2022-02-06 16:00:00,6661.6,6676.61,14.0,5.861
2022-02-07 16:00:00,6742.4,6742.19,11.0,-0.103
2022-02-08 16:00:00,6841.8,6843.03,10.0,0.656
2022-02-09 16:00:00,6836.4,6840.48,9.0,2.419
2022-02-10 16:00:00,6753.8,6745.02,8.0,-5.939
2022-02-13 16:00:00,6699.2,6695.7,7.0,-2.726
2022-02-14 16:00:00,6755.4,6760.28,4.0,6.587
2022-02-15 16:00:00,6767.4,6772.03,3.0,8.318
2022-02-16 16:00:00,6764.0,6768.79,30.0,0.861
2022-02-17 16:00:00,6829.4,6835.02,29.0,1.035
2022-02-20 16:00:00,6843.2,6867.11,28.0,4.539
2022-02-21 16:00:00,6785.6,6784.76,25.0,-0.181
2022-02-22 16:00:00,6885.2,6887.42,24.0,0.49
2022-02-23 16:00:00,6773.6,6764.88,23.0,-2.046
2022-02-24 16:00:00,6818.2,6819.43,22.0,0.299
2022-02-27 16:00:00,6848.0,6853.31,21.0,1.347
2022-02-28 16:00:00,6858.6,6874.04,18.0,4.555
2022-03-01 16:00:00,6867.4,6875.24,17.0,2.448
2022-03-02 16:00:00,6853.4,6859.55,16.0,2.045
2022-03-03 16:00:00,6817.0,6803.83,15.0,-4.71
2022-03-06 16:00:00,6660.6,6659.39,14.0,-0.474
2022-03-07 16:00:00,6395.8,6429.89,11.0,17.592
2022-03-08 16:00:00,6280.8,6305.61,10.0,14.361
2022-03-09 16:00:00,6376.2,6414.94,9.0,24.492
2022-03-10 16:00:00,6481.2,6474.13,8.0,-4.982
2022-03-13 16:00:00,6312.6,6323.58,7.0,9.054
2022-03-14 16:00:00,5903.0,5964.98,4.0,94.815
2022-03-15 16:00:00,6153.2,6156.27,3.0,6.067
2022-03-16 16:00:00,6225.2,6267.52,30.0,8.215
2022-03-17 16:00:00,6293.0,6332.22,29.0,7.796
2022-03-20 16:00:00,6304.6,6358.94,28.0,11.14
2022-03-21 16:00:00,6308.0,6358.11,25.0,11.507
2022-03-22 16:00:00,6352.6,6398.1,24.0,10.815
2022-03-23 16:00:00,6299.8,6344.11,23.0,11.084
2022-03-24 16:00:00,6211.0,6268.24,22.0,15.15
2022-03-27 16:00:00,6258.8,6283.28,21.0,6.772
2022-03-28 16:00:00,6216.0,6253.07,18.0,12.021
2022-03-29 16:00:00,6375.0,6377.87,17.0,0.966
2022-03-30 16:00:00,6318.6,6324.96,16.0,2.294
2022-03-31 16:00:00,6368.4,6364.52,15.0,-1.483
2022-04-05 16:00:00,6349.0,6356.93,10.0,4.553
2022-04-06 16:00:00,6195.4,6221.59,9.0,17.072
2022-04-07 16:00:00,6210.0,6224.12,8.0,10.35
2022-04-10 16:00:00,6007.0,6029.89,7.0,19.794
2022-04-11 16:00:00,6130.4,6126.91,4.0,-5.198
2022-04-12 16:00:00,6045.0,6044.33,3.0,-1.349
2022-04-13 16:00:00,6087.4,6126.49,37.0,6.294
2022-04-14 16:00:00,6018.0,6070.75,36.0,8.81
2022-04-17 16:00:00,6051.0,6074.01,35.0,3.951
2022-04-18 16:00:00,6066.6,6092.4,32.0,4.83
2022-04-19 16:00:00,5904.2,5956.92,31.0,10.42
2022-04-20 16:00:00,5719.4,5759.8,30.0,8.534
2022-04-21 16:00:00,5686.6,5740.98,29.0,11.922
2022-04-24 16:00:00,5316.8,5369.72,28.0,12.847
2022-04-25 16:00:00,5170.8,5234.01,25.0,17.632
2022-04-26 16:00:00,5414.4,5437.04,24.0,6.333
2022-04-27 16:00:00,5393.0,5418.76,23.0,7.544
2022-04-28 16:00:00,5619.0,5627.9,22.0,2.624
2022-05-04 16:00:00,5652.2,5686.7,16.0,13.84
2022-05-05 16:00:00,5504.2,5563.77,15.0,26.053
2022-05-08 16:00:00,5547.0,5608.52,14.0,28.598
2022-05-09 16:00:00,5672.2,5690.09,11.0,10.433
2022-05-10 16:00:00,5702.4,5737.82,10.0,22.532
2022-05-11 16:00:00,5718.2,5743.1,9.0,17.583
2022-05-12 16:00:00,5782.4,5796.8,8.0,11.334
2022-05-15 16:00:00,5750.0,5791.08,7.0,36.988
2022-05-16 16:00:00,5797.0,5816.34,4.0,30.342
2022-05-17 16:00:00,5783.8,5797.49,3.0,28.73
2022-05-18 16:00:00,5781.2,5838.41,30.0,11.922
2022-05-19 16:00:00,5891.2,5929.49,29.0,8.128
2022-05-22 16:00:00,5888.0,5965.73,28.0,16.985
2022-05-23 16:00:00,5678.2,5745.68,25.0,17.147
2022-05-24 16:00:00,5768.6,5844.25,24.0,19.686
2022-05-25 16:00:00,5852.8,5911.56,23.0,15.774
2022-05-26 16:00:00,5845.0,5899.92,22.0,15.444
2022-05-29 16:00:00,5872.4,5942.83,21.0,20.599
2022-05-30 16:00:00,5975.0,6026.24,18.0,17.242
2022-05-31 16:00:00,5970.0,6023.64,17.0,19.119
2022-06-01 16:00:00,6050.2,6078.43,16.0,10.595
2022-06-05 16:00:00,6157.8,6187.44,14.0,12.489
2022-06-06 16:00:00,6148.0,6186.57,11.0,20.687
2022-06-07 16:00:00,6190.0,6217.83,10.0,16.337
2022-06-08 16:00:00,6119.8,6130.69,9.0,7.204
2022-06-09 16:00:00,6250.4,6240.1,8.0,-7.531
2022-06-12 16:00:00,6217.8,6233.62,7.0,13.233
2022-06-13 16:00:00,6281.2,6275.57,4.0,-8.186
2022-06-14 16:00:00,6251.6,6261.06,3.0,18.383
2022-06-15 16:00:00,6211.6,6264.82,30.0,10.336
2022-06-16 16:00:00,6282.4,6316.31,29.0,6.757
2022-06-19 16:00:00,6265.0,6330.39,28.0,13.465
2022-06-20 16:00:00,6224.2,6277.0,25.0,12.281
2022-06-21 16:00:00,6115.2,6179.57,24.0,15.842
2022-06-22 16:00:00,6273.2,6300.47,23.0,6.869
2022-06-23 16:00:00,6348.6,6368.28,22.0,5.127
2022-06-26 16:00:00,6363.6,6407.74,21.0,11.973
2022-06-27 16:00:00,6477.0,6501.35,18.0,7.595
2022-06-28 16:00:00,6382.2,6374.3,17.0,-2.661
2022-06-29 16:00:00,6425.8,6454.08,16.0,9.996
2022-06-30 16:00:00,6413.2,6438.54,15.0,9.577
2022-07-03 16:00:00,6491.8,6523.13,14.0,12.522
2022-07-04 16:00:00,6476.4,6511.53,11.0,17.902
2022-07-05 16:00:00,6401.6,6418.55,10.0,9.639
2022-07-06 16:00:00,6421.6,6452.99,9.0,19.728
2022-07-07 16:00:00,6383.2,6404.44,8.0,15.131
2022-07-10 16:00:00,6303.8,6319.14,7.0,12.658
2022-07-11 16:00:00,6225.6,6241.48,4.0,23.216
2022-07-12 16:00:00,6240.2,6268.49,3.0,54.909
2022-07-13 16:00:00,6266.4,6302.43,37.0,5.64
2022-07-14 16:00:00,6142.4,6196.8,36.0,8.901
2022-07-17 16:00:00,6270.0,6312.36,35.0,6.998
2022-07-18 16:00:00,6287.4,6335.71,32.0,8.697
2022-07-19 16:00:00,6373.0,6410.71,31.0,6.926
2022-07-20 16:00:00,6310.2,6347.6,30.0,7.169
2022-07-21 16:00:00,6244.8,6289.53,29.0,8.951
2022-07-24 16:00:00,6173.6,6231.24,28.0,12.058
2022-07-25 16:00:00,6273.4,6307.96,25.0,7.999
2022-07-26 16:00:00,6298.0,6332.23,24.0,8.221
2022-07-27 16:00:00,6305.6,6348.17,23.0,10.642
2022-07-28 16:00:00,6255.2,6294.11,22.0,10.256
2022-07-31 16:00:00,6311.4,6347.22,21.0,9.809
2022-08-01 16:00:00,6167.4,6170.0,18.0,0.854
2022-08-02 16:00:00,6102.6,6124.31,17.0,7.611
2022-08-03 16:00:00,6124.4,6158.73,16.0,12.716
2022-08-04 16:00:00,6258.0,6270.51,15.0,4.855
2022-08-07 16:00:00,6291.4,6323.07,14.0,13.058
2022-08-08 16:00:00,6309.4,6341.48,11.0,16.786
2022-08-09 16:00:00,6291.0,6322.06,10.0,17.932
2022-08-10 16:00:00,6426.2,6439.36,9.0,8.288
2022-08-11 16:00:00,6418.4,6420.85,8.0,1.741
2022-08-14 16:00:00,6429.0,6442.81,7.0,11.177
2022-08-15 16:00:00,6454.0,6465.19,4.0,15.794
2022-08-16 16:00:00,6492.4,6493.5,3.0,2.061
2022-08-17 16:00:00,6439.0,6468.81,30.0,5.607
2022-08-18 16:00:00,6350.2,6391.72,29.0,8.176
2022-08-21 16:00:00,6428.6,6472.68,28.0,8.878
2022-08-22 16:00:00,6432.0,6466.4,25.0,7.767
2022-08-23 16:00:00,6247.4,6284.58,24.0,8.997
2022-08-24 16:00:00,6278.4,6322.7,23.0,11.119
2022-08-25 16:00:00,6269.0,6298.37,22.0,7.737
2022-08-28 16:00:00,6272.0,6310.4,21.0,10.577
2022-08-29 16:00:00,6267.0,6285.93,18.0,6.107
2022-08-30 16:00:00,6139.4,6155.75,17.0,5.703
2022-08-31 16:00:00,6115.0,6126.77,16.0,4.382
2022-09-01 16:00:00,6130.2,6149.43,15.0,7.609
2022-09-04 16:00:00,6158.4,6182.65,14.0,10.226
2022-09-05 16:00:00,6272.6,6291.57,11.0,10.005
2022-09-06 16:00:00,6293.0,6301.56,10.0,4.958
2022-09-07 16:00:00,6269.6,6272.58,9.0,1.927
2022-09-08 16:00:00,6314.6,6316.97,8.0,1.712
2022-09-12 16:00:00,6292.6,6300.42,4.0,11.326
2022-09-13 16:00:00,6252.8,6249.96,3.0,-5.529
2022-09-14 16:00:00,6068.0,6107.8,37.0,6.428
2022-09-15 16:00:00,5918.0,5954.5,36.0,6.215
2022-09-18 16:00:00,5876.8,5913.15,35.0,6.411
2022-09-19 16:00:00,5918.6,5958.29,32.0,7.598
2022-09-20 16:00:00,5949.2,5978.58,31.0,5.786
2022-09-21 16:00:00,5938.6,5965.89,30.0,5.565
2022-09-22 16:00:00,5873.4,5889.6,29.0,3.462
2022-09-25 16:00:00,5804.4,5806.32,28.0,0.431
2022-09-26 16:00:00,5912.6,5920.05,25.0,1.837
2022-09-27 16:00:00,5772.0,5769.52,24.0,-0.654
2022-09-28 16:00:00,5790.8,5771.88,23.0,-5.202
2022-09-29 16:00:00,5710.2,5714.06,22.0,1.121
2022-10-09 16:00:00,5639.8,5635.71,14.0,-1.892
2022-10-10 16:00:00,5682.8,5684.51,11.0,0.998
2022-10-11 16:00:00,5812.8,5820.45,10.0,4.797
2022-10-12 16:00:00,5830.2,5830.34,9.0,0.097
2022-10-13 16:00:00,5983.8,5973.44,8.0,-7.913
2022-10-16 16:00:00,6002.4,6015.6,7.0,11.442
2022-10-17 16:00:00,6035.2,6035.67,4.0,0.711
2022-10-18 16:00:00,5981.2,5972.72,3.0,-17.274
2022-10-19 16:00:00,5938.0,5948.86,30.0,2.221
2022-10-20 16:00:00,5943.8,5956.88,29.0,2.764
2022-10-23 16:00:00,5897.2,5896.9,28.0,-0.066
2022-10-24 16:00:00,5863.6,5869.78,25.0,1.537
2022-10-25 16:00:00,5975.8,5971.6,24.0,-1.07
2022-10-26 16:00:00,5971.2,5963.0,23.0,-2.182
2022-10-27 16:00:00,5771.0,5781.8,22.0,3.099
2022-10-30 16:00:00,5805.0,5807.11,21.0,0.632
2022-10-31 16:00:00,5965.4,5941.15,18.0,-8.277
2022-11-01 16:00:00,6001.4,5997.8,17.0,-1.289
2022-11-02 16:00:00,6003.0,5996.72,16.0,-2.389
2022-11-03 16:00:00,6156.2,6133.46,15.0,-9.022
2022-11-06 16:00:00,6136.4,6141.41,14.0,2.127
2022-11-07 16:00:00,6144.8,6134.26,11.0,-5.701
2022-11-08 16:00:00,6123.2,6120.83,10.0,-1.413
2022-11-09 16:00:00,6106.0,6089.7,9.0,-10.855
2022-11-10 16:00:00,6139.6,6138.62,8.0,-0.728
2022-11-13 16:00:00,6126.4,6129.51,7.0,2.646
2022-11-14 16:00:00,6231.2,6236.38,4.0,7.579
2022-11-15 16:00:00,6206.4,6203.92,3.0,-4.864
2022-11-16 16:00:00,6226.8,6217.21,30.0,-1.877
2022-11-17 16:00:00,6215.6,6191.65,29.0,-4.868
2022-11-20 16:00:00,6204.2,6189.71,28.0,-3.052
2022-11-21 16:00:00,6136.6,6125.4,25.0,-2.67
2022-11-22 16:00:00,6128.6,6115.6,24.0,-3.233
2022-11-23 16:00:00,6133.4,6120.07,23.0,-3.457
2022-11-24 16:00:00,6096.2,6087.86,22.0,-2.273
2022-11-27 16:00:00,6074.8,6055.28,21.0,-5.603
2022-11-28 16:00:00,6172.8,6163.82,18.0,-2.954
2022-11-29 16:00:00,6163.8,6156.15,17.0,-2.668
2022-11-30 16:00:00,6190.0,6186.1,16.0,-1.438
2022-12-01 16:00:00,6176.0,6168.01,15.0,-3.152
2022-12-04 16:00:00,6209.6,6215.12,14.0,2.316
2022-12-05 16:00:00,6214.6,6211.25,11.0,-1.79
2022-12-06 16:00:00,6201.2,6204.01,10.0,1.653
2022-12-07 16:00:00,6192.2,6186.28,9.0,-3.881
2022-12-08 16:00:00,6204.2,6192.3,8.0,-8.768
2022-12-11 16:00:00,6169.6,6154.81,7.0,-12.53
2022-12-12 16:00:00,6137.0,6121.66,4.0,-22.866
2022-12-13 16:00:00,6104.0,6096.39,3.0,-15.187
2022-12-14 16:00:00,6105.6,6101.88,37.0,-0.601
2022-12-15 16:00:00,6106.0,6072.86,36.0,-5.533
2022-12-18 16:00:00,5971.8,5936.48,35.0,-6.205
2022-12-19 16:00:00,5897.4,5878.03,32.0,-3.759
2022-12-20 16:00:00,5865.8,5845.84,31.0,-4.02
2022-12-21 16:00:00,5802.0,5779.06,30.0,-4.83
2022-12-22 16:00:00,5791.8,5763.35,29.0,-6.213
2022-12-25 16:00:00,5860.6,5843.26,28.0,-3.868
2022-12-26 16:00:00,5897.6,5885.66,25.0,-2.962
2022-12-27 16:00:00,5882.4,5862.1,24.0,-5.267
2022-12-28 16:00:00,5869.4,5857.4,23.0,-3.251
2022-12-29 16:00:00,5870.8,5864.47,22.0,-1.791
2023-01-02 16:00:00,5958.8,5955.9,18.0,-0.987
2023-01-03 16:00:00,5957.0,5952.45,17.0,-1.641
2023-01-04 16:00:00,6019.4,6010.46,16.0,-3.393
2023-01-05 16:00:00,6024.2,6012.82,15.0,-4.605
2023-01-08 16:00:00,6033.6,6040.02,14.0,2.771
2023-01-09 16:00:00,6051.8,6048.3,11.0,-1.92
2023-01-10 16:00:00,6025.2,6014.16,10.0,-6.7
2023-01-11 16:00:00,6021.6,6015.29,9.0,-4.254
2023-01-12 16:00:00,6082.0,6057.69,8.0,-18.31
2023-01-15 16:00:00,6132.0,6126.18,7.0,-4.954
2023-01-16 16:00:00,6137.2,6132.64,4.0,-6.785
2023-01-17 16:00:00,6153.4,6151.46,3.0,-3.837
2023-01-18 16:00:00,6235.8,6204.33,30.0,-6.171
2023-01-19 16:00:00,6276.2,6251.43,29.0,-4.987
2023-01-29 16:00:00,6282.6,6283.33,21.0,0.202
2023-01-30 16:00:00,6302.0,6289.15,18.0,-4.143
2023-01-31 16:00:00,6361.0,6365.91,17.0,1.656
2023-02-01 16:00:00,6369.0,6370.14,16.0,0.408
2023-02-02 16:00:00,6343.2,6343.69,15.0,0.188
2023-02-05 16:00:00,6312.2,6302.33,14.0,-4.083
2023-02-06 16:00:00,6320.0,6317.24,11.0,-1.45
2023-02-07 16:00:00,6266.0,6268.28,10.0,1.328
2023-02-08 16:00:00,6363.0,6354.56,9.0,-5.387
2023-02-09 16:00:00,6337.4,6334.25,8.0,-2.269
2023-02-12 16:00:00,6371.2,6383.83,7.0,10.316
2023-02-13 16:00:00,6395.8,6397.21,4.0,2.011
2023-02-14 16:00:00,6379.0,6384.35,3.0,10.196
2023-02-15 16:00:00,6286.4,6289.48,30.0,0.596
2023-02-16 16:00:00,6236.6,6237.41,29.0,0.163
2023-02-19 16:00:00,6327.6,6346.07,28.0,3.794
2023-02-20 16:00:00,6355.0,6383.42,25.0,6.5
2023-02-21 16:00:00,6363.0,6375.07,24.0,2.879
2023-02-22 16:00:00,6351.8,6360.32,23.0,2.126
2023-02-23 16:00:00,6339.4,6340.84,22.0,0.377
2023-02-26 16:00:00,6302.6,6307.21,21.0,1.27
2023-02-27 16:00:00,6345.8,6357.54,18.0,3.745
2023-02-28 16:00:00,6387.0,6402.14,17.0,5.077
2023-03-01 16:00:00,6381.0,6382.23,16.0,0.44
2023-03-02 16:00:00,6372.6,6390.32,15.0,6.747
2023-03-05 16:00:00,6364.0,6395.22,14.0,12.727
2023-03-06 16:00:00,6276.6,6284.3,11.0,4.066
2023-03-07 16:00:00,6288.0,6301.52,10.0,7.831
2023-03-08 16:00:00,6278.2,6285.95,9.0,5.0
2023-03-09 16:00:00,6203.0,6204.9,8.0,1.397
2023-03-12 16:00:00,6241.8,6245.0,7.0,2.672
2023-03-13 16:00:00,6197.0,6189.4,4.0,-11.205
2023-03-14 16:00:00,6228.4,6224.64,3.0,-7.349
2023-03-15 16:00:00,6134.0,6140.83,37.0,1.097
2023-03-16 16:00:00,6177.4,6183.18,36.0,0.948
2023-03-19 16:00:00,6165.2,6160.35,35.0,-0.821
2023-03-20 16:00:00,6226.2,6234.68,32.0,1.551
2023-03-21 16:00:00,6264.2,6269.74,31.0,1.04
2023-03-22 16:00:00,6298.8,6305.76,30.0,1.343
2023-03-23 16:00:00,6308.6,6310.1,29.0,0.299
2023-03-26 16:00:00,6296.2,6311.6,28.0,3.181
2023-03-27 16:00:00,6287.8,6279.92,25.0,-1.832
2023-03-28 16:00:00,6261.2,6260.55,24.0,-0.158
2023-03-29 16:00:00,6303.0,6286.18,23.0,-4.246
2023-03-30 16:00:00,6347.0,6339.82,22.0,-1.879
2023-04-02 16:00:00,6406.0,6413.81,21.0,2.116
2023-04-03 16:00:00,6415.0,6408.9,18.0,-1.93
2023-04-05 16:00:00,6411.4,6416.85,16.0,1.938
2023-04-06 16:00:00,6457.0,6464.47,15.0,2.812
2023-04-09 16:00:00,6420.4,6410.52,14.0,-4.018
2023-04-10 16:00:00,6416.0,6420.88,11.0,2.522
2023-04-11 16:00:00,6436.2,6443.44,10.0,4.101
2023-04-12 16:00:00,6408.0,6404.65,9.0,-2.121
2023-04-13 16:00:00,6423.8,6431.07,8.0,5.158
2023-04-16 16:00:00,6454.4,6459.24,7.0,3.907
2023-04-17 16:00:00,6439.0,6449.85,4.0,15.35
2023-04-18 16:00:00,6414.6,6416.97,3.0,4.494
2023-04-19 16:00:00,6389.0,6411.76,30.0,4.319
2023-04-20 16:00:00,6240.6,6250.54,29.0,2.002
2023-04-23 16:00:00,6204.0,6208.78,28.0,1.004
2023-04-24 16:00:00,6108.6,6118.15,25.0,2.279
2023-04-25 16:00:00,6131.6,6142.15,24.0,2.612
2023-04-26 16:00:00,6171.4,6157.94,23.0,-3.469
2023-04-27 16:00:00,6254.6,6241.24,22.0,-3.551
2023-05-03 16:00:00,6256.6,6262.39,16.0,2.109
2023-05-04 16:00:00,6196.4,6200.58,15.0,1.64
2023-05-07 16:00:00,6229.4,6248.58,14.0,8.003
2023-05-08 16:00:00,6175.6,6181.98,11.0,3.424
2023-05-09 16:00:00,6167.2,6173.81,10.0,3.908
2023-05-10 16:00:00,6147.4,6154.47,9.0,4.659
2023-05-11 16:00:00,6082.2,6091.65,8.0,7.078
2023-05-14 16:00:00,6154.2,6159.39,7.0,4.394
2023-05-15 16:00:00,6113.2,6110.83,4.0,-3.539
2023-05-16 16:00:00,6116.0,6122.05,3.0,12.023
2023-05-17 16:00:00,6101.4,6128.18,30.0,5.317
2023-05-18 16:00:00,6108.8,6117.08,29.0,1.704
2023-05-21 16:00:00,6093.8,6115.32,28.0,4.587
2023-05-22 16:00:00,6030.4,6052.43,25.0,5.314
2023-05-23 16:00:00,5992.8,6005.79,24.0,3.289
2023-05-24 16:00:00,5966.6,5988.19,23.0,5.722
2023-05-25 16:00:00,6022.6,6034.98,22.0,3.403
2023-05-28 16:00:00,6015.8,6025.16,21.0,2.7
2023-05-29 16:00:00,6047.6,6061.31,18.0,4.587
2023-05-30 16:00:00,6033.6,6047.8,17.0,5.041
2023-05-31 16:00:00,6047.0,6051.46,16.0,1.681
2023-06-01 16:00:00,6096.4,6105.22,15.0,3.515
2023-06-04 16:00:00,6080.0,6097.11,14.0,7.316
2023-06-05 16:00:00,5962.0,5983.42,11.0,11.879
2023-06-06 16:00:00,5971.0,5987.01,10.0,9.761
2023-06-07 16:00:00,5959.2,5966.15,9.0,4.724
2023-06-08 16:00:00,6009.4,6009.58,8.0,0.137
2023-06-11 16:00:00,6016.0,6027.71,7.0,10.13
2023-06-12 16:00:00,6040.0,6044.04,4.0,6.099
2023-06-13 16:00:00,6042.8,6044.08,3.0,2.577
2023-06-14 16:00:00,6077.2,6096.81,37.0,3.173
2023-06-15 16:00:00,6133.8,6148.01,36.0,2.343
2023-06-18 16:00:00,6109.8,6131.38,35.0,3.67
2023-06-19 16:00:00,6106.2,6126.11,32.0,3.707
2023-06-20 16:00:00,5979.2,5990.85,31.0,2.29
2023-06-25 16:00:00,5890.0,5887.03,28.0,-0.658
2023-06-26 16:00:00,5923.0,5948.0,25.0,6.137
2023-06-27 16:00:00,5931.6,5942.31,24.0,2.741
2023-06-28 16:00:00,5926.4,5940.58,23.0,3.788
2023-06-29 16:00:00,5992.8,5998.73,22.0,1.64
2023-07-02 16:00:00,6020.4,6042.31,21.0,6.303
2023-07-03 16:00:00,6037.4,6055.26,18.0,5.981
2023-07-04 16:00:00,6007.2,6020.82,17.0,4.857
2023-07-05 16:00:00,5966.6,5988.55,16.0,8.362
2023-07-06 16:00:00,5951.0,5961.61,15.0,4.331
2023-07-09 16:00:00,5968.2,5984.28,14.0,7.005
2023-07-10 16:00:00,6019.6,6029.23,11.0,5.3
2023-07-11 16:00:00,5958.8,5962.79,10.0,2.442
2023-07-12 16:00:00,6051.2,6044.06,9.0,-4.791
2023-07-13 16:00:00,6026.2,6030.52,8.0,3.268
2023-07-16 16:00:00,6006.6,6012.69,7.0,5.281
2023-07-17 16:00:00,5997.4,6001.8,4.0,6.69
2023-07-18 16:00:00,5993.2,5993.41,3.0,0.426
2023-07-19 16:00:00,5918.6,5925.48,30.0,1.413
2023-07-20 16:00:00,5925.4,5925.63,29.0,0.049
2023-07-23 16:00:00,5916.4,5916.71,28.0,0.068
2023-07-24 16:00:00,6019.6,6016.63,25.0,-0.721
2023-07-25 16:00:00,6005.0,6001.54,24.0,-0.877
2023-07-26 16:00:00,5964.0,5961.18,23.0,-0.751
2023-07-27 16:00:00,6052.2,6043.24,22.0,-2.46
2023-07-30 16:00:00,6094.4,6088.24,21.0,-1.759
2023-07-31 16:00:00,6099.0,6098.88,18.0,-0.04
2023-08-01 16:00:00,6075.8,6077.46,17.0,0.586
2023-08-02 16:00:00,6093.2,6098.69,16.0,2.054
2023-08-03 16:00:00,6126.6,6128.56,15.0,0.778
2023-08-06 16:00:00,6104.4,6090.73,14.0,-5.851
2023-08-07 16:00:00,6077.2,6066.1,11.0,-6.072
2023-08-08 16:00:00,6036.0,6021.75,10.0,-8.637
2023-08-09 16:00:00,6030.4,6031.71,9.0,0.881
2023-08-10 16:00:00,5910.2,5913.35,8.0,2.43
2023-08-13 16:00:00,5911.8,5916.8,7.0,4.406
2023-08-14 16:00:00,5880.2,5879.78,4.0,-0.652
2023-08-15 16:00:00,5843.4,5833.22,31.0,-2.055
2023-08-16 16:00:00,5882.0,5874.36,30.0,-1.582
2023-08-17 16:00:00,5787.0,5777.8,29.0,-2.004
2023-08-20 16:00:00,5714.8,5710.78,28.0,-0.918
2023-08-21 16:00:00,5731.2,5741.06,25.0,2.507
2023-08-22 16:00:00,5637.6,5629.5,24.0,-2.188
2023-08-23 16:00:00,5650.2,5652.67,23.0,0.693
2023-08-24 16:00:00,5587.8,5581.21,22.0,-1.959
2023-08-27 16:00:00,5647.2,5644.14,21.0,-0.942
2023-08-28 16:00:00,5771.2,5770.32,18.0,-0.309
2023-08-29 16:00:00,5770.6,5775.15,17.0,1.692
2023-08-30 16:00:00,5742.4,5739.4,16.0,-1.192
2023-08-31 16:00:00,5751.0,5750.8,15.0,-0.085
2023-09-03 16:00:00,5833.8,5829.78,14.0,-1.798
2023-09-04 16:00:00,5787.4,5788.71,11.0,0.751
2023-09-05 16:00:00,5786.2,5790.38,10.0,2.635
2023-09-06 16:00:00,5701.6,5702.7,9.0,0.782
2023-09-07 16:00:00,5697.0,5708.62,8.0,9.287
2023-09-10 16:00:00,5760.0,5774.73,7.0,13.3
2023-09-11 16:00:00,5769.0,5770.93,4.0,3.052
2023-09-12 16:00:00,5712.4,5715.4,3.0,6.386
2023-09-13 16:00:00,5706.8,5702.1,37.0,-0.813
2023-09-14 16:00:00,5714.0,5704.66,36.0,-1.66
2023-09-17 16:00:00,5731.6,5719.69,35.0,-2.172
2023-09-18 16:00:00,5707.6,5687.9,32.0,-3.951
2023-09-19 16:00:00,5668.6,5651.01,31.0,-3.665
2023-09-20 16:00:00,5622.8,5611.92,30.0,-2.359
2023-09-21 16:00:00,5726.6,5698.82,29.0,-6.135
2023-09-24 16:00:00,5687.2,5666.66,28.0,-4.725
2023-09-25 16:00:00,5671.8,5646.65,25.0,-6.503
2023-09-26 16:00:00,5700.0,5674.35,24.0,-6.875
2023-09-27 16:00:00,5695.0,5690.77,23.0,-1.18
2023-10-08 16:00:00,5658.2,5658.08,14.0,-0.055
2023-10-09 16:00:00,5635.4,5630.37,11.0,-2.964
2023-10-10 16:00:00,5621.2,5629.79,10.0,5.569
2023-10-11 16:00:00,5665.8,5671.64,9.0,4.176
2023-10-12 16:00:00,5643.8,5633.38,8.0,-8.439
2023-10-15 16:00:00,5586.2,5580.67,7.0,-5.167
2023-10-16 16:00:00,5589.4,5595.34,4.0,9.687
2023-10-17 16:00:00,5527.4,5524.6,3.0,-6.166
2023-10-18 16:00:00,5472.0,5464.03,30.0,-1.775
2023-10-19 16:00:00,5428.6,5423.67,29.0,-1.144
2023-10-22 16:00:00,5267.0,5290.33,28.0,5.749
2023-10-23 16:00:00,5315.8,5352.01,25.0,9.878
2023-10-24 16:00:00,5347.8,5376.0,24.0,7.978
2023-10-25 16:00:00,5379.4,5398.93,23.0,5.741
2023-10-26 16:00:00,5487.0,5492.03,22.0,1.52
2023-10-29 16:00:00,5527.8,5546.39,21.0,5.826
2023-10-30 16:00:00,5515.4,5528.24,18.0,4.71
2023-10-31 16:00:00,5507.2,5509.97,17.0,1.079
2023-11-01 16:00:00,5459.4,5459.45,16.0,0.021
2023-11-02 16:00:00,5502.8,5510.36,15.0,3.338
2023-11-05 16:00:00,5596.0,5605.06,14.0,4.214
2023-11-06 16:00:00,5598.0,5611.1,11.0,7.747
2023-11-07 16:00:00,5593.0,5608.02,10.0,9.776
2023-11-08 16:00:00,5582.8,5592.06,9.0,6.716
2023-11-09 16:00:00,5561.2,5573.1,8.0,9.742
2023-11-12 16:00:00,5590.6,5605.57,7.0,13.925
2023-11-13 16:00:00,5616.6,5630.55,4.0,22.608
2023-11-14 16:00:00,5655.6,5664.62,3.0,19.373
2023-11-15 16:00:00,5580.2,5609.36,30.0,6.325
2023-11-16 16:00:00,5591.6,5631.42,29.0,8.9
2023-11-19 16:00:00,5633.0,5659.77,28.0,6.166
2023-11-20 16:00:00,5617.2,5641.08,25.0,6.181
2023-11-21 16:00:00,5550.8,5572.9,24.0,6.031
2023-11-22 16:00:00,5612.4,5622.99,23.0,2.989
2023-11-23 16:00:00,5550.8,5570.42,22.0,5.844
2023-11-26 16:00:00,5546.4,5566.51,21.0,6.279
2023-11-27 16:00:00,5561.8,5591.5,18.0,10.771
2023-11-28 16:00:00,5539.2,5553.33,17.0,5.463
2023-11-29 16:00:00,5518.2,5545.05,16.0,11.046
2023-11-30 16:00:00,5536.0,5566.87,15.0,13.494
2023-12-03 16:00:00,5522.2,5559.07,14.0,17.292
2023-12-04 16:00:00,5436.2,5460.41,11.0,14.712
2023-12-05 16:00:00,5467.4,5481.82,10.0,9.601
2023-12-06 16:00:00,5477.0,5481.14,9.0,3.063
2023-12-07 16:00:00,5498.4,5497.99,8.0,-0.34
2023-12-10 16:00:00,5558.2,5564.85,7.0,6.231
2023-12-11 16:00:00,5570.2,5566.18,4.0,-6.59
2023-12-12 16:00:00,5513.6,5507.51,3.0,-13.453
2023-12-13 16:00:00,5470.0,5489.33,37.0,3.474
2023-12-14 16:00:00,5431.2,5449.79,36.0,3.459
2023-12-17 16:00:00,5383.8,5385.27,35.0,0.285
2023-12-18 16:00:00,5373.2,5379.87,32.0,1.414
2023-12-19 16:00:00,5320.2,5309.29,31.0,-2.419
2023-12-20 16:00:00,5335.6,5338.76,30.0,0.72
2023-12-21 16:00:00,5322.4,5311.69,29.0,-2.538
2023-12-24 16:00:00,5316.2,5315.37,28.0,-0.204
2023-12-25 16:00:00,5270.4,5258.28,25.0,-3.365
2023-12-26 16:00:00,5282.8,5285.53,24.0,0.786
2023-12-27 16:00:00,5388.0,5382.8,23.0,-1.533
2023-12-28 16:00:00,5431.8,5429.23,22.0,-0.785
2024-01-01 16:00:00,5394.2,5409.46,18.0,5.72
2024-01-02 16:00:00,5388.6,5401.4,17.0,5.088
2024-01-03 16:00:00,5347.8,5355.32,16.0,3.203
2024-01-04 16:00:00,5282.2,5281.87,15.0,-0.152
2024-01-07 16:00:00,5130.6,5167.7,14.0,18.717
2024-01-08 16:00:00,5155.0,5180.65,11.0,16.429
2024-01-09 16:00:00,5138.8,5158.08,10.0,13.643
2024-01-10 16:00:00,5209.6,5223.86,9.0,11.071
2024-01-11 16:00:00,5188.6,5206.18,8.0,15.406
2024-01-14 16:00:00,5178.2,5193.3,7.0,15.161
2024-01-15 16:00:00,5173.4,5190.4,4.0,29.887
2024-01-16 16:00:00,5017.8,5061.54,3.0,105.14
2024-01-17 16:00:00,4983.4,5066.96,33.0,18.24
2024-01-18 16:00:00,4950.8,5018.43,32.0,15.371
2024-01-21 16:00:00,4645.6,4780.97,31.0,33.338
2024-01-22 16:00:00,4800.4,4865.74,28.0,17.505
2024-01-23 16:00:00,4890.2,4933.7,27.0,11.919
2024-01-24 16:00:00,5060.0,5073.18,26.0,3.647
2024-01-25 16:00:00,4992.6,5027.09,25.0,10.017
2024-01-28 16:00:00,4893.2,4927.91,24.0,10.712
2024-01-29 16:00:00,4767.8,4814.99,21.0,17.034
2024-01-30 16:00:00,4657.4,4696.98,20.0,15.379
2024-01-31 16:00:00,4648.8,4678.73,19.0,12.289
2024-02-01 16:00:00,4512.8,4563.22,18.0,22.405
2024-02-04 16:00:00,4380.0,4460.26,17.0,38.635
2024-02-05 16:00:00,4822.6,4805.9,14.0,-9.06
2024-02-06 16:00:00,5128.6,5109.57,38.0,-3.577
2024-02-07 16:00:00,5110.6,5150.23,37.0,7.591
2024-02-18 16:00:00,5083.4,5141.6,28.0,14.756
2024-02-19 16:00:00,5097.4,5140.96,25.0,12.371
2024-02-20 16:00:00,5107.2,5139.04,24.0,9.423
2024-02-21 16:00:00,5159.2,5176.34,23.0,5.255
2024-02-22 16:00:00,5186.0,5197.71,22.0,3.738
2024-02-25 16:00:00,5168.2,5195.46,21.0,9.12
2024-02-26 16:00:00,5307.8,5307.8,18.0,0.0
2024-02-27 16:00:00,5175.2,5184.05,17.0,3.665
2024-02-28 16:00:00,5346.4,5346.79,16.0,0.166
2024-02-29 16:00:00,5382.6,5379.05,15.0,-1.606
2024-03-03 16:00:00,5377.0,5388.82,14.0,5.719
2024-03-04 16:00:00,5334.8,5351.83,11.0,10.559
2024-03-05 16:00:00,5342.8,5350.1,10.0,4.98
2024-03-06 16:00:00,5272.4,5277.3,9.0,3.766
2024-03-07 16:00:00,5346.2,5349.6,8.0,2.9
2024-03-10 16:00:00,5456.2,5441.05,7.0,-14.519
2024-03-11 16:00:00,5427.6,5423.72,4.0,-6.528
2024-03-12 16:00:00,5417.0,5415.11,3.0,-4.246
2024-03-13 16:00:00,5382.2,5392.93,37.0,1.963
2024-03-14 16:00:00,5452.6,5454.15,36.0,0.288
2024-03-17 16:00:00,5533.0,5528.45,35.0,-0.858
2024-03-18 16:00:00,5472.2,5478.22,32.0,1.253
2024-03-19 16:00:00,5486.0,5493.41,31.0,1.588
2024-03-20 16:00:00,5457.8,5465.83,30.0,1.787
2024-03-21 16:00:00,5367.0,5384.57,29.0,4.107
2024-03-24 16:00:00,5293.8,5294.75,28.0,0.234
2024-03-25 16:00:00,5267.4,5284.42,25.0,4.702
2024-03-26 16:00:00,5150.6,5156.68,24.0,1.793
2024-03-27 16:00:00,5216.8,5223.81,23.0,2.13
2024-03-28 16:00:00,5288.4,5286.16,22.0,-0.703
2024-03-31 16:00:00,5404.0,5401.22,21.0,-0.895
2024-04-01 16:00:00,5381.8,5381.23,18.0,-0.215
2024-04-02 16:00:00,5372.0,5374.6,17.0,1.039
2024-04-07 16:00:00,5286.2,5298.59,14.0,6.096
2024-04-08 16:00:00,5334.2,5342.9,11.0,5.403
2024-04-09 16:00:00,5269.0,5275.47,10.0,4.476
2024-04-10 16:00:00,5303.0,5301.81,9.0,-0.91
2024-04-11 16:00:00,5263.2,5277.22,8.0,12.121
2024-04-14 16:00:00,5345.0,5339.72,7.0,-5.156
2024-04-15 16:00:00,5198.0,5191.55,4.0,-11.337
2024-04-16 16:00:00,5341.8,5339.75,3.0,-4.671
2024-04-17 16:00:00,5336.8,5349.84,30.0,2.966
2024-04-18 16:00:00,5288.0,5314.87,29.0,6.363
2024-04-21 16:00:00,5246.2,5267.58,28.0,5.291
2024-04-22 16:00:00,5185.6,5208.27,25.0,6.355
2024-04-23 16:00:00,5251.0,5263.04,24.0,3.479
2024-04-24 16:00:00,5246.8,5259.34,23.0,3.784
2024-04-25 16:00:00,5373.4,5372.12,22.0,-0.395
2024-04-28 16:00:00,5484.8,5478.49,21.0,-2.002
2024-04-29 16:00:00,5442.0,5441.14,18.0,-0.321
2024-05-05 16:00:00,5523.4,5528.6,14.0,2.452
2024-05-06 16:00:00,5522.0,5527.08,11.0,3.05
2024-05-07 16:00:00,5450.6,5458.76,10.0,5.456
2024-05-08 16:00:00,5548.6,5556.77,9.0,5.963
2024-05-09 16:00:00,5530.8,5535.4,8.0,3.792
2024-05-12 16:00:00,5497.0,5505.26,7.0,7.823
2024-05-13 16:00:00,5488.6,5500.74,4.0,20.139
2024-05-14 16:00:00,5443.4,5446.66,3.0,7.282
2024-05-15 16:00:00,5378.4,5424.67,37.0,8.414
2024-05-16 16:00:00,5460.4,5491.89,36.0,5.814
2024-05-19 16:00:00,5474.0,5523.5,35.0,9.346
2024-05-20 16:00:00,5440.6,5478.91,32.0,7.976
2024-05-21 16:00:00,5424.0,5468.61,31.0,9.605
2024-05-22 16:00:00,5326.0,5362.31,30.0,8.238
2024-05-23 16:00:00,5270.4,5313.45,29.0,10.197
2024-05-26 16:00:00,5322.4,5371.37,28.0,11.884
2024-05-27 16:00:00,5280.0,5316.13,25.0,9.923
2024-05-28 16:00:00,5290.0,5328.31,24.0,10.935
2024-05-29 16:00:00,5287.0,5308.66,23.0,6.475
2024-05-30 16:00:00,5282.2,5308.54,22.0,8.232
2024-06-02 16:00:00,5239.8,5274.07,21.0,11.294
2024-06-03 16:00:00,5307.2,5341.95,18.0,13.191
2024-06-04 16:00:00,5247.6,5277.94,17.0,12.342
2024-06-05 16:00:00,5208.2,5228.8,16.0,8.987
2024-06-06 16:00:00,5178.0,5208.98,15.0,14.472
2024-06-10 16:00:00,5198.6,5217.47,11.0,12.001
2024-06-11 16:00:00,5210.0,5232.95,10.0,16.008
2024-06-12 16:00:00,5184.0,5194.59,9.0,8.268
2024-06-13 16:00:00,5211.6,5213.09,8.0,1.304
2024-06-16 16:00:00,5198.2,5207.13,7.0,8.942
2024-06-17 16:00:00,5226.6,5230.89,4.0,7.484
2024-06-18 16:00:00,5169.2,5168.82,3.0,-0.894
2024-06-19 16:00:00,5058.8,5094.57,30.0,8.542
2024-06-20 16:00:00,5060.6,5102.33,29.0,10.294
2024-06-23 16:00:00,4965.0,4992.91,28.0,7.287
2024-06-24 16:00:00,4923.4,4948.63,25.0,7.444
2024-06-25 16:00:00,4990.2,5020.43,24.0,9.158
2024-06-26 16:00:00,4908.0,4928.05,23.0,6.457
2024-06-27 16:00:00,4909.0,4942.78,22.0,11.339
2024-06-30 16:00:00,4968.2,5003.16,21.0,12.145
2024-07-01 16:00:00,4924.6,4949.48,18.0,10.193
2024-07-02 16:00:00,4879.8,4910.92,17.0,13.606
2024-07-03 16:00:00,4803.8,4834.5,16.0,14.486
2024-07-04 16:00:00,4842.0,4866.26,15.0,12.131
2024-07-07 16:00:00,4762.4,4783.62,14.0,11.565
2024-07-08 16:00:00,4854.8,4876.9,11.0,15.037
2024-07-09 16:00:00,4831.4,4844.16,10.0,9.614
2024-07-10 16:00:00,4925.4,4939.73,9.0,11.765
2024-07-11 16:00:00,4908.0,4919.36,8.0,10.536
2024-07-14 16:00:00,4862.6,4883.9,7.0,22.741
2024-07-15 16:00:00,4881.2,4898.36,4.0,31.967
2024-07-16 16:00:00,4851.2,4856.58,3.0,13.478
2024-07-17 16:00:00,4853.4,4877.69,30.0,6.059
2024-07-18 16:00:00,4846.2,4872.05,29.0,6.678
2024-07-21 16:00:00,4834.4,4865.98,28.0,8.46
2024-07-22 16:00:00,4691.0,4722.8,25.0,9.831
2024-07-23 16:00:00,4631.4,4668.06,24.0,11.944
2024-07-24 16:00:00,4627.2,4665.45,23.0,13.011
2024-07-25 16:00:00,4709.4,4736.38,22.0,9.451
2024-07-28 16:00:00,4679.4,4708.84,21.0,10.867
2024-07-29 16:00:00,4673.0,4699.28,18.0,11.34
2024-07-30 16:00:00,4890.2,4886.41,17.0,-1.665
2024-07-31 16:00:00,4841.0,4852.97,16.0,5.627
2024-08-01 16:00:00,4777.8,4788.62,15.0,5.498
2024-08-04 16:00:00,4689.8,4693.85,14.0,2.25
2024-08-05 16:00:00,4738.2,4750.78,11.0,8.786
2024-08-06 16:00:00,4735.6,4751.94,10.0,12.551
2024-08-07 16:00:00,4752.4,4755.81,9.0,2.908
2024-08-08 16:00:00,4707.8,4720.31,8.0,12.092
2024-08-11 16:00:00,4717.6,4714.16,7.0,-3.805
2024-08-12 16:00:00,4729.2,4731.84,4.0,5.091
2024-08-13 16:00:00,4653.8,4667.07,3.0,34.594
2024-08-14 16:00:00,4661.2,4698.38,37.0,7.806
2024-08-15 16:00:00,4642.8,4670.38,36.0,5.987
2024-08-18 16:00:00,4662.0,4682.96,35.0,4.668
2024-08-19 16:00:00,4572.0,4602.01,32.0,7.438
2024-08-20 16:00:00,4570.6,4587.12,31.0,4.24
2024-08-21 16:00:00,4514.6,4533.37,30.0,5.037
2024-08-22 16:00:00,4518.6,4537.09,29.0,5.129
2024-08-25 16:00:00,4527.0,4544.36,28.0,4.98
2024-08-26 16:00:00,4480.2,4495.29,25.0,4.901
2024-08-27 16:00:00,4483.0,4500.01,24.0,5.749
2024-08-28 16:00:00,4547.2,4557.9,23.0,3.725
2024-08-29 16:00:00,4628.4,4639.11,22.0,3.83
2024-09-01 16:00:00,4532.4,4546.88,21.0,5.535
2024-09-02 16:00:00,4576.0,4596.48,18.0,9.035
2024-09-03 16:00:00,4569.2,4582.08,17.0,6.035
2024-09-04 16:00:00,4592.4,4601.09,16.0,4.309
2024-09-05 16:00:00,4524.2,4537.45,15.0,7.106
2024-09-08 16:00:00,4494.6,4507.19,14.0,7.283
2024-09-09 16:00:00,4493.0,4507.71,11.0,10.828
2024-09-10 16:00:00,4509.2,4514.92,10.0,4.624
2024-09-11 16:00:00,4496.4,4496.59,9.0,0.171
2024-09-12 16:00:00,4444.8,4450.96,8.0,6.314
2024-09-17 16:00:00,4460.0,4462.87,3.0,7.824
2024-09-18 16:00:00,4508.6,4520.39,30.0,3.173
2024-09-19 16:00:00,4474.8,4498.39,29.0,6.6
2024-09-22 16:00:00,4478.4,4494.69,28.0,4.725
2024-09-23 16:00:00,4705.6,4689.6,25.0,-4.981
2024-09-24 16:00:00,4732.0,4731.48,24.0,-0.167
2024-09-25 16:00:00,4995.2,4938.18,23.0,-18.324
2024-09-26 16:00:00,5430.2,5201.67,22.0,-72.89
2024-09-29 16:00:00,5902.8,5743.22,21.0,-48.294
2024-10-07 16:00:00,6098.2,6155.58,11.0,30.931
2024-10-08 16:00:00,5790.8,5735.64,10.0,-35.102
2024-10-09 16:00:00,5712.6,5690.88,9.0,-15.479
2024-10-10 16:00:00,5485.0,5470.81,8.0,-11.834
2024-10-13 16:00:00,5605.4,5608.15,7.0,2.557
2024-10-14 16:00:00,5456.4,5472.56,4.0,26.945
2024-10-15 16:00:00,5463.8,5461.09,3.0,-6.038
2024-10-16 16:00:00,5401.2,5418.99,30.0,3.994
2024-10-17 16:00:00,5613.4,5640.02,29.0,5.94
2024-10-20 16:00:00,5686.6,5704.23,28.0,4.029
2024-10-21 16:00:00,5750.0,5753.85,25.0,0.977
2024-10-22 16:00:00,5755.8,5776.38,59.0,2.204
2024-10-23 16:00:00,5710.0,5726.7,58.0,1.835
2024-10-24 16:00:00,5797.0,5809.69,57.0,1.399
2024-10-27 16:00:00,5857.8,5883.72,56.0,2.871
2024-10-28 16:00:00,5800.8,5812.53,53.0,1.39
2024-10-29 16:00:00,5814.4,5837.93,52.0,2.829
2024-10-30 16:00:00,5859.6,5901.29,51.0,5.056
2024-10-31 16:00:00,5821.0,5831.82,50.0,1.354
2024-11-03 16:00:00,5917.4,5928.91,49.0,1.446
2024-11-04 16:00:00,6093.8,6111.97,46.0,2.359
2024-11-05 16:00:00,6096.0,6125.79,45.0,3.944
2024-11-06 16:00:00,6207.8,6239.56,44.0,4.222
2024-11-07 16:00:00,6174.0,6222.44,43.0,6.608
2024-11-10 16:00:00,6240.0,6330.62,42.0,12.44
2024-11-11 16:00:00,6184.0,6263.88,39.0,11.935
2024-11-12 16:00:00,6186.4,6259.84,38.0,11.269
2024-11-13 16:00:00,6057.4,6078.31,37.0,3.394
2024-11-14 16:00:00,5913.2,5924.48,36.0,1.93
2024-11-17 16:00:00,5822.0,5833.04,35.0,1.974
2024-11-18 16:00:00,5890.2,5936.6,32.0,8.915
2024-11-19 16:00:00,5943.8,5992.39,31.0,9.547
2024-11-20 16:00:00,5933.4,5985.31,30.0,10.552
2024-11-21 16:00:00,5709.0,5750.25,29.0,9.029
2024-11-24 16:00:00,5688.8,5735.65,28.0,10.648
2024-11-25 16:00:00,5652.8,5690.48,25.0,9.668
2024-11-26 16:00:00,5767.6,5804.94,24.0,9.783
2024-11-27 16:00:00,5723.6,5757.6,23.0,9.371
2024-11-28 16:00:00,5822.4,5851.94,22.0,8.375
2024-12-01 16:00:00,5912.0,5943.62,21.0,9.247
2024-12-02 16:00:00,5903.2,5932.12,18.0,9.886
2024-12-03 16:00:00,5860.0,5879.27,17.0,7.037
2024-12-04 16:00:00,5878.0,5901.99,16.0,9.273
2024-12-05 16:00:00,5963.4,5979.2,15.0,6.43
2024-12-08 16:00:00,5922.6,5947.11,14.0,10.745
2024-12-09 16:00:00,5991.4,5992.09,11.0,0.382
2024-12-10 16:00:00,6036.4,6047.1,10.0,6.458
2024-12-11 16:00:00,6093.0,6100.39,9.0,4.913
2024-12-12 16:00:00,5998.2,5988.29,8.0,-7.55
2024-12-15 16:00:00,5908.0,5912.6,7.0,4.057
2024-12-16 16:00:00,5850.8,5848.16,4.0,-4.119
2024-12-17 16:00:00,5888.6,5888.62,3.0,0.041
2024-12-18 16:00:00,5837.2,5901.92,93.0,4.304
2024-12-19 16:00:00,5895.6,5917.18,29.0,4.59
2024-12-22 16:00:00,5803.0,5818.55,28.0,3.484
2024-12-23 16:00:00,5879.2,5895.26,25.0,3.977
2024-12-24 16:00:00,5828.4,5840.29,24.0,3.096
2024-12-25 16:00:00,5870.0,5887.06,23.0,4.599
2024-12-26 16:00:00,5887.8,5899.17,22.0,3.198
2024-12-29 16:00:00,5889.2,5898.88,21.0,2.852
2024-12-30 16:00:00,5693.0,5725.73,18.0,11.591
2025-01-01 16:00:00,5534.6,5545.82,16.0,4.615
2025-01-02 16:00:00,5428.8,5427.8,15.0,-0.448
2025-01-05 16:00:00,5418.0,5427.1,14.0,4.372
2025-01-06 16:00:00,5468.8,5484.68,11.0,9.607
2025-01-07 16:00:00,5448.2,5461.59,10.0,8.949
2025-01-08 16:00:00,5437.2,5456.59,9.0,14.411
2025-01-09 16:00:00,5365.6,5369.28,8.0,3.127
2025-01-12 16:00:00,5385.6,5381.7,7.0,-3.779
2025-01-13 16:00:00,5569.0,5572.27,4.0,5.355
2025-01-14 16:00:00,5526.0,5522.46,3.0,-7.799
2025-01-15 16:00:00,5493.4,5545.63,65.0,5.289
2025-01-16 16:00:00,5550.8,5587.29,64.0,3.725
2025-01-19 16:00:00,5579.6,5614.33,63.0,3.584
2025-01-20 16:00:00,5595.0,5633.92,60.0,4.202
2025-01-21 16:00:00,5572.6,5607.06,59.0,3.802
2025-01-22 16:00:00,5540.2,5584.25,58.0,4.964
2025-01-23 16:00:00,5638.6,5649.95,57.0,1.286
2025-01-26 16:00:00,5532.8,5589.34,56.0,6.593
2025-02-04 16:00:00,5567.8,5614.39,45.0,6.731
2025-02-05 16:00:00,5712.8,5747.9,44.0,5.066
2025-02-06 16:00:00,5807.6,5833.99,43.0,3.84
2025-02-09 16:00:00,5844.0,5888.55,42.0,6.575
2025-02-10 16:00:00,5822.8,5858.28,39.0,5.668
2025-02-11 16:00:00,5902.6,5940.53,38.0,6.133
2025-02-12 16:00:00,5873.0,5898.26,37.0,4.225
2025-02-13 16:00:00,5925.0,5947.8,36.0,3.887
2025-02-16 16:00:00,5909.4,5948.72,35.0,6.893
2025-02-17 16:00:00,5822.6,5840.71,32.0,3.537
2025-02-18 16:00:00,5913.4,5943.88,31.0,6.038
2025-02-19 16:00:00,5918.0,5957.55,30.0,8.077
2025-02-20 16:00:00,6028.8,6057.06,29.0,5.872
2025-02-23 16:00:00,5994.4,6044.97,28.0,10.905
2025-02-24 16:00:00,5950.4,5979.97,25.0,7.219
2025-02-25 16:00:00,5997.0,6051.74,24.0,13.756
2025-02-26 16:00:00,5982.4,6028.99,23.0,12.263
2025-02-27 16:00:00,5838.4,5859.87,22.0,6.079
2025-03-02 16:00:00,5847.2,5885.77,21.0,11.39
2025-03-03 16:00:00,5896.4,5937.63,18.0,14.081
2025-03-04 16:00:00,5905.8,5950.7,17.0,16.2
2025-03-05 16:00:00,6020.0,6047.77,16.0,10.475
2025-03-06 16:00:00,5992.4,6013.77,15.0,8.647
2025-03-09 16:00:00,5961.2,6013.62,14.0,22.726
2025-03-10 16:00:00,6011.0,6044.97,11.0,18.647
2025-03-11 16:00:00,6019.0,6040.5,10.0,12.991
2025-03-12 16:00:00,5967.8,5993.97,9.0,17.707
2025-03-13 16:00:00,6096.2,6099.98,8.0,2.827
2025-03-16 16:00:00,6083.0,6108.02,7.0,21.359
2025-03-17 16:00:00,6112.4,6133.3,4.0,31.095
2025-03-18 16:00:00,6099.4,6101.44,3.0,4.068
2025-03-19 16:00:00,6005.6,6059.49,30.0,10.82
2025-03-20 16:00:00,5913.6,5971.93,29.0,12.293
2025-03-23 16:00:00,5903.8,5969.08,28.0,14.256
2025-03-24 16:00:00,5895.2,5946.95,25.0,12.705
2025-03-25 16:00:00,5895.8,5948.5,24.0,13.474
2025-03-26 16:00:00,5922.2,5957.6,23.0,9.43
2025-03-27 16:00:00,5869.6,5916.03,22.0,13.021
2025-03-30 16:00:00,5819.6,5857.77,21.0,11.326
2025-03-31 16:00:00,5850.6,5892.85,18.0,14.539
2025-04-01 16:00:00,5868.6,5899.09,17.0,11.097
2025-04-02 16:00:00,5822.4,5845.5,16.0,9.015
2025-04-06 16:00:00,5236.2,5287.03,14.0,25.065
2025-04-07 16:00:00,5271.0,5326.91,11.0,34.827
2025-04-08 16:00:00,5387.2,5439.77,10.0,35.274
2025-04-09 16:00:00,5509.0,5544.06,9.0,25.647
2025-04-10 16:00:00,5555.8,5581.32,8.0,20.862
2025-04-13 16:00:00,5584.8,5627.14,7.0,39.234
2025-04-14 16:00:00,5580.0,5602.53,4.0,36.695
2025-04-15 16:00:00,5540.4,5556.86,3.0,36.039
2025-04-16 16:00:00,5406.6,5557.01,65.0,15.199
2025-04-17 16:00:00,5400.0,5560.72,64.0,16.484
2025-04-20 16:00:00,5499.8,5642.38,63.0,14.64
2025-04-21 16:00:00,5486.0,5624.21,60.0,14.949
2025-04-22 16:00:00,5495.0,5634.95,59.0,15.365
2025-04-23 16:00:00,5478.0,5605.88,58.0,14.356
2025-04-24 16:00:00,5498.6,5627.18,57.0,14.632
2025-04-27 16:00:00,5471.0,5598.3,56.0,14.821
2025-04-28 16:00:00,5487.2,5604.91,53.0,14.463
2025-04-29 16:00:00,5497.0,5631.82,52.0,16.803
2025-05-05 16:00:00,5622.0,5740.33,46.0,16.357
2025-05-06 16:00:00,5620.2,5750.29,45.0,18.35
2025-05-07 16:00:00,5660.0,5773.81,44.0,16.352
2025-05-08 16:00:00,5604.8,5721.72,43.0,17.345
2025-05-11 16:00:00,5688.0,5793.67,42.0,15.85
2025-05-12 16:00:00,5654.6,5781.67,39.0,20.569
2025-05-13 16:00:00,5697.8,5799.12,38.0,16.782
2025-05-14 16:00:00,5623.0,5715.3,37.0,15.931
2025-05-15 16:00:00,5601.8,5715.85,36.0,20.23
2025-05-18 16:00:00,5623.0,5720.79,35.0,17.826
2025-05-19 16:00:00,5650.8,5747.37,32.0,19.165
2025-05-20 16:00:00,5655.6,5757.92,31.0,20.923
2025-05-21 16:00:00,5614.8,5703.28,30.0,18.875
2025-05-22 16:00:00,5561.8,5653.04,29.0,20.314
2025-05-25 16:00:00,5594.6,5669.46,28.0,17.212
2025-05-26 16:00:00,5578.0,5652.15,25.0,19.154
2025-05-27 16:00:00,5568.0,5637.24,24.0,18.68
2025-05-28 16:00:00,5668.6,5719.91,23.0,14.236
2025-05-29 16:00:00,5627.8,5671.07,22.0,12.659
2025-06-02 16:00:00,5638.4,5694.84,18.0,20.097
2025-06-03 16:00:00,5688.8,5739.01,17.0,18.784
2025-06-04 16:00:00,5723.6,5769.97,16.0,18.333
2025-06-05 16:00:00,5725.4,5762.08,15.0,15.49
2025-06-08 16:00:00,5766.4,5805.65,14.0,17.626
2025-06-09 16:00:00,5718.2,5757.99,11.0,22.93
2025-06-10 16:00:00,5761.2,5792.95,10.0,20.005
2025-06-11 16:00:00,5780.0,5799.93,9.0,13.936
2025-06-12 16:00:00,5729.0,5740.24,8.0,8.934
2025-06-15 16:00:00,5756.2,5767.81,7.0,10.496
2025-06-16 16:00:00,5748.4,5750.91,4.0,3.983
2025-06-17 16:00:00,5738.0,5745.87,3.0,16.664
2025-06-18 16:00:00,5504.4,5676.83,93.0,11.921
2025-06-19 16:00:00,5484.0,5639.51,92.0,10.94
2025-06-22 16:00:00,5524.0,5674.17,91.0,10.615
2025-06-23 16:00:00,5632.6,5765.84,88.0,9.585
2025-06-24 16:00:00,5759.8,5862.55,87.0,7.353
2025-06-25 16:00:00,5729.0,5838.25,86.0,7.942
2025-06-26 16:00:00,5745.0,5863.73,85.0,8.695
2025-06-29 16:00:00,5768.8,5915.39,84.0,10.768
2025-06-30 16:00:00,5764.6,5934.67,81.0,12.913
2025-07-01 16:00:00,5756.6,5892.95,80.0,10.557
2025-07-02 16:00:00,5769.2,5922.66,79.0,11.971
2025-07-03 16:00:00,5765.4,5911.44,78.0,11.561
2025-07-06 16:00:00,5747.6,5900.41,77.0,12.276
2025-07-07 16:00:00,5858.0,5977.74,74.0,9.88
2025-07-08 16:00:00,5823.4,5953.49,73.0,10.926
2025-07-09 16:00:00,5854.2,5983.05,72.0,10.917
2025-07-10 16:00:00,5920.4,6027.08,71.0,9.099
2025-07-13 16:00:00,5897.6,6020.86,70.0,10.675
2025-07-14 16:00:00,5893.4,6018.76,67.0,11.347
2025-07-15 16:00:00,5895.2,6017.19,66.0,11.212
2025-07-16 16:00:00,5978.0,6082.46,65.0,9.644
2025-07-17 16:00:00,6000.8,6099.61,64.0,9.239
2025-07-20 16:00:00,6055.6,6161.31,63.0,9.94
2025-07-21 16:00:00,6129.4,6213.41,60.0,8.225
2025-07-22 16:00:00,6120.0,6196.76,59.0,7.663
2025-07-23 16:00:00,6226.0,6293.6,58.0,6.759
2025-07-24 16:00:00,6216.0,6299.59,57.0,8.497
2025-07-27 16:00:00,6222.0,6323.42,56.0,10.454
2025-07-28 16:00:00,6263.0,6356.13,53.0,10.091
2025-07-29 16:00:00,6215.4,6314.69,52.0,11.037
2025-07-30 16:00:00,6124.0,6226.34,51.0,11.763
2025-07-31 16:00:00,6104.0,6213.2,50.0,12.83
2025-08-03 16:00:00,6169.0,6261.73,49.0,11.031
2025-08-04 16:00:00,6198.6,6303.24,46.0,13.173
2025-08-05 16:00:00,6263.2,6357.38,45.0,12.016
2025-08-06 16:00:00,6226.4,6337.54,44.0,14.548
2025-08-07 16:00:00,6227.0,6323.5,43.0,12.954
2025-08-10 16:00:00,6298.8,6391.76,42.0,12.639
2025-08-11 16:00:00,6342.6,6418.16,39.0,11.018
2025-08-12 16:00:00,6451.8,6508.1,38.0,8.309
2025-08-13 16:00:00,6380.2,6429.85,37.0,7.617
2025-08-14 16:00:00,6531.0,6568.57,36.0,5.799
2025-08-17 16:00:00,6608.0,6668.17,35.0,9.41
2025-08-18 16:00:00,6600.0,6655.31,32.0,9.479
2025-08-19 16:00:00,6695.2,6728.07,31.0,5.752
2025-08-20 16:00:00,6656.4,6704.17,30.0,8.669
2025-08-21 16:00:00,6810.4,6822.85,29.0,2.297
2025-08-24 16:00:00,6909.6,6951.9,28.0,7.932
2025-08-25 16:00:00,6916.4,6964.07,25.0,9.994
2025-08-26 16:00:00,6837.8,6862.56,24.0,5.487
2025-08-27 16:00:00,6967.0,7011.16,23.0,9.995
2025-08-28 16:00:00,6996.8,7043.94,22.0,11.103
2025-08-31 16:00:00,7014.8,7110.29,21.0,23.342
2025-09-01 16:00:00,6896.2,6961.69,18.0,19.076
2025-09-02 16:00:00,6788.8,6868.46,17.0,24.901
2025-09-03 16:00:00,6647.0,6698.45,16.0,17.522
2025-09-04 16:00:00,6898.6,6913.95,15.0,5.402
2025-09-07 16:00:00,6920.8,6992.12,14.0,26.593
2025-09-08 16:00:00,6872.8,6928.97,11.0,26.899
2025-09-09 16:00:00,6863.4,6932.11,10.0,36.178
2025-09-10 16:00:00,7124.6,7122.71,9.0,-1.076
2025-09-11 16:00:00,7140.0,7147.75,8.0,4.947
2025-09-14 16:00:00,7114.2,7137.36,7.0,16.92
2025-09-15 16:00:00,7165.2,7190.99,4.0,32.726
2025-09-16 16:00:00,7252.4,7260.04,3.0,12.803
2025-09-17 16:00:00,6985.4,7199.88,93.0,11.692
2025-09-18 16:00:00,6984.0,7170.35,92.0,10.311
2025-09-21 16:00:00,7013.2,7225.13,91.0,11.765
2025-09-22 16:00:00,6940.6,7180.71,88.0,13.869
2025-09-23 16:00:00,7157.0,7323.71,87.0,9.55
2025-09-24 16:00:00,7166.6,7341.32,86.0,10.101
2025-09-25 16:00:00,7080.0,7240.91,85.0,9.543
2025-09-28 16:00:00,7232.2,7350.56,84.0,6.997
2025-09-29 16:00:00,7290.4,7412.37,81.0,7.415
2025-10-08 16:00:00,7415.8,7548.92,72.0,8.94
2025-10-09 16:00:00,7266.0,7398.22,71.0,9.188
2025-10-12 16:00:00,7231.0,7376.56,70.0,10.289
2025-10-13 16:00:00,7010.0,7194.85,67.0,13.996
2025-10-14 16:00:00,7140.2,7294.0,66.0,11.661
2025-10-15 16:00:00,7062.0,7231.53,65.0,13.164
2025-10-16 16:00:00,6863.2,7016.07,64.0,12.426
2025-10-19 16:00:00,6909.2,7069.64,63.0,13.148
2025-10-20 16:00:00,7052.8,7185.62,60.0,11.245
2025-10-21 16:00:00,7011.6,7128.48,59.0,10.143
2025-10-22 16:00:00,7040.0,7142.95,58.0,9.07
2025-10-23 16:00:00,7159.8,7258.53,57.0,8.71
2025-10-26 16:00:00,7254.4,7379.39,56.0,11.04
2025-10-27 16:00:00,7231.0,7341.03,53.0,10.322
2025-10-28 16:00:00,7390.0,7480.97,52.0,8.536
2025-10-29 16:00:00,7299.0,7385.71,51.0,8.402
2025-10-30 16:00:00,7242.4,7331.0,50.0,8.823
2025-11-02 16:00:00,7239.6,7333.6,49.0,9.548
2025-11-03 16:00:00,7094.6,7210.83,46.0,12.79
2025-11-04 16:00:00,7108.0,7229.34,45.0,13.614
2025-11-05 16:00:00,7246.4,7345.72,44.0,11.216
2025-11-06 16:00:00,7230.2,7327.91,43.0,11.318
2025-11-09 16:00:00,7235.8,7343.8,42.0,12.78
2025-11-10 16:00:00,7173.0,7291.61,39.0,15.224
2025-11-11 16:00:00,7155.2,7243.25,38.0,11.676
2025-11-12 16:00:00,7269.0,7355.29,37.0,11.573
2025-11-13 16:00:00,7137.4,7235.46,36.0,13.741
2025-11-16 16:00:00,7143.4,7235.35,35.0,13.253
2025-11-17 16:00:00,7079.8,7151.02,32.0,11.36
2025-11-18 16:00:00,7054.8,7122.75,31.0,11.232
2025-11-19 16:00:00,7000.0,7061.95,30.0,10.673
2025-11-20 16:00:00,6770.0,6817.41,29.0,8.753
2025-11-23 16:00:00,6827.6,6868.97,28.0,7.851
2025-11-24 16:00:00,6900.0,6954.6,25.0,11.462
2025-11-25 16:00:00,6909.4,6965.05,24.0,12.151
2025-11-26 16:00:00,6896.2,6951.28,23.0,12.575
2025-11-27 16:00:00,6974.2,7031.55,22.0,13.532
2025-11-30 16:00:00,7031.6,7101.83,21.0,17.188
2025-12-01 16:00:00,6982.2,7040.3,18.0,16.734
2025-12-02 16:00:00,6950.4,6996.36,17.0,14.104
2025-12-03 16:00:00,6983.2,7012.81,16.0,9.632
2025-12-04 16:00:00,7083.2,7097.84,15.0,5.019
2025-12-07 16:00:00,7144.0,7172.37,14.0,10.312
2025-12-08 16:00:00,7094.4,7121.33,11.0,12.548
2025-12-09 16:00:00,7122.2,7155.99,10.0,17.235
2025-12-10 16:00:00,7074.4,7082.89,9.0,4.861
2025-12-11 16:00:00,7174.0,7169.79,8.0,-2.679
2025-12-14 16:00:00,7115.8,7113.96,7.0,-1.349
2025-12-15 16:00:00,7010.2,7001.32,4.0,-11.574
2025-12-16 16:00:00,7146.8,7137.83,3.0,-15.29
2025-12-17 16:00:00,6973.6,7100.84,93.0,7.033
2025-12-18 16:00:00,7055.4,7169.55,92.0,6.317
2025-12-21 16:00:00,7123.2,7255.66,91.0,7.322
2025-12-22 16:00:00,7133.2,7256.79,88.0,7.064
2025-12-23 16:00:00,7240.4,7352.04,87.0,6.371
2025-12-24 16:00:00,7320.6,7410.71,86.0,5.161
2025-12-25 16:00:00,7388.0,7458.84,85.0,4.078
2025-12-28 16:00:00,7336.6,7430.61,84.0,5.497
2025-12-29 16:00:00,7381.0,7458.94,81.0,4.709
2025-12-30 16:00:00,7362.8,7465.57,80.0,6.281
2026-01-04 16:00:00,7596.0,7651.2,77.0,3.42
2026-01-05 16:00:00,7786.4,7814.14,74.0,1.751
2026-01-06 16:00:00,7802.6,7875.08,73.0,4.602
2026-01-07 16:00:00,7814.4,7894.54,72.0,5.146
2026-01-08 16:00:00,8037.8,8056.69,71.0,1.205
2026-01-11 16:00:00,8236.6,8249.13,70.0,0.792
2026-01-12 16:00:00,8131.2,8143.28,67.0,0.808
2026-01-13 16:00:00,8197.8,8227.7,66.0,2.01
2026-01-14 16:00:00,8206.8,8223.27,65.0,1.125
2026-01-15 16:00:00,8210.4,8232.67,64.0,1.543
2026-01-18 16:00:00,8266.0,8287.95,63.0,1.534
2026-01-19 16:00:00,8248.8,8247.8,60.0,-0.074
2026-01-20 16:00:00,8371.0,8340.11,59.0,-2.291
2026-01-21 16:00:00,8400.0,8387.59,58.0,-0.931
2026-01-22 16:00:00,8658.2,8590.17,57.0,-5.071
2026-01-25 16:00:00,8470.0,8506.69,56.0,2.811
2026-01-26 16:00:00,8547.6,8548.93,53.0,0.107
2026-01-27 16:00:00,8622.0,8601.16,52.0,-1.701
2026-01-28 16:00:00,8517.6,8517.84,51.0,0.02
2026-01-29 16:00:00,8362.4,8370.52,50.0,0.708
2026-02-01 16:00:00,7903.2,8037.05,49.0,12.406
2026-02-02 16:00:00,8282.0,8286.7,46.0,0.45
2026-02-03 16:00:00,8313.6,8299.06,45.0,-1.421
2026-02-04 16:00:00,8120.2,8146.11,44.0,2.639
2026-02-05 16:00:00,8117.4,8146.41,43.0,3.023
2026-02-08 16:00:00,8311.6,8311.28,42.0,-0.033
2026-02-09 16:00:00,8290.8,8306.44,39.0,1.762
2026-02-10 16:00:00,8336.4,8325.81,38.0,-1.222
2026-02-11 16:00:00,8448.8,8423.57,37.0,-2.955
2026-02-12 16:00:00,8274.8,8299.58,36.0,3.027
2026-02-23 16:00:00,8371.6,8392.91,25.0,3.707
2026-02-24 16:00:00,8529.0,8527.56,24.0,-0.257
2026-02-25 16:00:00,8537.4,8557.22,23.0,3.676
2026-02-26 16:00:00,8645.4,8658.45,22.0,2.501
2026-03-01 16:00:00,8627.0,8658.33,21.0,6.289
2026-03-02 16:00:00,8266.2,8281.61,18.0,3.773
2026-03-03 16:00:00,8219.4,8248.94,17.0,7.689
2026-03-04 16:00:00,8255.6,8309.17,16.0,14.707
2026-03-05 16:00:00,8322.6,8360.33,15.0,10.982
2026-03-08 16:00:00,8267.0,8279.48,14.0,3.93
2026-03-09 16:00:00,8393.6,8410.3,11.0,6.589
2026-03-10 16:00:00,8360.0,8403.33,10.0,18.82
2026-03-11 16:00:00,8301.0,8359.47,9.0,28.366
2026-03-12 16:00:00,8213.8,8239.8,8.0,14.397
2026-03-15 16:00:00,8178.4,8185.15,7.0,4.3
2026-03-16 16:00:00,8000.0,8016.03,4.0,18.248
2026-03-17 16:00:00,8086.0,8096.43,3.0,15.673
2026-03-18 16:00:00,7671.0,7877.09,96.0,9.947
2026-03-19 16:00:00,7559.4,7760.04,95.0,9.934
2026-03-22 16:00:00,7235.0,7440.75,94.0,10.737
2026-03-23 16:00:00,7409.6,7597.37,91.0,9.913
2026-03-24 16:00:00,7530.0,7767.67,90.0,12.409
2026-03-25 16:00:00,7413.8,7642.13,89.0,12.253
2026-03-26 16:00:00,7559.2,7737.61,88.0,9.564
2026-03-29 16:00:00,7560.6,7753.72,87.0,10.449
2026-03-30 16:00:00,7425.0,7617.33,84.0,10.971
2026-03-31 16:00:00,7565.8,7750.09,83.0,10.457
2026-04-01 16:00:00,7409.6,7605.29,82.0,11.453
2026-04-02 16:00:00,7352.0,7534.94,81.0,10.94
2026-04-06 16:00:00,7388.8,7571.11,77.0,11.414
2026-04-07 16:00:00,7831.8,7945.15,76.0,6.852
2026-04-08 16:00:00,7748.8,7898.63,75.0,9.232
2026-04-09 16:00:00,7828.6,7969.36,,
2026-04-12 16:00:00,7808.8,7967.7,,
2026-04-13 16:00:00,7938.4,8088.57,,
2026-04-14 16:00:00,7904.0,8044.08,,
2026-04-15 16:00:00,8065.0,8180.08,,
2026-04-16 16:00:00,8072.8,8196.03,,
2020-10-25 16:00:00,6180.2,6214.38,25,8.03
2020-10-26 16:00:00,6161.4,6187.47,25,6.151
2020-10-27 16:00:00,6170.0,6221.74,24,12.647
2020-10-28 16:00:00,6152.0,6168.91,23,4.35
2020-10-29 16:00:00,6258.8,6272.93,22,3.737
2020-11-01 16:00:00,6094.8,6119.45,21,7.001
2020-11-02 16:00:00,6140.0,6175.16,18,11.546
2020-11-03 16:00:00,6210.0,6246.64,17,12.594
2020-11-04 16:00:00,6270.0,6294.61,16,8.919
2020-11-05 16:00:00,6343.8,6366.19,15,8.558
2020-11-08 16:00:00,6347.2,6337.44,14,-4.015
2020-11-09 16:00:00,6383.8,6434.43,11,26.109
2020-11-10 16:00:00,6325.2,6356.37,10,17.899
2020-11-11 16:00:00,6291.6,6305.07,9,8.664
2020-11-12 16:00:00,6272.0,6304.46,8,23.491
2020-11-15 16:00:00,6323.8,6319.7,7,-3.383
2020-11-16 16:00:00,6350.2,6380.77,4,43.717
2020-11-17 16:00:00,6334.6,6333.45,3,-2.209
2020-11-18 16:00:00,6255.2,6328.08,30,14.012
2020-11-19 16:00:00,6313.0,6354.79,29,8.277
2020-11-22 16:00:00,6400.0,6435.92,28,7.275
2020-11-23 16:00:00,6428.2,6472.75,25,10.049
2020-11-24 16:00:00,6449.2,6489.26,24,9.389
2020-11-25 16:00:00,6326.4,6349.86,23,5.863
2020-11-26 16:00:00,6309.8,6337.38,22,7.22
2020-11-29 16:00:00,6343.8,6360.46,21,4.553
2020-11-30 16:00:00,6302.8,6307.85,18,1.623
2020-12-01 16:00:00,6418.4,6437.96,17,6.523
2020-12-02 16:00:00,6394.4,6437.38,16,15.231
2020-12-03 16:00:00,6406.0,6426.03,15,7.585
2020-12-06 16:00:00,6462.6,6465.99,14,1.367
2020-12-07 16:00:00,6403.6,6424.16,11,10.62
2020-12-08 16:00:00,6410.8,6430.48,10,11.171
2020-12-09 16:00:00,6291.0,6295.35,9,2.802
2020-12-10 16:00:00,6328.0,6328.83,8,0.598
2020-12-13 16:00:00,6198.0,6207.83,7,8.257
2020-12-14 16:00:00,6238.4,6250.1,4,17.082
2020-12-15 16:00:00,6259.8,6268.21,3,16.324
2020-12-16 16:00:00,6229.8,6225.08,2,-13.838
2020-12-17 16:00:00,6274.8,6310.16,29,7.053
2020-12-20 16:00:00,6248.4,6302.26,28,11.141
2020-12-21 16:00:00,6334.0,6372.88,25,8.907
2020-12-22 16:00:00,6245.0,6255.35,24,2.516
2020-12-23 16:00:00,6270.8,6308.48,23,9.479
2020-12-24 16:00:00,6172.2,6190.99,22,5.035
2020-12-27 16:00:00,6262.0,6283.78,21,6.024
2020-12-28 16:00:00,6216.0,6240.74,18,8.039
2020-12-29 16:00:00,6197.6,6196.45,17,-0.398
2020-12-30 16:00:00,6273.0,6282.96,16,3.616
2021-01-03 16:00:00,6381.2,6395.61,14,5.874
2021-01-04 16:00:00,6434.6,6470.25,11,18.283
2021-01-05 16:00:00,6487.8,6549.73,10,34.512
2021-01-06 16:00:00,6485.0,6523.68,9,24.046
2021-01-07 16:00:00,6525.4,6541.56,8,11.271
2021-01-10 16:00:00,6558.6,6557.45,7,-0.914
2021-01-11 16:00:00,6437.0,6425.81,4,-15.89
2021-01-12 16:00:00,6516.6,6550.03,3,62.096
2021-01-13 16:00:00,6463.2,6471.79,2,24.223
2021-01-14 16:00:00,6405.0,6427.13,36,3.491
2021-01-17 16:00:00,6359.0,6414.83,35,9.076
2021-01-18 16:00:00,6443.6,6510.48,32,11.717
2021-01-19 16:00:00,6410.0,6477.67,31,12.3
2021-01-20 16:00:00,6496.6,6552.03,30,10.293
2021-01-21 16:00:00,6564.4,6619.86,29,10.544
2021-01-24 16:00:00,6564.2,6636.22,28,14.147
2021-01-25 16:00:00,6543.0,6621.15,25,17.233
2021-01-26 16:00:00,6493.4,6527.68,24,7.987
2021-01-27 16:00:00,6428.0,6475.86,23,11.728
2021-01-28 16:00:00,6415.0,6448.67,22,8.662
2021-01-31 16:00:00,6322.0,6338.64,21,4.563
2021-02-01 16:00:00,6371.0,6404.85,18,10.717
2021-02-02 16:00:00,6408.0,6459.66,17,17.171
2021-02-03 16:00:00,6366.6,6375.67,16,3.245
2021-02-04 16:00:00,6330.2,6343.83,15,5.228
2021-02-07 16:00:00,6248.0,6247.92,14,-0.033
2021-02-08 16:00:00,6332.4,6334.42,11,1.058
2021-02-09 16:00:00,6450.8,6474.75,10,13.501
2021-02-17 16:00:00,6630.0,6657.31,2,74.866
2021-02-18 16:00:00,6501.4,6600.25,29,18.85
2021-02-21 16:00:00,6660.0,6731.51,28,13.848
2021-02-22 16:00:00,6568.6,6613.6,25,9.934
2021-02-23 16:00:00,6585.6,6633.28,24,10.932
2021-02-24 16:00:00,6561.4,6600.21,23,9.331
2021-02-25 16:00:00,6399.6,6365.74,22,-8.825
2021-02-28 16:00:00,6371.4,6407.16,21,9.701
2021-03-01 16:00:00,6444.0,6514.02,18,21.797
2021-03-02 16:00:00,6379.6,6426.04,17,15.516
2021-03-03 16:00:00,6426.2,6482.79,16,19.914
2021-03-04 16:00:00,6322.2,6325.75,15,1.366
2021-03-07 16:00:00,6432.0,6453.78,14,8.798
2021-03-08 16:00:00,6227.6,6235.31,11,4.103
2021-03-09 16:00:00,6171.6,6164.77,10,-4.044
2021-03-10 16:00:00,6062.8,6074.33,9,7.698
2021-03-11 16:00:00,6214.6,6231.48,8,12.359
2021-03-14 16:00:00,6199.0,6192.3,7,-5.642
2021-03-15 16:00:00,6180.0,6176.07,4,-5.806
2021-03-16 16:00:00,6164.6,6180.89,3,32.066
2021-03-17 16:00:00,6218.8,6231.19,2,36.288
2021-03-18 16:00:00,6145.0,6195.25,29,10.209
2021-03-21 16:00:00,6174.8,6208.93,28,7.166
2021-03-22 16:00:00,6249.0,6307.98,25,13.651
2021-03-23 16:00:00,6159.2,6180.31,24,5.195
2021-03-24 16:00:00,6110.4,6118.87,23,2.197
2021-03-25 16:00:00,6168.0,6164.82,22,-0.856
2021-03-28 16:00:00,6235.0,6270.0,21,9.702
2021-03-29 16:00:00,6210.0,6239.47,18,9.578
2021-03-30 16:00:00,6242.0,6277.7,17,12.21
2021-03-31 16:00:00,6244.4,6259.41,16,5.47
2021-04-01 16:00:00,6290.0,6316.56,15,10.232
2021-04-05 16:00:00,6317.8,6345.89,11,14.688
2021-04-06 16:00:00,6317.6,6350.38,10,18.841
2021-04-07 16:00:00,6301.4,6332.93,9,20.192
2021-04-08 16:00:00,6328.0,6345.29,8,12.432
2021-04-11 16:00:00,6315.0,6325.26,7,8.458
2021-04-12 16:00:00,6219.8,6210.22,4,-14.076
2021-04-13 16:00:00,6220.6,6206.64,3,-27.365
2021-04-14 16:00:00,6208.0,6263.63,37,8.761
2021-04-15 16:00:00,6229.0,6283.86,36,8.852
2021-04-18 16:00:00,6312.2,6331.71,35,3.213
2021-04-19 16:00:00,6383.0,6419.73,32,6.526
2021-04-20 16:00:00,6382.0,6396.27,31,2.627
2021-04-21 16:00:00,6411.6,6444.28,30,6.17
2021-04-22 16:00:00,6402.6,6445.52,29,8.381
2021-04-25 16:00:00,6455.4,6480.3,28,5.009
2021-04-26 16:00:00,6428.0,6434.61,25,1.5
2021-04-27 16:00:00,6412.0,6433.1,24,4.988
2021-04-28 16:00:00,6471.0,6495.65,23,6.022
2021-04-29 16:00:00,6457.0,6470.35,22,3.423
2021-05-05 16:00:00,6493.0,6503.6,16,3.718
2021-05-06 16:00:00,6473.2,6505.58,15,12.111
2021-05-09 16:00:00,6446.8,6461.42,14,5.899
2021-05-10 16:00:00,6404.4,6436.29,11,16.441
2021-05-11 16:00:00,6431.2,6434.91,10,2.104
2021-05-12 16:00:00,6453.2,6448.96,9,-2.666
2021-05-13 16:00:00,6451.4,6454.68,8,2.318
2021-05-16 16:00:00,6529.4,6521.89,7,-6.004
2021-05-17 16:00:00,6578.8,6578.97,4,0.236
2021-05-18 16:00:00,6577.8,6582.1,3,7.948
2021-05-19 16:00:00,6520.2,6541.09,30,3.886
2021-05-20 16:00:00,6540.0,6557.49,29,3.357
2021-05-23 16:00:00,6488.2,6515.83,28,5.528
2021-05-24 16:00:00,6519.0,6549.34,25,6.763
2021-05-25 16:00:00,6602.4,6631.37,24,6.644
2021-05-26 16:00:00,6600.0,6629.24,23,7.0
2021-05-27 16:00:00,6657.0,6699.28,22,10.471
2021-05-30 16:00:00,6655.0,6681.55,21,6.907
2021-05-31 16:00:00,6670.4,6718.64,18,14.559
2021-06-01 16:00:00,6675.0,6740.5,17,20.864
2021-06-02 16:00:00,6641.6,6680.1,16,13.148
2021-06-03 16:00:00,6597.8,6642.06,15,16.215
2021-06-06 16:00:00,6680.0,6705.74,14,10.008
2021-06-07 16:00:00,6665.0,6726.09,11,30.138
2021-06-08 16:00:00,6642.6,6677.14,10,18.881
2021-06-09 16:00:00,6655.2,6688.82,9,20.384
2021-06-10 16:00:00,6758.8,6773.64,8,9.996
2021-06-14 16:00:00,6735.0,6734.1,4,-1.22
2021-06-15 16:00:00,6652.6,6659.49,3,12.588
2021-06-16 16:00:00,6517.0,6554.3,30,6.924
2021-06-17 16:00:00,6558.4,6610.27,29,9.876
2021-06-20 16:00:00,6605.6,6652.65,28,9.219
2021-06-21 16:00:00,6663.4,6723.3,25,13.008
2021-06-22 16:00:00,6677.0,6741.58,24,14.569
2021-06-23 16:00:00,6748.0,6791.86,23,10.248
2021-06-24 16:00:00,6731.8,6748.87,22,4.196
2021-06-27 16:00:00,6798.6,6814.32,21,4.01
2021-06-28 16:00:00,6799.0,6833.06,18,10.108
2021-06-29 16:00:00,6751.6,6767.74,17,5.12
2021-06-30 16:00:00,6780.6,6827.7,16,15.737
2021-07-01 16:00:00,6680.0,6701.06,15,7.647
2021-07-04 16:00:00,6656.8,6670.13,14,5.21
2021-07-05 16:00:00,6687.4,6727.97,11,20.009
2021-07-06 16:00:00,6635.8,6661.85,10,14.273
2021-07-07 16:00:00,6750.0,6774.84,9,14.87
2021-07-08 16:00:00,6708.2,6721.61,8,9.102
2021-07-11 16:00:00,6810.8,6852.48,7,31.716
2021-07-12 16:00:00,6868.8,6901.81,4,43.643
2021-07-13 16:00:00,6930.8,6953.82,3,40.277
2021-07-14 16:00:00,6844.4,6874.8,37,4.362
2021-07-15 16:00:00,6873.2,6931.05,36,8.462
2021-07-18 16:00:00,6878.6,6912.1,35,5.054
2021-07-19 16:00:00,6814.4,6831.05,32,2.78
2021-07-20 16:00:00,6893.0,6923.61,31,5.205
2021-07-21 16:00:00,6950.0,6996.26,30,8.045
2021-07-22 16:00:00,6981.8,7036.3,29,9.749
2021-07-25 16:00:00,6940.2,6974.11,28,6.338
2021-07-26 16:00:00,6841.0,6877.44,25,7.736
2021-07-27 16:00:00,6731.6,6650.15,24,-18.627
2021-07-28 16:00:00,6709.8,6720.62,23,2.555
2021-07-29 16:00:00,6718.0,6739.75,22,5.354
2021-08-01 16:00:00,6755.0,6756.81,21,0.466
2021-08-02 16:00:00,6814.6,6844.37,18,8.82
2021-08-03 16:00:00,6797.4,6814.08,17,5.256
2021-08-04 16:00:00,6858.0,6920.94,16,20.746
2021-08-05 16:00:00,6881.0,6929.02,15,16.864
2021-08-08 16:00:00,6875.0,6914.32,14,14.826
2021-08-09 16:00:00,6908.6,6970.83,11,29.622
2021-08-10 16:00:00,6967.2,7024.77,10,29.913
2021-08-11 16:00:00,6984.0,7059.47,9,43.356
2021-08-12 16:00:00,7028.8,7070.47,8,26.889
2021-08-15 16:00:00,7074.8,7087.58,7,9.402
2021-08-16 16:00:00,7038.2,7045.75,4,9.778
2021-08-17 16:00:00,6895.2,6883.27,3,-21.087
2021-08-18 16:00:00,6854.8,6917.51,30,11.03
2021-08-19 16:00:00,6875.0,6915.02,29,7.284
2021-08-22 16:00:00,6892.0,6949.33,28,10.754
2021-08-23 16:00:00,6949.6,7031.65,25,17.036
2021-08-24 16:00:00,7028.4,7092.15,24,13.67
2021-08-25 16:00:00,7062.6,7151.53,23,19.734
2021-08-26 16:00:00,7038.8,7096.65,22,13.524
2021-08-29 16:00:00,7128.8,7202.63,21,17.816
2021-08-30 16:00:00,7124.6,7202.52,18,21.937
2021-08-31 16:00:00,7170.2,7271.03,17,29.774
2021-09-01 16:00:00,7099.4,7172.4,16,23.218
2021-09-02 16:00:00,7244.8,7335.7,15,30.153
2021-09-05 16:00:00,7225.4,7297.36,14,25.709
2021-09-06 16:00:00,7265.8,7360.38,11,42.638
2021-09-07 16:00:00,7447.4,7496.33,10,23.824
2021-09-08 16:00:00,7480.0,7534.98,9,29.592
2021-09-09 16:00:00,7551.2,7613.6,8,37.394
2021-09-12 16:00:00,7605.0,7613.54,7,5.849
2021-09-13 16:00:00,7575.0,7630.72,4,66.631
2021-09-14 16:00:00,7544.0,7535.25,3,-14.128
2021-09-15 16:00:00,7542.6,7616.88,30,11.865
2021-09-16 16:00:00,7355.4,7421.81,29,11.262
2021-09-21 16:00:00,7270.0,7305.08,24,7.303
2021-09-22 16:00:00,7437.4,7512.33,23,15.829
2021-09-23 16:00:00,7412.0,7490.56,22,17.4
2021-09-26 16:00:00,7393.8,7400.0,21,1.456
2021-09-27 16:00:00,7180.2,7158.62,18,-6.113
2021-09-28 16:00:00,7139.2,7142.76,17,1.07
2021-09-29 16:00:00,7066.4,7034.69,16,-10.283
2021-10-07 16:00:00,7168.2,7191.23,8,14.611
2021-10-10 16:00:00,7092.0,7102.88,7,7.987
2021-10-11 16:00:00,7065.0,7069.35,4,5.615
2021-10-12 16:00:00,6953.2,6957.73,3,7.921
2021-10-13 16:00:00,6922.2,6970.65,37,6.857
2021-10-14 16:00:00,6972.0,6996.12,36,3.496
2021-10-17 16:00:00,7010.0,7027.14,35,2.544
2021-10-18 16:00:00,7018.0,7060.77,32,6.909
2021-10-19 16:00:00,7040.8,7081.99,31,6.848
2021-10-20 16:00:00,7088.0,7127.64,30,6.766
2021-10-21 16:00:00,7051.0,7089.13,29,6.77
2021-10-24 16:00:00,7001.0,7019.02,28,3.347
2021-10-25 16:00:00,7078.2,7120.07,25,8.586
2021-10-26 16:00:00,7046.0,7093.12,24,10.103
2021-10-27 16:00:00,6988.2,7026.29,23,8.603
2021-10-28 16:00:00,6943.2,6955.85,22,3.017
2021-10-31 16:00:00,6996.4,7005.07,21,2.151
2021-11-01 16:00:00,7043.8,7061.0,18,4.939
2021-11-02 16:00:00,6981.6,6975.06,17,-2.013
2021-11-03 16:00:00,7025.0,7031.95,16,2.255
2021-11-04 16:00:00,7061.6,7071.08,15,3.262
2021-11-07 16:00:00,7003.2,6986.5,14,-6.232
2021-11-08 16:00:00,7043.0,7037.57,11,-2.56
2021-11-09 16:00:00,7053.8,7061.64,10,4.052
2021-11-10 16:00:00,7045.6,7048.86,9,1.876
2021-11-11 16:00:00,7119.0,7118.99,8,-0.006
2021-11-14 16:00:00,7175.0,7166.04,7,-6.52
2021-11-15 16:00:00,7093.2,7083.92,4,-11.954
2021-11-16 16:00:00,7053.8,7043.63,3,-17.567
2021-11-17 16:00:00,7065.0,7108.78,30,7.493
2021-11-18 16:00:00,7058.4,7083.01,29,4.373
2021-11-21 16:00:00,7176.8,7177.4,28,0.109
2021-11-22 16:00:00,7209.2,7245.95,25,7.405
2021-11-23 16:00:00,7225.2,7260.22,24,7.336
2021-11-24 16:00:00,7226.6,7262.79,23,7.908
2021-11-25 16:00:00,7201.2,7216.64,22,3.55
2021-11-28 16:00:00,7137.6,7129.94,21,-1.867
2021-11-29 16:00:00,7235.2,7252.33,18,4.79
2021-11-30 16:00:00,7216.2,7239.13,17,6.801
2021-12-01 16:00:00,7252.0,7256.42,16,1.39
2021-12-02 16:00:00,7215.0,7233.57,15,6.247
2021-12-05 16:00:00,7287.0,7308.99,14,7.844
2021-12-06 16:00:00,7240.8,7274.13,11,15.204
2021-12-07 16:00:00,7193.0,7225.0,10,16.166
2021-12-08 16:00:00,7271.8,7298.8,9,15.002
2021-12-09 16:00:00,7288.4,7285.97,8,-1.522
2021-12-12 16:00:00,7345.6,7334.11,7,-8.169
2021-12-13 16:00:00,7324.4,7330.24,4,7.27
2021-12-14 16:00:00,7332.4,7319.66,3,-21.176
2021-12-15 16:00:00,7295.0,7323.41,37,3.827
2021-12-16 16:00:00,7353.0,7380.72,36,3.808
2021-12-19 16:00:00,7298.4,7290.95,35,-1.066
2021-12-20 16:00:00,7226.6,7190.97,32,-5.652
2021-12-21 16:00:00,7282.2,7289.91,31,1.245
2021-12-22 16:00:00,7301.2,7306.16,30,0.826
2021-12-23 16:00:00,7340.8,7336.0,29,-0.824
2021-12-26 16:00:00,7300.0,7269.37,28,-5.493
2021-12-27 16:00:00,7306.4,7281.0,25,-5.093
2021-12-28 16:00:00,7302.4,7275.67,24,-5.587
2021-12-29 16:00:00,7291.4,7246.03,23,-9.937
2021-12-30 16:00:00,7347.6,7320.94,22,-6.042
2022-01-03 16:00:00,7396.6,7387.81,18,-2.413
2022-01-04 16:00:00,7361.0,7343.9,17,-4.999
2022-01-05 16:00:00,7197.0,7187.95,16,-2.872
2022-01-06 16:00:00,7231.6,7232.41,15,0.273
2022-01-09 16:00:00,7181.2,7161.44,14,-7.194
2022-01-10 16:00:00,7191.6,7187.02,11,-2.115
2022-01-11 16:00:00,7175.6,7160.18,10,-7.861
2022-01-12 16:00:00,7209.2,7203.24,9,-3.356
2022-01-13 16:00:00,7087.4,7063.42,8,-15.489
2022-01-16 16:00:00,7093.2,7080.62,7,-9.264
2022-01-17 16:00:00,7164.8,7163.13,4,-2.127
2022-01-18 16:00:00,7162.4,7144.48,3,-30.517
2022-01-19 16:00:00,7133.0,7119.51,30,-2.305
2022-01-20 16:00:00,7075.4,7037.94,29,-6.699
2022-01-23 16:00:00,6976.0,6942.92,28,-6.211
2022-01-24 16:00:00,6991.4,6960.0,25,-6.587
2022-01-25 16:00:00,6791.0,6762.35,24,-6.443
2022-01-26 16:00:00,6772.0,6781.61,23,2.249
2022-01-27 16:00:00,6674.0,6690.18,22,4.012
2022-02-06 16:00:00,6650.8,6664.57,14,5.387
2022-02-07 16:00:00,6668.0,6678.99,11,5.46
2022-02-08 16:00:00,6740.0,6736.75,10,-1.761
2022-02-09 16:00:00,6836.4,6841.16,9,2.822
2022-02-10 16:00:00,6814.4,6811.78,8,-1.755
2022-02-13 16:00:00,6727.4,6711.59,7,-12.283
2022-02-14 16:00:00,6708.8,6700.82,4,-10.867
2022-02-15 16:00:00,6779.6,6779.21,3,-0.7
2022-02-16 16:00:00,6760.4,6764.33,30,0.707
2022-02-17 16:00:00,6736.4,6734.52,29,-0.351
2022-02-20 16:00:00,6831.2,6843.08,28,2.263
2022-02-21 16:00:00,6810.2,6827.05,25,3.603
2022-02-22 16:00:00,6786.0,6785.1,24,-0.202
2022-02-23 16:00:00,6854.0,6861.41,23,1.714
2022-02-24 16:00:00,6818.8,6805.64,22,-3.208
2022-02-27 16:00:00,6820.0,6831.49,21,2.923
2022-02-28 16:00:00,6868.2,6868.62,18,0.124
2022-03-01 16:00:00,6839.0,6853.07,17,4.408
2022-03-02 16:00:00,6897.8,6900.98,16,1.051
2022-03-03 16:00:00,6813.0,6823.83,15,3.862
2022-03-06 16:00:00,6783.0,6800.77,14,6.812
2022-03-07 16:00:00,6655.6,6650.58,11,-2.505
2022-03-08 16:00:00,6427.6,6443.2,10,8.837
2022-03-09 16:00:00,6408.6,6424.91,9,10.295
2022-03-10 16:00:00,6298.2,6343.19,8,32.36
2022-03-13 16:00:00,6425.0,6419.24,7,-4.679
2022-03-14 16:00:00,6261.0,6272.44,4,16.643
2022-03-15 16:00:00,6041.8,6068.9,3,54.329
2022-03-16 16:00:00,6224.0,6233.64,30,1.882
2022-03-17 16:00:00,6206.0,6249.48,29,8.757
2022-03-20 16:00:00,6297.4,6340.56,28,8.873
2022-03-21 16:00:00,6296.4,6343.4,25,10.818
2022-03-22 16:00:00,6325.0,6368.31,24,10.343
2022-03-23 16:00:00,6326.6,6370.97,23,11.052
2022-03-24 16:00:00,6305.6,6346.71,22,10.747
2022-03-27 16:00:00,6171.4,6230.12,21,16.382
2022-03-28 16:00:00,6261.6,6289.48,18,8.989
2022-03-29 16:00:00,6248.0,6272.0,17,8.216
2022-03-30 16:00:00,6357.0,6361.1,16,1.47
2022-03-31 16:00:00,6288.0,6289.39,15,0.538
2022-04-05 16:00:00,6352.2,6363.0,10,6.195
2022-04-06 16:00:00,6317.0,6321.81,9,3.086
2022-04-07 16:00:00,6201.0,6227.2,8,19.196
2022-04-10 16:00:00,6164.8,6202.02,7,31.292
2022-04-11 16:00:00,6003.8,6019.67,4,24.057
2022-04-12 16:00:00,6093.8,6094.68,3,1.757
2022-04-13 16:00:00,6041.8,6074.13,37,5.251
2022-04-14 16:00:00,6049.8,6094.12,36,7.374
2022-04-17 16:00:00,5964.4,6019.53,35,9.551
2022-04-18 16:00:00,6042.8,6067.48,32,4.64
2022-04-19 16:00:00,6061.6,6082.81,31,4.106
2022-04-20 16:00:00,5901.0,5933.79,30,6.723
2022-04-21 16:00:00,5692.6,5728.19,29,7.82
2022-04-24 16:00:00,5563.0,5656.39,28,21.523
2022-04-25 16:00:00,5339.0,5374.25,25,9.576
2022-04-26 16:00:00,5140.0,5179.03,24,11.461
2022-04-27 16:00:00,5390.0,5398.9,23,2.616
2022-04-28 16:00:00,5434.6,5458.91,22,7.388
2022-05-04 16:00:00,5599.0,5612.5,16,5.487
2022-05-05 16:00:00,5536.6,5560.98,15,10.668
2022-05-08 16:00:00,5480.6,5552.48,14,33.751
2022-05-09 16:00:00,5478.0,5532.6,11,32.746
2022-05-10 16:00:00,5674.6,5697.43,10,14.626
2022-05-11 16:00:00,5682.8,5707.56,9,17.593
2022-05-12 16:00:00,5754.0,5765.32,8,8.958
2022-05-15 16:00:00,5825.0,5840.24,7,13.607
2022-05-16 16:00:00,5758.0,5789.92,4,50.306
2022-05-17 16:00:00,5798.4,5815.61,3,36.005
2022-05-18 16:00:00,5661.0,5708.8,30,10.187
2022-05-19 16:00:00,5802.0,5854.01,29,11.182
2022-05-22 16:00:00,5893.0,5941.14,28,10.563
2022-05-23 16:00:00,5878.0,5962.15,25,20.606
2022-05-24 16:00:00,5689.4,5741.23,24,13.73
2022-05-25 16:00:00,5759.2,5848.03,23,24.105
2022-05-26 16:00:00,5881.2,5921.33,22,11.244
2022-05-29 16:00:00,5866.6,5918.24,21,15.166
2022-05-30 16:00:00,5863.0,5940.37,18,26.411
2022-05-31 16:00:00,5956.4,6008.75,17,18.706
2022-06-01 16:00:00,5948.0,6000.62,16,20.004
2022-06-05 16:00:00,6050.2,6079.89,14,12.731
2022-06-06 16:00:00,6148.8,6186.58,11,20.263
2022-06-07 16:00:00,6157.4,6184.96,10,16.264
2022-06-08 16:00:00,6181.2,6207.73,9,17.332
2022-06-09 16:00:00,6081.6,6083.5,8,1.425
2022-06-12 16:00:00,6202.0,6188.77,7,-11.147
2022-06-13 16:00:00,6161.0,6161.62,4,0.918
2022-06-14 16:00:00,6288.2,6275.37,3,-24.875
2022-06-15 16:00:00,6240.0,6262.29,30,4.331
2022-06-16 16:00:00,6183.8,6220.58,29,7.442
2022-06-19 16:00:00,6289.2,6323.41,28,7.052
2022-06-20 16:00:00,6271.0,6324.84,25,12.428
2022-06-21 16:00:00,6229.6,6281.87,24,12.655
2022-06-22 16:00:00,6136.2,6186.99,23,13.028
2022-06-23 16:00:00,6280.0,6306.83,22,7.058
2022-06-26 16:00:00,6375.0,6398.36,21,6.346
2022-06-27 16:00:00,6374.6,6412.44,18,11.966
2022-06-28 16:00:00,6470.0,6479.17,17,3.039
2022-06-29 16:00:00,6392.8,6385.21,16,-2.712
2022-06-30 16:00:00,6426.0,6450.75,15,9.336
2022-07-03 16:00:00,6405.6,6445.07,14,15.966
2022-07-04 16:00:00,6517.8,6535.45,11,8.961
2022-07-05 16:00:00,6456.0,6489.02,10,18.573
2022-07-06 16:00:00,6400.0,6414.41,9,9.111
2022-07-07 16:00:00,6452.0,6478.29,8,18.515
2022-07-10 16:00:00,6366.6,6387.45,7,17.021
2022-07-11 16:00:00,6308.4,6317.88,4,13.692
2022-07-12 16:00:00,6241.0,6238.68,3,-4.524
2022-07-13 16:00:00,6205.0,6267.47,37,9.833
2022-07-14 16:00:00,6263.0,6279.68,36,2.693
2022-07-17 16:00:00,6162.4,6216.1,35,9.009
2022-07-18 16:00:00,6275.4,6318.84,32,7.841
2022-07-19 16:00:00,6313.4,6353.0,31,7.339
2022-07-20 16:00:00,6364.0,6400.07,30,6.857
2022-07-21 16:00:00,6327.2,6353.92,29,5.293
2022-07-24 16:00:00,6247.6,6297.1,28,10.247
2022-07-25 16:00:00,6197.6,6239.21,25,9.737
2022-07-26 16:00:00,6267.0,6301.61,24,8.353
2022-07-27 16:00:00,6336.0,6361.27,23,6.304
2022-07-28 16:00:00,6323.8,6356.52,22,8.54
2022-07-31 16:00:00,6255.4,6293.38,21,10.489
2022-08-01 16:00:00,6251.2,6288.61,18,12.063
2022-08-02 16:00:00,6191.2,6171.62,17,-6.812
2022-08-03 16:00:00,6155.8,6160.49,16,1.737
2022-08-04 16:00:00,6149.4,6175.48,15,10.276
2022-08-07 16:00:00,6251.8,6266.57,14,6.145
2022-08-08 16:00:00,6285.0,6314.1,11,15.293
2022-08-09 16:00:00,6301.0,6331.41,10,17.531
2022-08-10 16:00:00,6330.0,6349.5,9,12.455
2022-08-11 16:00:00,6418.2,6425.11,8,4.907
2022-08-14 16:00:00,6401.4,6405.72,7,3.516
2022-08-15 16:00:00,6439.0,6446.76,4,10.984
2022-08-16 16:00:00,6467.0,6473.25,3,11.747
2022-08-17 16:00:00,6453.6,6481.37,30,5.213
2022-08-18 16:00:00,6438.8,6468.82,29,5.841
2022-08-21 16:00:00,6348.0,6381.34,28,6.811
2022-08-22 16:00:00,6433.0,6460.17,25,6.14
2022-08-23 16:00:00,6438.4,6470.69,24,7.589
2022-08-24 16:00:00,6258.0,6303.14,23,11.365
2022-08-25 16:00:00,6288.0,6331.08,22,11.289
2022-08-28 16:00:00,6195.0,6213.4,21,5.147
2022-08-29 16:00:00,6272.0,6309.58,18,12.077
2022-08-30 16:00:00,6249.2,6265.59,17,5.616
2022-08-31 16:00:00,6134.0,6153.29,16,7.152
2022-09-01 16:00:00,6130.4,6135.3,15,1.943
2022-09-04 16:00:00,6126.0,6147.71,14,9.207
2022-09-05 16:00:00,6180.6,6198.49,11,9.577
2022-09-06 16:00:00,6259.4,6269.99,10,6.165
2022-09-07 16:00:00,6297.6,6299.91,9,1.487
2022-09-08 16:00:00,6283.0,6275.9,8,-5.162
2022-09-12 16:00:00,6325.0,6334.86,4,14.203
2022-09-13 16:00:00,6218.0,6214.91,3,-6.049
2022-09-14 16:00:00,6245.0,6280.45,37,5.568
2022-09-15 16:00:00,6056.8,6091.42,36,5.762
2022-09-18 16:00:00,5917.2,5947.86,35,5.376
2022-09-19 16:00:00,5915.0,5949.34,32,6.584
2022-09-20 16:00:00,5904.8,5943.09,31,7.586
2022-09-21 16:00:00,5915.0,5938.1,30,4.733
2022-09-22 16:00:00,5943.0,5961.06,29,3.813
2022-09-25 16:00:00,5830.4,5841.58,28,2.495
2022-09-26 16:00:00,5824.8,5823.55,25,-0.313
2022-09-27 16:00:00,5905.0,5910.05,24,1.3
2022-09-28 16:00:00,5823.4,5823.27,23,-0.035
2022-09-29 16:00:00,5790.4,5764.15,22,-7.556
2022-10-09 16:00:00,5730.0,5729.75,14,-0.114
2022-10-10 16:00:00,5653.4,5642.48,11,-6.422
2022-10-11 16:00:00,5687.4,5680.36,10,-4.524
2022-10-12 16:00:00,5795.2,5789.66,9,-3.881
2022-10-13 16:00:00,5886.0,5866.86,8,-14.885
2022-10-16 16:00:00,5966.4,5952.38,7,-12.282
2022-10-17 16:00:00,6023.8,6031.05,4,10.969
2022-10-18 16:00:00,6028.0,6021.8,3,-12.527
2022-10-19 16:00:00,5932.2,5943.48,30,2.309
2022-10-20 16:00:00,5955.0,5959.21,29,0.889
2022-10-23 16:00:00,5945.4,5968.54,28,5.054
2022-10-24 16:00:00,5888.0,5864.02,25,-5.97
2022-10-25 16:00:00,5871.0,5871.08,24,0.021
2022-10-26 16:00:00,5998.0,5978.28,23,-5.235
2022-10-27 16:00:00,5948.0,5922.82,22,-7.053
2022-10-30 16:00:00,5753.0,5745.08,21,-2.396
2022-10-31 16:00:00,5827.4,5814.21,18,-4.6
2022-11-01 16:00:00,5951.2,5925.65,17,-9.258
2022-11-02 16:00:00,5970.6,5944.51,16,-10.012
2022-11-03 16:00:00,6006.8,5996.31,15,-4.257
2022-11-06 16:00:00,6148.6,6133.24,14,-6.529
2022-11-07 16:00:00,6133.8,6139.89,11,3.291
2022-11-08 16:00:00,6155.6,6140.54,10,-8.952
2022-11-09 16:00:00,6101.0,6085.28,9,-10.477
2022-11-10 16:00:00,6245.0,6223.23,8,-15.96
2022-11-13 16:00:00,6179.8,6140.19,7,-33.637
2022-11-14 16:00:00,6133.4,6125.11,4,-12.35
2022-11-15 16:00:00,6233.6,6238.58,3,9.712
2022-11-16 16:00:00,6188.0,6182.69,30,-1.045
2022-11-17 16:00:00,6230.0,6213.09,29,-3.426
2022-11-20 16:00:00,6173.4,6147.72,28,-5.445
2022-11-21 16:00:00,6200.8,6178.16,25,-5.35
2022-11-22 16:00:00,6130.0,6114.27,24,-3.913
2022-11-23 16:00:00,6158.4,6126.6,23,-8.237
2022-11-24 16:00:00,6122.0,6095.13,22,-7.314
2022-11-27 16:00:00,6013.2,5999.85,21,-3.867
2022-11-28 16:00:00,6095.0,6071.45,18,-7.865
2022-11-29 16:00:00,6165.8,6156.77,17,-3.149
2022-11-30 16:00:00,6237.0,6211.29,16,-9.443
2022-12-01 16:00:00,6183.6,6177.92,15,-2.237
2022-12-04 16:00:00,6221.0,6201.98,14,-7.995
2022-12-05 16:00:00,6202.0,6202.52,11,0.278
2022-12-06 16:00:00,6205.0,6198.05,10,-4.093
2022-12-07 16:00:00,6208.2,6199.16,9,-5.914
2022-12-08 16:00:00,6197.4,6185.79,8,-8.563
2022-12-11 16:00:00,6196.8,6181.24,7,-13.126
2022-12-12 16:00:00,6173.8,6153.74,4,-29.746
2022-12-13 16:00:00,6141.4,6122.43,3,-37.698
2022-12-14 16:00:00,6100.0,6090.12,37,-1.6
2022-12-15 16:00:00,6087.4,6071.96,36,-2.578
2022-12-18 16:00:00,6089.8,6058.89,35,-5.32
2022-12-19 16:00:00,5956.2,5919.03,32,-7.163
2022-12-20 16:00:00,5906.0,5879.27,31,-5.353
2022-12-21 16:00:00,5890.0,5867.72,30,-4.62
2022-12-22 16:00:00,5784.0,5751.95,29,-7.013
2022-12-25 16:00:00,5799.0,5769.07,28,-6.763
2022-12-26 16:00:00,5904.2,5857.75,25,-11.577
2022-12-27 16:00:00,5890.0,5869.46,24,-5.322
2022-12-28 16:00:00,5870.8,5843.94,23,-7.294
2022-12-29 16:00:00,5888.2,5875.28,22,-3.648
2023-01-02 16:00:00,5854.2,5861.55,18,2.543
2023-01-03 16:00:00,5958.0,5952.51,17,-1.98
2023-01-04 16:00:00,5975.0,5959.44,16,-5.956
2023-01-05 16:00:00,6015.0,6004.17,15,-4.389
2023-01-08 16:00:00,6049.8,6028.4,14,-9.255
2023-01-09 16:00:00,6043.4,6044.64,11,0.681
2023-01-10 16:00:00,6051.8,6049.04,10,-1.665
2023-01-11 16:00:00,6036.8,6022.56,9,-9.589
2023-01-12 16:00:00,6042.0,6030.93,8,-8.375
2023-01-15 16:00:00,6089.6,6068.91,7,-17.776
2023-01-16 16:00:00,6142.0,6129.73,4,-18.266
2023-01-17 16:00:00,6149.0,6139.69,3,-18.449
2023-01-18 16:00:00,6167.0,6145.62,30,-4.233
2023-01-19 16:00:00,6258.0,6214.03,29,-8.906
2023-01-29 16:00:00,6362.0,6331.88,21,-8.268
2023-01-30 16:00:00,6280.4,6266.3,18,-4.563
2023-01-31 16:00:00,6314.6,6300.5,17,-4.805
2023-02-01 16:00:00,6386.6,6383.3,16,-1.179
2023-02-02 16:00:00,6358.4,6354.71,15,-1.413
2023-02-05 16:00:00,6315.6,6314.6,14,-0.413
2023-02-06 16:00:00,6320.8,6309.22,11,-6.09
2023-02-07 16:00:00,6323.0,6319.52,10,-2.01
2023-02-08 16:00:00,6261.6,6256.31,9,-3.429
2023-02-09 16:00:00,6355.0,6349.0,8,-4.312
2023-02-12 16:00:00,6329.2,6333.22,7,3.31
2023-02-13 16:00:00,6383.6,6394.62,4,15.725
2023-02-14 16:00:00,6390.0,6398.87,3,16.865
2023-02-15 16:00:00,6372.8,6384.21,30,2.174
2023-02-16 16:00:00,6294.6,6284.92,29,-1.939
2023-02-19 16:00:00,6250.0,6248.26,28,-0.363
2023-02-20 16:00:00,6334.0,6349.91,25,3.658
2023-02-21 16:00:00,6336.2,6352.03,24,3.79
2023-02-22 16:00:00,6367.2,6377.29,23,2.511
2023-02-23 16:00:00,6358.2,6367.63,22,2.457
2023-02-26 16:00:00,6322.2,6318.64,21,-0.979
2023-02-27 16:00:00,6321.8,6323.84,18,0.654
2023-02-28 16:00:00,6350.6,6356.5,17,1.993
2023-03-01 16:00:00,6385.2,6398.26,16,4.656
2023-03-02 16:00:00,6392.4,6384.06,15,-3.179
2023-03-05 16:00:00,6378.0,6398.1,14,8.19
2023-03-06 16:00:00,6360.2,6389.81,11,15.376
2023-03-07 16:00:00,6258.2,6264.43,10,3.63
2023-03-08 16:00:00,6299.0,6311.04,9,7.737
2023-03-09 16:00:00,6249.0,6251.56,8,1.868
2023-03-12 16:00:00,6204.0,6189.98,7,-11.81
2023-03-13 16:00:00,6233.8,6237.73,4,5.749
2023-03-14 16:00:00,6219.8,6210.93,3,-17.376
2023-03-15 16:00:00,6188.0,6191.3,37,0.526
2023-03-16 16:00:00,6177.0,6174.19,36,-0.461
2023-03-19 16:00:00,6195.0,6195.35,35,0.059
2023-03-20 16:00:00,6181.0,6171.89,32,-1.684
2023-03-21 16:00:00,6239.8,6244.36,31,0.86
2023-03-22 16:00:00,6253.0,6253.58,30,0.113
2023-03-23 16:00:00,6299.0,6312.43,29,2.678
2023-03-26 16:00:00,6304.4,6304.48,28,0.017
2023-03-27 16:00:00,6298.6,6314.58,25,3.695
2023-03-28 16:00:00,6305.0,6285.95,24,-4.609
2023-03-29 16:00:00,6267.0,6257.64,23,-2.374
2023-03-30 16:00:00,6309.6,6284.85,22,-6.534
2023-04-02 16:00:00,6356.0,6346.69,21,-2.55
2023-04-03 16:00:00,6410.0,6414.82,18,1.524
2023-04-05 16:00:00,6396.0,6387.23,16,-3.132
2023-04-06 16:00:00,6418.2,6418.26,15,0.023
2023-04-09 16:00:00,6466.2,6474.94,14,3.519
2023-04-10 16:00:00,6424.0,6405.63,11,-9.516
2023-04-11 16:00:00,6413.6,6415.7,10,1.195
2023-04-12 16:00:00,6428.0,6438.16,9,6.4
2023-04-13 16:00:00,6425.0,6420.31,8,-3.333
2023-04-16 16:00:00,6417.4,6422.87,7,4.441
2023-04-17 16:00:00,6450.0,6448.76,4,-1.755
2023-04-18 16:00:00,6439.0,6444.87,3,11.081
2023-04-19 16:00:00,6393.2,6408.81,30,2.963
2023-04-20 16:00:00,6389.0,6411.51,29,4.419
2023-04-23 16:00:00,6249.6,6250.96,28,0.284
2023-04-24 16:00:00,6203.8,6205.62,25,0.428
2023-04-25 16:00:00,6096.8,6095.13,24,-0.417
2023-04-26 16:00:00,6122.6,6127.64,23,1.305
2023-04-27 16:00:00,6172.4,6151.64,22,-5.599
2023-05-03 16:00:00,6239.6,6223.23,16,-6.001
2023-05-04 16:00:00,6254.8,6255.7,15,0.35
2023-05-07 16:00:00,6207.0,6202.68,14,-1.816
2023-05-08 16:00:00,6230.8,6242.66,11,6.304
2023-05-09 16:00:00,6170.6,6167.13,10,-2.054
2023-05-10 16:00:00,6184.2,6185.67,9,0.964
2023-05-11 16:00:00,6140.4,6138.94,8,-1.085
2023-05-14 16:00:00,6089.8,6094.68,7,4.175
2023-05-15 16:00:00,6152.4,6159.17,4,10.03
2023-05-16 16:00:00,6108.2,6097.98,3,-20.391
2023-05-17 16:00:00,6105.6,6132.52,30,5.341
2023-05-18 16:00:00,6097.0,6116.84,29,4.082
2023-05-21 16:00:00,6106.0,6111.84,28,1.246
2023-05-22 16:00:00,6093.0,6114.21,25,5.065
2023-05-23 16:00:00,6016.6,6032.69,24,4.056
2023-05-24 16:00:00,5992.0,6000.22,23,2.174
2023-05-25 16:00:00,5961.0,5983.14,22,6.139
2023-05-28 16:00:00,6042.0,6046.54,21,1.305
2023-05-29 16:00:00,6005.8,6008.46,18,0.898
2023-05-30 16:00:00,6030.2,6044.02,17,4.909
2023-05-31 16:00:00,6019.0,6028.8,16,3.708
2023-06-01 16:00:00,6071.4,6061.91,15,-3.809
2023-06-04 16:00:00,6094.8,6102.13,14,3.132
2023-06-05 16:00:00,6076.8,6088.66,11,6.463
2023-06-06 16:00:00,5972.0,5982.31,10,6.29
2023-06-07 16:00:00,5965.8,5971.72,9,4.02
2023-06-08 16:00:00,5963.4,5968.7,8,4.051
2023-06-11 16:00:00,6000.0,5999.62,7,-0.33
2023-06-12 16:00:00,6010.8,6016.69,4,8.933
2023-06-13 16:00:00,6044.0,6046.44,3,4.91
2023-06-14 16:00:00,6038.6,6049.47,37,1.773
2023-06-15 16:00:00,6085.2,6094.84,36,1.604
2023-06-18 16:00:00,6125.2,6148.85,35,4.011
2023-06-19 16:00:00,6109.0,6122.74,32,2.56
2023-06-20 16:00:00,6088.2,6104.25,31,3.096
2023-06-25 16:00:00,5950.0,5947.57,28,-0.533
2023-06-26 16:00:00,5900.6,5897.69,25,-0.72
2023-06-27 16:00:00,5917.2,5945.64,24,7.275
2023-06-28 16:00:00,5924.2,5928.71,23,1.207
2023-06-29 16:00:00,5917.8,5931.87,22,3.935
2023-07-02 16:00:00,6001.6,6009.27,21,2.218
2023-07-03 16:00:00,6022.8,6042.72,18,6.685
2023-07-04 16:00:00,6029.2,6050.35,17,7.505
2023-07-05 16:00:00,5996.8,6010.66,16,5.26
2023-07-06 16:00:00,5956.4,5973.98,15,7.161
2023-07-09 16:00:00,5979.6,5980.61,14,0.44
2023-07-10 16:00:00,5980.2,5991.02,11,5.993
2023-07-11 16:00:00,6025.8,6030.64,10,2.929
2023-07-12 16:00:00,5987.0,5986.25,9,-0.508
2023-07-13 16:00:00,6058.8,6052.95,8,-4.41
2023-07-16 16:00:00,6012.0,6012.76,7,0.659
2023-07-17 16:00:00,6009.8,6015.98,4,9.374
2023-07-18 16:00:00,5995.2,5998.38,3,6.45
2023-07-19 16:00:00,5990.0,5996.84,30,1.388
2023-07-20 16:00:00,5911.0,5914.35,29,0.713
2023-07-23 16:00:00,5909.8,5913.57,28,0.831
2023-07-24 16:00:00,5987.8,5976.97,25,-2.645
2023-07-25 16:00:00,6016.0,6014.76,24,-0.314
2023-07-26 16:00:00,6010.0,5998.85,23,-2.95
2023-07-27 16:00:00,5952.0,5945.91,22,-1.699
2023-07-30 16:00:00,6092.0,6059.11,21,-9.435
2023-07-31 16:00:00,6098.4,6086.9,18,-3.831
2023-08-01 16:00:00,6092.4,6088.14,17,-1.502
2023-08-02 16:00:00,6064.8,6062.64,16,-0.813
2023-08-03 16:00:00,6131.0,6126.15,15,-1.926
2023-08-06 16:00:00,6115.6,6115.84,14,0.102
2023-08-07 16:00:00,6090.6,6077.3,11,-7.262
2023-08-08 16:00:00,6066.8,6049.45,10,-10.468
2023-08-09 16:00:00,6033.6,6013.35,9,-13.657
2023-08-10 16:00:00,6037.2,6030.05,8,-5.41
2023-08-13 16:00:00,5879.0,5864.48,7,-12.91
2023-08-14 16:00:00,5924.2,5919.77,4,-6.829
2023-08-15 16:00:00,5868.0,5858.6,31,-1.889
2023-08-16 16:00:00,5823.4,5808.91,30,-3.035
2023-08-17 16:00:00,5886.0,5875.11,29,-2.333
2023-08-20 16:00:00,5774.6,5764.67,28,-2.245
2023-08-21 16:00:00,5744.0,5733.25,25,-2.738
2023-08-22 16:00:00,5726.0,5732.39,24,1.695
2023-08-23 16:00:00,5660.0,5650.36,23,-2.707
2023-08-24 16:00:00,5626.4,5624.77,22,-0.481
2023-08-27 16:00:00,5890.0,5885.88,21,-1.217
2023-08-28 16:00:00,5640.4,5631.01,18,-3.381
2023-08-29 16:00:00,5788.8,5780.28,17,-3.165
2023-08-30 16:00:00,5770.0,5770.95,16,0.376
2023-08-31 16:00:00,5759.8,5746.41,15,-5.67
2023-09-03 16:00:00,5787.6,5772.03,14,-7.033
2023-09-04 16:00:00,5824.0,5819.97,11,-2.298
2023-09-05 16:00:00,5774.6,5771.85,10,-1.739
2023-09-06 16:00:00,5770.6,5782.07,9,8.045
2023-09-07 16:00:00,5688.0,5684.66,8,-2.681
2023-09-10 16:00:00,5711.2,5723.02,7,10.769
2023-09-11 16:00:00,5764.0,5774.47,4,16.545
2023-09-12 16:00:00,5761.2,5764.82,3,7.64
2023-09-13 16:00:00,5702.4,5714.67,37,2.118
2023-09-14 16:00:00,5716.6,5716.29,36,-0.055
2023-09-17 16:00:00,5697.0,5685.85,35,-2.045
2023-09-18 16:00:00,5730.4,5713.49,32,-3.376
2023-09-19 16:00:00,5692.4,5677.92,31,-3.003
2023-09-20 16:00:00,5654.0,5638.44,30,-3.358
2023-09-21 16:00:00,5622.0,5606.83,29,-3.405
2023-09-24 16:00:00,5719.2,5694.9,28,-5.562
2023-09-25 16:00:00,5680.8,5661.03,25,-5.099
2023-09-26 16:00:00,5670.6,5642.39,24,-7.604
2023-09-27 16:00:00,5719.0,5687.64,23,-8.75
2023-10-08 16:00:00,5691.4,5679.64,14,-5.398
2023-10-09 16:00:00,5681.2,5665.66,11,-9.101
2023-10-10 16:00:00,5653.4,5639.07,10,-9.275
2023-10-11 16:00:00,5662.8,5655.61,9,-5.156
2023-10-12 16:00:00,5645.2,5645.44,8,0.194
2023-10-15 16:00:00,5643.8,5633.3,7,-9.719
2023-10-16 16:00:00,5593.0,5585.14,4,-12.842
2023-10-17 16:00:00,5579.6,5586.02,3,13.983
2023-10-18 16:00:00,5510.0,5496.76,30,-2.931
2023-10-19 16:00:00,5461.0,5443.46,29,-4.056
2023-10-22 16:00:00,5410.0,5400.54,28,-2.283
2023-10-23 16:00:00,5289.6,5311.67,25,6.066
2023-10-24 16:00:00,5375.0,5386.43,24,3.227
2023-10-25 16:00:00,5329.0,5351.16,23,6.572
2023-10-26 16:00:00,5365.0,5387.27,22,6.858
2023-10-29 16:00:00,5477.6,5484.62,21,2.225
2023-10-30 16:00:00,5531.2,5547.32,18,5.893
2023-10-31 16:00:00,5524.6,5534.89,17,3.992
2023-11-01 16:00:00,5510.0,5514.52,16,1.87
2023-11-02 16:00:00,5469.6,5462.14,15,-3.323
2023-11-05 16:00:00,5552.0,5549.29,14,-1.273
2023-11-06 16:00:00,5588.0,5594.47,11,3.837
2023-11-07 16:00:00,5588.8,5602.97,10,9.231
2023-11-08 16:00:00,5588.0,5602.49,9,10.489
2023-11-09 16:00:00,5566.0,5577.34,8,9.277
2023-11-12 16:00:00,5574.8,5589.06,7,13.304
2023-11-13 16:00:00,5590.0,5602.98,4,21.139
2023-11-14 16:00:00,5681.0,5677.55,3,-7.393
2023-11-15 16:00:00,5621.4,5647.06,30,5.528
2023-11-16 16:00:00,5567.2,5598.95,29,7.137
2023-11-19 16:00:00,5599.0,5635.59,28,8.464
2023-11-20 16:00:00,5650.0,5669.17,25,4.937
2023-11-21 16:00:00,5606.0,5622.86,24,4.56
2023-11-22 16:00:00,5550.0,5566.73,23,4.769
2023-11-23 16:00:00,5598.0,5619.32,22,6.295
2023-11-26 16:00:00,5545.0,5562.75,21,5.546
2023-11-27 16:00:00,5540.8,5561.58,18,7.576
2023-11-28 16:00:00,5560.0,5588.77,17,11.053
2023-11-29 16:00:00,5531.0,5548.52,16,7.203
2023-11-30 16:00:00,5519.0,5541.23,15,9.762
2023-12-03 16:00:00,5545.6,5578.42,14,15.339
2023-12-04 16:00:00,5510.0,5542.87,11,19.677
2023-12-05 16:00:00,5429.2,5448.46,10,12.903
2023-12-06 16:00:00,5459.0,5475.27,9,12.051
2023-12-07 16:00:00,5484.2,5484.68,8,0.399
2023-12-10 16:00:00,5478.4,5473.65,7,-4.525
2023-12-11 16:00:00,5550.2,5560.44,4,16.804
2023-12-12 16:00:00,5558.0,5557.05,3,-2.08
2023-12-13 16:00:00,5514.2,5532.99,37,3.35
2023-12-14 16:00:00,5490.0,5499.37,36,1.727
2023-12-17 16:00:00,5420.2,5436.99,35,3.22
2023-12-18 16:00:00,5379.2,5380.73,32,0.324
2023-12-19 16:00:00,5387.8,5386.0,31,-0.393
2023-12-20 16:00:00,5300.2,5286.45,30,-3.165
2023-12-21 16:00:00,5333.2,5337.38,29,0.986
2023-12-24 16:00:00,5324.8,5301.57,28,-5.712
2023-12-25 16:00:00,5312.8,5312.8,25,0.0
2023-12-26 16:00:00,5277.2,5261.57,24,-4.518
2023-12-27 16:00:00,5277.2,5280.69,23,1.049
2023-12-28 16:00:00,5384.4,5376.98,22,-2.289
2024-01-01 16:00:00,5434.0,5431.48,18,-0.941
2024-01-02 16:00:00,5383.0,5398.29,17,6.081
2024-01-03 16:00:00,5382.0,5395.14,16,5.556
2024-01-04 16:00:00,5337.0,5347.07,15,4.583
2024-01-07 16:00:00,5273.0,5268.23,14,-2.361
2024-01-08 16:00:00,5142.0,5176.11,11,21.866
2024-01-09 16:00:00,5140.0,5167.73,10,19.586
2024-01-10 16:00:00,5136.0,5152.36,9,12.877
2024-01-11 16:00:00,5197.6,5213.14,8,13.6
2024-01-14 16:00:00,5168.6,5189.53,7,21.03
2024-01-15 16:00:00,5171.4,5188.37,4,29.846
2024-01-16 16:00:00,5162.2,5180.93,3,43.985
2024-01-17 16:00:00,4965.8,5033.1,33,14.79
2024-01-18 16:00:00,4965.0,5056.48,32,20.636
2024-01-21 16:00:00,4946.0,5008.68,31,14.735
2024-01-22 16:00:00,4658.0,4771.5,28,31.008
2024-01-23 16:00:00,4850.6,4886.2,27,9.849
2024-01-24 16:00:00,4870.0,4931.63,26,17.544
2024-01-25 16:00:00,5044.0,5055.29,25,3.261
2024-01-28 16:00:00,5018.0,5032.11,24,4.264
2024-01-29 16:00:00,4860.4,4898.36,21,13.469
2024-01-30 16:00:00,4748.4,4786.81,20,14.644
2024-01-31 16:00:00,4653.2,4667.91,19,6.054
2024-02-01 16:00:00,4674.8,4686.1,18,4.89
2024-02-04 16:00:00,4473.2,4527.71,17,25.849
2024-02-05 16:00:00,4360.0,4411.3,14,30.319
2024-02-06 16:00:00,4805.0,4813.95,38,1.786
2024-02-07 16:00:00,5181.4,5131.8,37,-9.535
2024-02-18 16:00:00,5201.2,5225.14,28,5.973
2024-02-19 16:00:00,5067.8,5107.57,25,11.368
2024-02-20 16:00:00,5067.8,5101.41,24,10.02
2024-02-21 16:00:00,5117.0,5133.55,23,5.116
2024-02-22 16:00:00,5182.2,5190.65,22,2.701
2024-02-25 16:00:00,5179.0,5194.74,21,5.266
2024-02-26 16:00:00,5162.2,5174.82,18,4.945
2024-02-27 16:00:00,5319.6,5311.43,17,-3.303
2024-02-28 16:00:00,5175.0,5154.15,16,-9.228
2024-02-29 16:00:00,5343.2,5350.86,15,3.483
2024-03-03 16:00:00,5391.4,5386.94,14,-2.159
2024-03-04 16:00:00,5351.0,5358.22,11,4.471
2024-03-05 16:00:00,5321.0,5332.83,10,8.097
2024-03-06 16:00:00,5351.0,5354.33,9,2.522
2024-03-07 16:00:00,5294.2,5282.41,8,-10.183
2024-03-10 16:00:00,5338.8,5342.18,7,3.299
2024-03-11 16:00:00,5462.6,5445.88,4,-28.016
2024-03-12 16:00:00,5441.0,5430.04,3,-24.557
2024-03-13 16:00:00,5396.8,5415.15,37,3.343
2024-03-14 16:00:00,5370.0,5380.02,36,1.888
2024-03-17 16:00:00,5466.0,5472.31,35,1.202
2024-03-18 16:00:00,5516.8,5514.55,32,-0.465
2024-03-19 16:00:00,5470.6,5469.61,31,-0.213
2024-03-20 16:00:00,5500.0,5505.7,30,1.26
2024-03-21 16:00:00,5448.0,5454.41,29,1.479
2024-03-24 16:00:00,5353.4,5369.78,28,3.976
2024-03-25 16:00:00,5299.8,5291.52,25,-2.285
2024-03-26 16:00:00,5265.0,5280.73,24,4.53
2024-03-27 16:00:00,5170.0,5156.48,23,-4.161
2024-03-28 16:00:00,5214.4,5220.55,22,1.954
2024-03-31 16:00:00,5318.0,5309.83,21,-2.674
2024-04-01 16:00:00,5392.8,5395.48,18,1.007
2024-04-02 16:00:00,5372.4,5373.5,17,0.44
2024-04-07 16:00:00,5360.0,5358.96,14,-0.506
2024-04-08 16:00:00,5292.2,5294.47,11,1.423
2024-04-09 16:00:00,5327.4,5335.73,10,5.698
2024-04-10 16:00:00,5244.0,5244.05,9,0.039
2024-04-11 16:00:00,5313.0,5307.72,8,-4.539
2024-04-14 16:00:00,5268.6,5270.04,7,1.425
2024-04-15 16:00:00,5325.6,5309.1,4,-28.359
2024-04-16 16:00:00,5245.2,5211.25,3,-79.263
2024-04-17 16:00:00,5311.0,5317.8,30,1.556
2024-04-18 16:00:00,5324.8,5322.36,29,-0.577
2024-04-21 16:00:00,5271.0,5289.41,28,4.537
2024-04-22 16:00:00,5255.8,5257.77,25,0.547
2024-04-23 16:00:00,5210.0,5210.18,24,0.053
2024-04-24 16:00:00,5230.0,5240.48,23,3.174
2024-04-25 16:00:00,5262.0,5258.38,22,-1.142
2024-04-28 16:00:00,5395.0,5371.21,21,-7.698
2024-04-29 16:00:00,5489.8,5471.17,18,-6.905
2024-05-05 16:00:00,5528.6,5498.44,14,-14.301
2024-05-06 16:00:00,5528.0,5532.32,11,2.591
2024-05-07 16:00:00,5507.0,5516.45,10,6.253
2024-05-08 16:00:00,5467.8,5461.36,9,-4.782
2024-05-09 16:00:00,5558.6,5562.19,8,2.945
2024-05-12 16:00:00,5483.6,5503.13,7,18.505
2024-05-13 16:00:00,5518.0,5508.47,4,-15.787
2024-05-14 16:00:00,5483.0,5495.56,3,27.807
2024-05-15 16:00:00,5431.0,5461.11,37,5.439
2024-05-16 16:00:00,5386.4,5418.66,36,6.036
2024-05-19 16:00:00,5472.0,5496.79,35,4.703
2024-05-20 16:00:00,5466.0,5511.48,32,9.412
2024-05-21 16:00:00,5440.0,5472.01,31,6.888
2024-05-22 16:00:00,5405.8,5448.94,30,9.633
2024-05-23 16:00:00,5320.0,5348.51,29,6.709
2024-05-26 16:00:00,5292.6,5325.85,28,8.138
2024-05-27 16:00:00,5312.8,5363.33,25,13.755
2024-05-28 16:00:00,5284.2,5308.59,24,6.987
2024-05-29 16:00:00,5279.4,5316.4,23,11.045
2024-05-30 16:00:00,5317.4,5310.72,22,-2.087
2024-06-02 16:00:00,5280.2,5300.79,21,6.751
2024-06-03 16:00:00,5229.0,5263.23,18,13.188
2024-06-04 16:00:00,5300.2,5328.87,17,11.551
2024-06-05 16:00:00,5279.0,5291.52,16,5.398
2024-06-06 16:00:00,5240.0,5247.15,15,3.316
2024-06-10 16:00:00,5155.0,5182.41,11,17.55
2024-06-11 16:00:00,5190.0,5209.13,10,13.404
2024-06-12 16:00:00,5218.2,5231.91,9,10.627
2024-06-13 16:00:00,5177.4,5180.29,8,2.545
2024-06-16 16:00:00,5193.0,5189.28,7,-3.738
2024-06-17 16:00:00,5206.0,5207.98,4,3.469
2024-06-18 16:00:00,5237.0,5235.48,3,-3.532
2024-06-19 16:00:00,5134.6,5162.16,30,6.496
2024-06-20 16:00:00,5049.0,5079.92,29,7.661
2024-06-23 16:00:00,5040.0,5072.8,28,8.429
2024-06-24 16:00:00,4978.2,4989.07,25,3.181
2024-06-25 16:00:00,4922.0,4942.17,24,6.207
2024-06-26 16:00:00,4979.0,4998.99,23,6.346
2024-06-27 16:00:00,4900.6,4914.67,22,4.75
2024-06-30 16:00:00,4921.2,4943.79,21,7.942
2024-07-01 16:00:00,4965.0,5000.58,18,14.428
2024-07-02 16:00:00,4923.2,4945.4,17,9.638
2024-07-03 16:00:00,4894.4,4917.44,16,10.688
2024-07-04 16:00:00,4807.0,4828.86,15,11.016
2024-07-07 16:00:00,4837.0,4857.02,14,10.746
2024-07-08 16:00:00,4758.0,4775.31,11,12.028
2024-07-09 16:00:00,4850.0,4857.48,10,5.621
2024-07-10 16:00:00,4887.6,4902.81,9,12.582
2024-07-11 16:00:00,4920.0,4926.98,8,6.464
2024-07-14 16:00:00,4895.0,4903.52,7,9.06
2024-07-15 16:00:00,4861.2,4877.6,4,30.681
2024-07-16 16:00:00,4880.0,4893.41,3,33.342
2024-07-17 16:00:00,4802.0,4822.13,30,5.079
2024-07-18 16:00:00,4830.0,4853.04,29,5.975
2024-07-21 16:00:00,4857.0,4872.64,28,4.184
2024-07-22 16:00:00,4845.0,4862.97,25,5.395
2024-07-23 16:00:00,4691.2,4712.29,24,6.807
2024-07-24 16:00:00,4616.2,4644.42,23,9.643
2024-07-25 16:00:00,4652.4,4670.45,22,6.412
2024-07-28 16:00:00,4718.0,4740.5,21,8.25
2024-07-29 16:00:00,4666.0,4694.52,18,12.319
2024-07-30 16:00:00,4676.0,4694.73,17,8.566
2024-07-31 16:00:00,4893.6,4893.87,16,0.126
2024-08-01 16:00:00,4805.2,4816.94,15,5.931
2024-08-04 16:00:00,4753.0,4756.08,14,1.688
2024-08-05 16:00:00,4759.6,4740.45,11,-13.404
2024-08-06 16:00:00,4730.0,4747.98,10,13.822
2024-08-07 16:00:00,4727.0,4737.09,9,8.638
2024-08-08 16:00:00,4783.8,4778.26,8,-5.29
2024-08-11 16:00:00,4705.0,4716.96,7,13.221
2024-08-12 16:00:00,4719.0,4713.96,4,-9.756
2024-08-13 16:00:00,4726.2,4729.81,3,9.286
2024-08-14 16:00:00,4618.0,4656.69,37,8.196
2024-08-15 16:00:00,4676.8,4703.6,36,5.777
2024-08-18 16:00:00,4640.4,4666.33,35,5.795
2024-08-19 16:00:00,4668.0,4684.29,32,3.967
2024-08-20 16:00:00,4569.2,4589.09,31,5.103
2024-08-21 16:00:00,4581.0,4589.5,30,2.253
2024-08-22 16:00:00,4515.6,4523.99,29,2.334
2024-08-25 16:00:00,4535.0,4542.86,28,2.255
2024-08-26 16:00:00,4517.8,4532.49,25,4.732
2024-08-27 16:00:00,4475.4,4486.43,24,3.739
2024-08-28 16:00:00,4468.0,4483.55,23,5.504
2024-08-29 16:00:00,4547.4,4557.5,22,3.677
2024-09-01 16:00:00,4623.0,4631.9,21,3.34
2024-09-02 16:00:00,4541.0,4543.22,18,0.991
2024-09-03 16:00:00,4555.0,4567.69,17,5.965
2024-09-04 16:00:00,4581.0,4585.17,16,2.075
2024-09-05 16:00:00,4604.8,4609.34,15,2.397
2024-09-08 16:00:00,4514.0,4517.57,14,2.06
2024-09-09 16:00:00,4505.0,4509.32,11,3.179
2024-09-10 16:00:00,4484.4,4490.19,10,4.707
2024-09-11 16:00:00,4524.8,4518.99,9,-5.214
2024-09-12 16:00:00,4505.0,4500.39,8,-4.674
2024-09-17 16:00:00,4451.2,4450.09,3,-3.035
2024-09-18 16:00:00,4448.6,4481.46,30,8.921
2024-09-19 16:00:00,4498.0,4514.96,29,4.728
2024-09-22 16:00:00,4469.0,4495.78,28,7.765
2024-09-23 16:00:00,4531.8,4524.22,25,-2.446
2024-09-24 16:00:00,4756.8,4743.63,24,-4.222
2024-09-25 16:00:00,4731.6,4726.0,23,-1.88
2024-09-26 16:00:00,5099.0,5027.26,22,-23.676
2024-09-29 16:00:00,5636.6,5449.79,21,-59.579
2024-10-07 16:00:00,6483.0,6417.81,11,-33.705
2024-10-08 16:00:00,6008.0,6013.7,10,3.46
2024-10-09 16:00:00,5854.0,5768.61,9,-60.032
2024-10-10 16:00:00,5681.0,5650.05,8,-24.993
2024-10-13 16:00:00,5534.2,5503.65,7,-28.944
2024-10-14 16:00:00,5568.8,5578.26,4,15.475
2024-10-15 16:00:00,5411.6,5393.67,3,-40.445
2024-10-16 16:00:00,5494.2,5499.77,30,1.232
2024-10-17 16:00:00,5423.0,5416.03,29,-1.62
2024-10-20 16:00:00,5657.0,5680.56,28,5.407
2024-10-21 16:00:00,5682.4,5703.32,25,5.355
2024-10-22 16:00:00,5729.2,5745.11,59,1.713
2024-10-23 16:00:00,5731.6,5747.56,58,1.747
2024-10-24 16:00:00,5724.8,5735.29,57,1.171
2024-10-27 16:00:00,5802.4,5816.33,56,1.561
2024-10-28 16:00:00,5881.0,5903.31,53,2.603
2024-10-29 16:00:00,5791.0,5793.83,52,0.343
2024-10-30 16:00:00,5821.0,5839.98,51,2.326
2024-10-31 16:00:00,5851.0,5893.32,50,5.242
2024-11-03 16:00:00,5838.0,5835.39,49,-0.333
2024-11-04 16:00:00,5907.6,5925.87,46,2.446
2024-11-05 16:00:00,6100.0,6134.92,45,4.617
2024-11-06 16:00:00,6066.0,6061.73,44,-0.584
2024-11-07 16:00:00,6267.6,6306.8,43,5.276
2024-11-10 16:00:00,6148.8,6211.03,42,8.707
2024-11-11 16:00:00,6249.8,6349.23,39,14.656
2024-11-12 16:00:00,6150.8,6234.16,38,12.844
2024-11-13 16:00:00,6170.0,6240.61,37,11.162
2024-11-14 16:00:00,6065.6,6055.54,36,-1.684
2024-11-17 16:00:00,5945.0,5940.49,35,-0.792
2024-11-18 16:00:00,5836.8,5836.61,32,-0.037
2024-11-19 16:00:00,5877.6,5920.32,31,8.496
2024-11-20 16:00:00,5932.0,5973.15,30,8.382
2024-11-21 16:00:00,5928.0,5969.08,29,8.662
2024-11-24 16:00:00,5732.4,5754.55,28,5.018
2024-11-25 16:00:00,5670.4,5727.37,25,14.523
2024-11-26 16:00:00,5642.0,5669.55,24,7.39
2024-11-27 16:00:00,5756.8,5802.8,23,12.58
2024-11-28 16:00:00,5730.0,5748.17,22,5.244
2024-12-01 16:00:00,5828.8,5853.71,21,7.396
2024-12-02 16:00:00,5915.4,5946.74,18,10.687
2024-12-03 16:00:00,5893.8,5929.48,17,12.92
2024-12-04 16:00:00,5844.6,5855.74,16,4.34
2024-12-05 16:00:00,5880.8,5903.5,15,9.357
2024-12-08 16:00:00,5960.0,5983.33,14,10.166
2024-12-09 16:00:00,6130.4,6132.29,11,1.023
2024-12-10 16:00:00,5998.8,5973.33,10,-15.563
2024-12-11 16:00:00,6038.0,6048.78,9,7.228
2024-12-12 16:00:00,6050.0,6065.95,8,11.997
2024-12-15 16:00:00,6002.2,5983.16,7,-16.593
2024-12-16 16:00:00,5901.4,5896.97,4,-6.855
2024-12-17 16:00:00,5880.6,5861.26,3,-40.146
2024-12-18 16:00:00,5766.6,5829.26,93,4.219
2024-12-19 16:00:00,5873.2,5889.95,29,3.579
2024-12-22 16:00:00,5899.2,5917.69,28,4.073
2024-12-23 16:00:00,5815.6,5827.16,25,2.896
2024-12-24 16:00:00,5871.2,5896.43,24,6.507
2024-12-25 16:00:00,5824.6,5830.72,23,1.666
2024-12-26 16:00:00,5879.2,5892.69,22,3.798
2024-12-29 16:00:00,5887.2,5890.46,21,0.962
2024-12-30 16:00:00,5897.0,5902.03,18,1.728
2025-01-01 16:00:00,5695.8,5717.92,16,8.825
2025-01-02 16:00:00,5548.0,5552.75,15,2.082
2025-01-05 16:00:00,5422.0,5421.07,14,-0.447
2025-01-06 16:00:00,5419.0,5429.17,11,6.216
2025-01-07 16:00:00,5456.4,5462.32,10,3.956
2025-01-08 16:00:00,5436.0,5437.81,9,1.35
2025-01-09 16:00:00,5435.8,5449.0,8,11.052
2025-01-12 16:00:00,5324.2,5319.7,7,-4.411
2025-01-13 16:00:00,5398.0,5393.76,4,-7.173
2025-01-14 16:00:00,5563.6,5559.58,3,-8.797
2025-01-15 16:00:00,5508.0,5546.7,65,3.918
2025-01-16 16:00:00,5477.6,5524.21,64,4.812
2025-01-19 16:00:00,5598.0,5621.92,63,2.465
2025-01-20 16:00:00,5616.0,5639.6,60,2.546
2025-01-21 16:00:00,5583.0,5606.85,59,2.632
2025-01-22 16:00:00,5632.4,5659.37,58,2.999
2025-01-23 16:00:00,5543.4,5570.48,57,3.113
2025-01-26 16:00:00,5647.0,5660.48,56,1.552
2025-02-04 16:00:00,5608.0,5643.17,45,5.055
2025-02-05 16:00:00,5566.6,5606.87,44,5.958
2025-02-06 16:00:00,5712.8,5750.29,43,5.534
2025-02-09 16:00:00,5831.4,5858.24,42,3.982
2025-02-10 16:00:00,5848.6,5890.37,39,6.637
2025-02-11 16:00:00,5813.8,5841.36,38,4.532
2025-02-12 16:00:00,5894.4,5938.2,37,7.276
2025-02-13 16:00:00,5882.8,5893.93,36,1.915
2025-02-16 16:00:00,5958.0,5979.84,35,3.809
2025-02-17 16:00:00,5900.0,5935.5,32,6.822
2025-02-18 16:00:00,5822.4,5834.95,31,2.532
2025-02-19 16:00:00,5899.0,5941.6,30,8.723
2025-02-20 16:00:00,5933.4,5969.65,29,7.643
2025-02-23 16:00:00,6025.0,6057.38,28,6.968
2025-02-24 16:00:00,5941.2,5967.04,25,6.322
2025-02-25 16:00:00,5962.4,5990.29,24,7.081
2025-02-26 16:00:00,5991.0,6050.19,23,15.525
2025-02-27 16:00:00,5961.8,5997.92,22,9.991
2025-03-02 16:00:00,5854.0,5875.95,21,6.493
2025-03-03 16:00:00,5811.6,5845.47,18,11.749
2025-03-04 16:00:00,5896.0,5937.11,17,14.867
2025-03-05 16:00:00,5948.0,5980.38,16,12.352
2025-03-06 16:00:00,6006.2,6029.38,15,9.355
2025-03-09 16:00:00,5987.0,6022.68,14,15.445
2025-03-10 16:00:00,5909.6,5944.42,11,19.437
2025-03-11 16:00:00,6033.0,6068.38,10,21.28
2025-03-12 16:00:00,6013.4,6032.85,9,13.075
2025-03-13 16:00:00,5970.4,5993.97,8,17.941
2025-03-16 16:00:00,6108.8,6119.61,7,9.211
2025-03-17 16:00:00,6105.0,6126.04,4,31.34
2025-03-18 16:00:00,6099.8,6117.42,3,35.044
2025-03-19 16:00:00,6048.8,6094.84,30,9.191
2025-03-20 16:00:00,5999.0,6038.99,29,8.335
2025-03-23 16:00:00,5915.2,5973.05,28,12.625
2025-03-24 16:00:00,5901.0,5969.42,25,16.734
2025-03-25 16:00:00,5894.4,5935.85,24,10.62
2025-03-26 16:00:00,5893.0,5932.52,23,10.572
2025-03-27 16:00:00,5920.2,5954.73,22,9.621
2025-03-30 16:00:00,5848.0,5886.96,21,11.503
2025-03-31 16:00:00,5835.0,5870.94,18,12.413
2025-04-01 16:00:00,5850.6,5884.89,17,12.51
2025-04-02 16:00:00,5826.0,5842.62,16,6.489
2025-04-06 16:00:00,5640.0,5523.96,14,-54.767
2025-04-07 16:00:00,5300.8,5279.76,11,-13.223
2025-04-08 16:00:00,5192.0,5249.68,10,40.104
2025-04-09 16:00:00,5500.0,5534.56,9,25.325
2025-04-10 16:00:00,5501.8,5514.19,8,10.252
2025-04-13 16:00:00,5610.6,5633.78,7,21.454
2025-04-14 16:00:00,5588.8,5625.0,4,58.724
2025-04-15 16:00:00,5568.4,5589.78,3,46.536
2025-04-16 16:00:00,5351.0,5527.59,65,17.939
2025-04-17 16:00:00,5402.2,5546.97,64,14.885
2025-04-20 16:00:00,5395.0,5556.51,63,16.84
2025-04-21 16:00:00,5498.0,5634.89,60,14.778
2025-04-22 16:00:00,5530.0,5647.91,59,12.915
2025-04-23 16:00:00,5493.8,5633.02,58,15.553
2025-04-24 16:00:00,5495.0,5613.14,57,13.477
2025-04-27 16:00:00,5495.0,5624.42,56,14.998
2025-04-28 16:00:00,5460.0,5583.72,53,15.259
2025-04-29 16:00:00,5493.6,5604.65,52,13.908
2025-05-05 16:00:00,5538.0,5668.88,46,18.319
2025-05-06 16:00:00,5708.0,5805.66,45,13.644
2025-05-07 16:00:00,5610.0,5731.72,44,17.616
2025-05-08 16:00:00,5656.8,5770.44,43,16.717
2025-05-11 16:00:00,5659.0,5751.44,42,13.968
2025-05-12 16:00:00,5708.0,5838.03,39,20.845
2025-05-13 16:00:00,5664.0,5778.08,38,18.964
2025-05-14 16:00:00,5685.0,5786.78,37,17.351
2025-05-15 16:00:00,5616.0,5703.74,36,15.597
2025-05-18 16:00:00,5600.0,5719.44,35,21.778
2025-05-19 16:00:00,5631.4,5723.51,32,18.356
2025-05-20 16:00:00,5640.0,5741.69,31,20.853
2025-05-21 16:00:00,5648.4,5739.19,30,19.247
2025-05-22 16:00:00,5612.0,5697.14,29,18.809
2025-05-25 16:00:00,5569.6,5653.21,28,19.28
2025-05-26 16:00:00,5591.0,5666.3,25,19.402
2025-05-27 16:00:00,5588.4,5651.88,24,17.081
2025-05-28 16:00:00,5582.0,5637.06,23,15.501
2025-05-29 16:00:00,5641.0,5704.77,22,18.546
2025-06-02 16:00:00,5616.4,5653.67,18,13.367
2025-06-03 16:00:00,5643.8,5696.57,17,19.889
2025-06-04 16:00:00,5691.2,5741.03,16,19.8
2025-06-05 16:00:00,5725.2,5768.4,15,18.223
2025-06-08 16:00:00,5740.0,5772.78,14,14.804
2025-06-09 16:00:00,5767.8,5809.83,11,24.005
2025-06-10 16:00:00,5734.0,5758.53,10,15.548
2025-06-11 16:00:00,5751.0,5780.97,9,21.025
2025-06-12 16:00:00,5766.6,5783.16,8,13.065
2025-06-15 16:00:00,5722.8,5725.0,7,2.004
2025-06-16 16:00:00,5760.2,5772.3,4,19.128
2025-06-17 16:00:00,5742.2,5740.16,3,-4.324
2025-06-18 16:00:00,5553.2,5733.81,93,12.363
2025-06-19 16:00:00,5510.0,5669.09,92,11.134
2025-06-22 16:00:00,5462.6,5613.28,91,10.767
2025-06-23 16:00:00,5537.6,5683.46,88,10.645
2025-06-24 16:00:00,5640.0,5777.74,87,10.002
2025-06-25 16:00:00,5750.0,5868.29,86,8.555
2025-06-26 16:00:00,5748.0,5850.43,85,7.518
2025-06-29 16:00:00,5770.0,5877.67,84,7.96
2025-06-30 16:00:00,5760.0,5915.8,81,11.868
2025-07-01 16:00:00,5752.2,5922.54,80,13.122
2025-07-02 16:00:00,5769.0,5896.24,79,9.97
2025-07-03 16:00:00,5763.0,5917.75,78,12.237
2025-07-06 16:00:00,5755.0,5901.4,77,11.759
2025-07-07 16:00:00,5750.4,5903.1,74,12.759
2025-07-08 16:00:00,5853.6,5980.65,73,10.622
2025-07-09 16:00:00,5830.4,5950.97,72,10.271
2025-07-10 16:00:00,5854.0,5985.82,71,11.321
2025-07-13 16:00:00,5920.8,6033.18,70,9.713
2025-07-14 16:00:00,5900.4,6018.63,67,10.702
2025-07-15 16:00:00,5899.8,6019.58,66,11.004
2025-07-16 16:00:00,5899.8,6013.71,65,10.637
2025-07-17 16:00:00,5990.4,6092.23,64,9.533
2025-07-20 16:00:00,6036.0,6115.03,63,7.488
2025-07-21 16:00:00,6064.0,6166.62,60,10.123
2025-07-22 16:00:00,6137.6,6218.21,59,8.02
2025-07-23 16:00:00,6117.8,6197.85,58,8.128
2025-07-24 16:00:00,6226.0,6297.63,57,7.283
2025-07-27 16:00:00,6219.8,6305.22,56,8.83
2025-07-28 16:00:00,6211.0,6308.12,53,10.603
2025-07-29 16:00:00,6253.0,6345.37,52,10.218
2025-07-30 16:00:00,6198.0,6297.91,51,11.354
2025-07-31 16:00:00,6127.2,6221.05,50,11.013
2025-08-03 16:00:00,6089.0,6190.34,49,12.194
2025-08-04 16:00:00,6181.0,6277.01,46,12.137
2025-08-05 16:00:00,6196.0,6298.93,45,13.254
2025-08-06 16:00:00,6262.4,6356.33,44,12.259
2025-08-07 16:00:00,6219.2,6324.17,43,14.089
2025-08-10 16:00:00,6250.0,6335.43,42,11.719
2025-08-11 16:00:00,6303.2,6392.4,39,13.06
2025-08-12 16:00:00,6356.8,6422.79,38,9.869
2025-08-13 16:00:00,6466.0,6509.21,37,6.549
2025-08-14 16:00:00,6366.0,6417.39,36,8.119
2025-08-17 16:00:00,6555.6,6612.99,35,9.05
2025-08-18 16:00:00,6608.0,6663.16,32,9.442
2025-08-19 16:00:00,6567.8,6623.61,31,9.921
2025-08-20 16:00:00,6703.0,6739.69,30,6.623
2025-08-21 16:00:00,6666.0,6704.03,29,7.14
2025-08-24 16:00:00,6845.6,6886.27,28,7.699
2025-08-25 16:00:00,6888.0,6928.29,25,8.49
2025-08-26 16:00:00,6930.0,6964.77,24,7.592
2025-08-27 16:00:00,6849.0,6858.5,23,2.198
2025-08-28 16:00:00,6965.8,7030.27,22,15.214
2025-08-31 16:00:00,7034.0,7087.73,21,13.176
2025-09-01 16:00:00,7025.0,7108.94,18,23.943
2025-09-02 16:00:00,6934.4,6988.02,17,16.475
2025-09-03 16:00:00,6816.8,6884.36,16,22.387
2025-09-04 16:00:00,6666.0,6709.15,15,15.65
2025-09-07 16:00:00,6906.8,6927.41,14,7.757
2025-09-08 16:00:00,6899.0,6959.94,11,29.053
2025-09-09 16:00:00,6881.2,6911.11,10,15.797
2025-09-10 16:00:00,6861.0,6924.3,9,37.075
2025-09-11 16:00:00,7112.0,7115.61,8,2.315
2025-09-14 16:00:00,7162.8,7170.41,7,5.534
2025-09-15 16:00:00,7142.2,7152.19,4,12.746
2025-09-16 16:00:00,7152.2,7184.26,3,54.294
2025-09-17 16:00:00,7071.0,7248.28,93,9.599
2025-09-18 16:00:00,6996.0,7200.69,92,11.278
2025-09-21 16:00:00,7009.0,7182.89,91,9.71
2025-09-22 16:00:00,7035.0,7240.85,88,11.792
2025-09-23 16:00:00,6910.0,7140.31,87,13.532
2025-09-24 16:00:00,7143.0,7325.66,86,10.583
2025-09-25 16:00:00,7142.6,7311.84,85,9.939
2025-09-28 16:00:00,7092.0,7251.52,84,9.559
2025-09-29 16:00:00,7250.0,7372.52,81,7.489
2025-10-08 16:00:00,7345.0,7470.05,72,8.486
2025-10-09 16:00:00,7393.4,7499.39,71,7.266
2025-10-12 16:00:00,7099.8,7135.1,70,2.58
2025-10-13 16:00:00,7264.0,7434.11,67,12.466
2025-10-14 16:00:00,7060.6,7205.74,66,11.139
2025-10-15 16:00:00,7122.0,7269.26,65,11.376
2025-10-16 16:00:00,7061.0,7226.42,64,13.055
2025-10-19 16:00:00,6968.0,7092.88,63,10.201
2025-10-20 16:00:00,6948.6,7095.62,60,12.605
2025-10-21 16:00:00,7021.6,7135.21,59,9.85
2025-10-22 16:00:00,6994.0,7108.85,58,10.167
2025-10-23 16:00:00,7080.0,7175.92,57,8.56
2025-10-26 16:00:00,7228.8,7336.2,56,9.542
2025-10-27 16:00:00,7238.8,7344.45,53,9.907
2025-10-28 16:00:00,7260.4,7350.76,52,8.628
2025-10-29 16:00:00,7369.6,7462.43,51,8.903
2025-10-30 16:00:00,7321.8,7385.74,50,6.32
2025-11-02 16:00:00,7243.4,7327.12,49,8.511
2025-11-03 16:00:00,7226.2,7315.19,46,9.653
2025-11-04 16:00:00,7033.6,7098.96,45,7.468
2025-11-05 16:00:00,7130.0,7243.2,44,12.965
2025-11-06 16:00:00,7211.8,7307.3,43,11.094
2025-11-09 16:00:00,7263.0,7357.34,42,11.143
2025-11-10 16:00:00,7280.0,7364.93,39,10.792
2025-11-11 16:00:00,7166.0,7264.79,38,13.062
2025-11-12 16:00:00,7140.4,7243.64,37,14.06
2025-11-13 16:00:00,7218.0,7283.7,36,9.145
2025-11-16 16:00:00,7165.2,7248.92,35,12.044
2025-11-17 16:00:00,7110.0,7215.03,32,16.604
2025-11-18 16:00:00,7084.2,7141.26,31,9.408
2025-11-19 16:00:00,7118.0,7174.1,30,9.514
2025-11-20 16:00:00,6949.0,6955.75,29,1.221
2025-11-23 16:00:00,6803.2,6856.75,28,10.181
2025-11-24 16:00:00,6876.0,6915.12,25,8.259
2025-11-25 16:00:00,6912.8,6946.08,24,7.287
2025-11-26 16:00:00,6916.6,6970.73,23,12.323
2025-11-27 16:00:00,6902.0,6947.24,22,10.804
2025-11-30 16:00:00,6997.8,7053.85,21,13.811
2025-12-01 16:00:00,7024.0,7084.8,18,17.402
2025-12-02 16:00:00,6988.2,7044.86,17,17.268
2025-12-03 16:00:00,6970.2,7001.64,16,10.244
2025-12-04 16:00:00,6978.0,7008.65,15,10.641
2025-12-07 16:00:00,7110.0,7119.05,14,3.314
2025-12-08 16:00:00,7130.0,7150.97,11,9.73
2025-12-09 16:00:00,7084.0,7111.57,10,14.15
2025-12-10 16:00:00,7141.2,7171.21,9,16.972
2025-12-11 16:00:00,7100.6,7088.1,8,-8.046
2025-12-14 16:00:00,7130.2,7121.38,7,-6.458
2025-12-15 16:00:00,7100.0,7101.67,4,2.146
2025-12-16 16:00:00,7013.8,7002.51,3,-19.616
2025-12-17 16:00:00,6954.0,7096.98,93,7.907
2025-12-18 16:00:00,7003.0,7124.4,92,6.76
2025-12-21 16:00:00,7101.2,7205.49,91,5.805
2025-12-22 16:00:00,7129.6,7257.91,88,7.333
2025-12-23 16:00:00,7143.0,7257.61,87,6.625
2025-12-24 16:00:00,7238.2,7341.92,86,5.996
2025-12-25 16:00:00,7335.0,7422.6,85,5.068
2025-12-28 16:00:00,7390.8,7467.5,84,4.463
2025-12-29 16:00:00,7317.2,7390.14,81,4.448
2025-12-30 16:00:00,7394.0,7473.75,80,4.868
2026-01-04 16:00:00,7424.6,7523.88,77,6.255
2026-01-05 16:00:00,7628.0,7663.94,74,2.313
2026-01-06 16:00:00,7805.0,7838.91,73,2.163
2026-01-07 16:00:00,7786.0,7853.21,72,4.339
2026-01-08 16:00:00,7825.0,7907.85,71,5.386
2026-01-11 16:00:00,8101.8,8141.63,70,2.551
2026-01-12 16:00:00,8260.6,8270.42,67,0.647
2026-01-13 16:00:00,8167.8,8165.35,66,-0.166
2026-01-14 16:00:00,8129.8,8170.35,65,2.787
2026-01-15 16:00:00,8273.0,8241.69,64,-2.167
2026-01-18 16:00:00,8189.4,8199.5,63,0.714
2026-01-19 16:00:00,8289.4,8307.64,60,1.336
2026-01-20 16:00:00,8216.8,8196.56,59,-1.528
2026-01-21 16:00:00,8405.0,8355.68,58,-3.715
2026-01-22 16:00:00,8442.2,8422.36,57,-1.508
2026-01-25 16:00:00,8694.8,8624.89,56,-5.283
2026-01-26 16:00:00,8460.8,8464.65,53,0.313
2026-01-27 16:00:00,8572.2,8565.34,52,-0.562
2026-01-28 16:00:00,8613.2,8584.68,51,-2.378
2026-01-29 16:00:00,8470.2,8439.65,50,-2.642
2026-02-01 16:00:00,8268.2,8279.72,49,1.036
2026-02-02 16:00:00,8117.0,8135.87,46,1.84
2026-02-03 16:00:00,8250.2,8270.84,45,2.024
2026-02-04 16:00:00,8221.0,8203.06,44,-1.814
2026-02-05 16:00:00,8000.0,8054.22,43,5.714
2026-02-08 16:00:00,8261.2,8280.11,42,1.985
2026-02-09 16:00:00,8318.0,8318.53,39,0.06
2026-02-10 16:00:00,8290.0,8295.33,38,0.617
2026-02-11 16:00:00,8348.4,8342.36,37,-0.714
2026-02-12 16:00:00,8392.4,8366.33,36,-3.159
2026-02-23 16:00:00,8370.0,8403.31,25,5.787
2026-02-24 16:00:00,8411.0,8412.08,24,0.195
2026-02-25 16:00:00,8558.2,8542.83,23,-2.855
2026-02-26 16:00:00,8492.4,8499.8,22,1.444
2026-03-01 16:00:00,8600.0,8585.85,21,-2.864
2026-03-02 16:00:00,8641.8,8651.06,18,2.171
2026-03-03 16:00:00,8240.0,8167.98,17,-18.931
2026-03-04 16:00:00,8343.2,8383.55,16,10.98
2026-03-05 16:00:00,8241.2,8273.18,15,9.406
2026-03-08 16:00:00,8190.0,8234.19,14,13.992
2026-03-09 16:00:00,8351.4,8341.14,11,-4.082
2026-03-10 16:00:00,8401.2,8419.31,10,7.851
2026-03-11 16:00:00,8350.0,8396.72,9,22.565
2026-03-12 16:00:00,8277.0,8317.78,8,22.369
2026-03-15 16:00:00,8215.8,8227.69,7,7.535
2026-03-16 16:00:00,8202.6,8199.99,4,-2.904
2026-03-17 16:00:00,8050.8,8044.92,3,-8.893
2026-03-18 16:00:00,7765.6,7975.85,96,10.023
2026-03-19 16:00:00,7730.0,7913.49,95,8.909
2026-03-22 16:00:00,7459.6,7623.24,94,8.335
2026-03-23 16:00:00,7316.0,7555.08,91,12.693
2026-03-24 16:00:00,7497.0,7660.4,90,8.651
2026-03-25 16:00:00,7512.6,7757.02,89,12.922
2026-03-26 16:00:00,7356.0,7539.2,88,10.079
2026-03-29 16:00:00,7470.2,7655.15,87,10.136
2026-03-30 16:00:00,7568.2,7740.58,84,9.677
2026-03-31 16:00:00,7585.2,7764.34,83,10.146
2026-04-01 16:00:00,7520.0,7726.45,82,11.894
2026-04-02 16:00:00,7458.6,7636.66,81,10.507
2026-04-06 16:00:00,7383.0,7562.14,77,11.229
2026-04-07 16:00:00,7615.8,7741.63,76,7.806
2026-04-08 16:00:00,7749.8,7865.21,75,7.141
2026-04-09 16:00:00,7826.2,7958.81,74,8.218
2026-04-12 16:00:00,7797.0,7917.92,73,7.636
2026-04-13 16:00:00,7907.2,8039.07,70,8.553
2026-04-14 16:00:00,7994.6,8144.81,69,9.756
2026-04-15 16:00:00,7947.0,8068.15,68,8.06
2026-04-16 16:00:00,8036.6,8155.4,67,7.936
